ds,trend,yhat_lower,yhat_upper,trend_lower,trend_upper,additive_terms,additive_terms_lower,additive_terms_upper,yearly,yearly_lower,yearly_upper,multiplicative_terms,multiplicative_terms_lower,multiplicative_terms_upper,yhat
1915-01-01,1.0735724381660001,-249.96207320599504,294.0667489665053,1.0735724381660001,1.0735724381660001,19.190294968219355,19.190294968219355,19.190294968219355,19.190294968219355,19.190294968219355,19.190294968219355,0.0,0.0,0.0,20.263867406385355
1915-01-02,1.0747642649236857,-236.36841682758228,288.0283622727301,1.0747642649236857,1.0747642649236857,19.96912356589889,19.96912356589889,19.96912356589889,19.96912356589889,19.96912356589889,19.96912356589889,0.0,0.0,0.0,21.043887830822577
1915-01-03,1.0759560916813715,-285.96706583620096,288.75016305984366,1.0759560916813715,1.0759560916813715,19.124320544750656,19.124320544750656,19.124320544750656,19.124320544750656,19.124320544750656,19.124320544750656,0.0,0.0,0.0,20.20027663643203
1915-01-04,1.0771479184390573,-270.9441264566844,289.9223134192391,1.0771479184390573,1.0771479184390573,17.222330876861808,17.222330876861808,17.222330876861808,17.222330876861808,17.222330876861808,17.222330876861808,0.0,0.0,0.0,18.299478795300864
1915-01-05,1.0783397451967431,-274.4023931520594,316.684040129624,1.0783397451967431,1.0783397451967431,14.852235387115249,14.852235387115249,14.852235387115249,14.852235387115249,14.852235387115249,14.852235387115249,0.0,0.0,0.0,15.930575132311992
1915-01-06,1.079531571954429,-276.3943032903486,276.85446675875306,1.079531571954429,1.079531571954429,12.605036560891927,12.605036560891927,12.605036560891927,12.605036560891927,12.605036560891927,12.605036560891927,0.0,0.0,0.0,13.684568132846355
1915-01-07,1.0807233987121148,-247.07255624171,285.3279019392369,1.0807233987121148,1.0807233987121148,11.053067416289934,11.053067416289934,11.053067416289934,11.053067416289934,11.053067416289934,11.053067416289934,0.0,0.0,0.0,12.13379081500205
1915-01-08,1.0819152254698006,-260.5326007733871,296.5357981458512,1.0819152254698006,1.0819152254698006,10.730148037044554,10.730148037044554,10.730148037044554,10.730148037044554,10.730148037044554,10.730148037044554,0.0,0.0,0.0,11.812063262514354
1915-01-09,1.0831070522274864,-273.26424472662376,291.8501311200499,1.0831070522274864,1.0831070522274864,12.11308957774153,12.11308957774153,12.11308957774153,12.11308957774153,12.11308957774153,12.11308957774153,0.0,0.0,0.0,13.196196629969016
1915-01-10,1.0842988789851722,-257.9685915222493,292.5187983116873,1.0842988789851722,1.0842988789851722,15.605103206703214,15.605103206703214,15.605103206703214,15.605103206703214,15.605103206703214,15.605103206703214,0.0,0.0,0.0,16.689402085688386
1915-01-11,1.085490705742858,-263.5463386930377,297.6695464885142,1.085490705742858,1.085490705742858,21.521612830512915,21.521612830512915,21.521612830512915,21.521612830512915,21.521612830512915,21.521612830512915,0.0,0.0,0.0,22.60710353625577
1915-01-12,1.0866825325005438,-227.2328154399144,318.4000087363762,1.0866825325005438,1.0866825325005438,30.07889729877566,30.07889729877566,30.07889729877566,30.07889729877566,30.07889729877566,30.07889729877566,0.0,0.0,0.0,31.165579831276204
1916-01-01,1.508589204721313,-244.40603622820203,291.40672843120564,1.508589204721313,1.508589204721313,18.679315594638727,18.679315594638727,18.679315594638727,18.679315594638727,18.679315594638727,18.679315594638727,0.0,0.0,0.0,20.18790479936004
1916-01-02,1.5097810314789988,-274.6674252793884,296.52456025027266,1.5097810314789988,1.5097810314789988,19.947968976710477,19.947968976710477,19.947968976710477,19.947968976710477,19.947968976710477,19.947968976710477,0.0,0.0,0.0,21.457750008189475
1916-01-03,1.5109728582366846,-270.28419010166454,295.1145800386269,1.5109728582366846,1.5109728582366846,19.45730436182887,19.45730436182887,19.45730436182887,19.45730436182887,19.45730436182887,19.45730436182887,0.0,0.0,0.0,20.968277220065556
1916-01-04,1.5121646849943704,-270.4886695196269,286.5665281348734,1.5121646849943704,1.5121646849943704,17.76491692699313,17.76491692699313,17.76491692699313,17.76491692699313,17.76491692699313,17.76491692699313,0.0,0.0,0.0,19.2770816119875
1916-01-05,1.5133565117520562,-268.0574626448369,305.959705709133,1.5133565117520562,1.5133565117520562,15.456161402635924,15.456161402635924,15.456161402635924,15.456161402635924,15.456161402635924,15.456161402635924,0.0,0.0,0.0,16.969517914387982
1916-01-06,1.514548338509742,-269.70808685120465,299.9471596827053,1.514548338509742,1.514548338509742,13.123505873857528,13.123505873857528,13.123505873857528,13.123505873857528,13.123505873857528,13.123505873857528,0.0,0.0,0.0,14.63805421236727
1916-01-07,1.5157401652674278,-260.07696010648243,321.88491098356167,1.5157401652674278,1.5157401652674278,11.345850760883739,11.345850760883739,11.345850760883739,11.345850760883739,11.345850760883739,11.345850760883739,0.0,0.0,0.0,12.861590926151166
1916-01-08,1.5169319920251136,-271.5083613713644,281.2504031425972,1.5169319920251136,1.5169319920251136,10.668440928748577,10.668440928748577,10.668440928748577,10.668440928748577,10.668440928748577,10.668440928748577,0.0,0.0,0.0,12.185372920773691
1916-01-09,1.5181238187827995,-266.5849571111828,292.48434250332025,1.5181238187827995,1.5181238187827995,11.58397861800219,11.58397861800219,11.58397861800219,11.58397861800219,11.58397861800219,11.58397861800219,0.0,0.0,0.0,13.102102436784989
1916-01-10,1.519315645540485,-261.0450196240712,289.74879152590233,1.519315645540485,1.519315645540485,14.51550683339678,14.51550683339678,14.51550683339678,14.51550683339678,14.51550683339678,14.51550683339678,0.0,0.0,0.0,16.034822478937265
1916-01-11,1.5205074722981708,-271.51469570855824,299.58498219205495,1.5205074722981708,1.5205074722981708,19.801578127137535,19.801578127137535,19.801578127137535,19.801578127137535,19.801578127137535,19.801578127137535,0.0,0.0,0.0,21.322085599435706
1916-01-12,1.5216992990558567,-240.48542363544377,276.7029774609027,1.5216992990558567,1.5216992990558567,27.684154012072337,27.684154012072337,27.684154012072337,27.684154012072337,27.684154012072337,27.684154012072337,0.0,0.0,0.0,29.205853311128195
1917-01-01,1.9447977980343116,-266.0023708138057,305.9962820569843,1.9447977980343116,1.9447977980343116,19.816623079191174,19.816623079191174,19.816623079191174,19.816623079191174,19.816623079191174,19.816623079191174,0.0,0.0,0.0,21.761420877225486
1917-01-02,1.9459896247919974,-232.6586936017786,304.08193964526686,1.9459896247919974,1.9459896247919974,19.715044530434604,19.715044530434604,19.715044530434604,19.715044530434604,19.715044530434604,19.715044530434604,0.0,0.0,0.0,21.661034155226602
1917-01-03,1.9471814515496835,-239.76294629284104,283.9069071857438,1.9471814515496835,1.9471814515496835,18.268945216243328,18.268945216243328,18.268945216243328,18.268945216243328,18.268945216243328,18.268945216243328,0.0,0.0,0.0,20.216126667793013
1917-01-04,1.948373278307369,-258.8363627984021,316.2673170681839,1.948373278307369,1.948373278307369,16.058660298417013,16.058660298417013,16.058660298417013,16.058660298417013,16.058660298417013,16.058660298417013,0.0,0.0,0.0,18.007033576724382
1917-01-05,1.9495651050650549,-261.3035419644802,296.5822714652025,1.9495651050650549,1.9495651050650549,13.676827819993129,13.676827819993129,13.676827819993129,13.676827819993129,13.676827819993129,13.676827819993129,0.0,0.0,0.0,15.626392925058184
1917-01-06,1.9507569318227407,-275.6639204286159,295.2716737749786,1.9507569318227407,1.9507569318227407,11.707657131531844,11.707657131531844,11.707657131531844,11.707657131531844,11.707657131531844,11.707657131531844,0.0,0.0,0.0,13.658414063354584
1917-01-07,1.9519487585804265,-279.6276601712933,308.9673085437703,1.9519487585804265,1.9519487585804265,10.706634645452608,10.706634645452608,10.706634645452608,10.706634645452608,10.706634645452608,10.706634645452608,0.0,0.0,0.0,12.658583404033035
1917-01-08,1.9531405853381123,-266.14120055033123,294.3490344715112,1.9531405853381123,1.9531405853381123,11.181281375746602,11.181281375746602,11.181281375746602,11.181281375746602,11.181281375746602,11.181281375746602,0.0,0.0,0.0,13.134421961084714
1917-01-09,1.9543324120957979,-248.27921876405497,299.8457805886999,1.9543324120957979,1.9543324120957979,13.573543030283602,13.573543030283602,13.573543030283602,13.573543030283602,13.573543030283602,13.573543030283602,0.0,0.0,0.0,15.5278754423794
1917-01-10,1.9555242388534837,-261.1677924602257,304.9545227301368,1.9555242388534837,1.9555242388534837,18.244342743337185,18.244342743337185,18.244342743337185,18.244342743337185,18.244342743337185,18.244342743337185,0.0,0.0,0.0,20.19986698219067
1917-01-11,1.9567160656111695,-261.6282780182434,298.1196351649015,1.9567160656111695,1.9567160656111695,25.46076041001823,25.46076041001823,25.46076041001823,25.46076041001823,25.46076041001823,25.46076041001823,0.0,0.0,0.0,27.4174764756294
1917-01-12,1.9579078923688553,-231.54633636492878,313.20794260792104,1.9579078923688553,1.9579078923688553,35.38622296632071,35.38622296632071,35.38622296632071,35.38622296632071,35.38622296632071,35.38622296632071,0.0,0.0,0.0,37.34413085868957
1918-01-01,2.379814564589625,-271.55246978621074,288.5902371848441,2.379814564589625,2.379814564589625,19.566768728565695,19.566768728565695,19.566768728565695,19.566768728565695,19.566768728565695,19.566768728565695,0.0,0.0,0.0,21.94658329315532
1918-01-02,2.3810063913473103,-237.13381931852132,285.5461034304683,2.3810063913473103,2.3810063913473103,19.888591263875824,19.888591263875824,19.888591263875824,19.888591263875824,19.888591263875824,19.888591263875824,0.0,0.0,0.0,22.269597655223134
1918-01-03,2.3821982181049965,-239.06585074905135,298.15912763893493,2.3821982181049965,2.3821982181049965,18.72515170871286,18.72515170871286,18.72515170871286,18.72515170871286,18.72515170871286,18.72515170871286,0.0,0.0,0.0,21.107349926817857
1918-01-04,2.383390044862682,-274.5747793665691,286.9860134809006,2.383390044862682,2.383390044862682,16.650478909272163,16.650478909272163,16.650478909272163,16.650478909272163,16.650478909272163,16.650478909272163,0.0,0.0,0.0,19.033868954134846
1918-01-05,2.3845818716203677,-265.30099971340405,316.9594650658872,2.3845818716203677,2.3845818716203677,14.256082054307715,14.256082054307715,14.256082054307715,14.256082054307715,14.256082054307715,14.256082054307715,0.0,0.0,0.0,16.64066392592808
1918-01-06,2.385773698378054,-270.99412642901854,298.0744809328469,2.385773698378054,2.385773698378054,12.1302080224529,12.1302080224529,12.1302080224529,12.1302080224529,12.1302080224529,12.1302080224529,0.0,0.0,0.0,14.515981720830954
1918-01-07,2.3869655251357393,-252.9950368686402,300.96823080286896,2.3869655251357393,2.3869655251357393,10.837379272749232,10.837379272749232,10.837379272749232,10.837379272749232,10.837379272749232,10.837379272749232,0.0,0.0,0.0,13.22434479788497
1918-01-08,2.3881573518934256,-275.85919916903026,291.6295865268977,2.3881573518934256,2.3881573518934256,10.898832375728889,10.898832375728889,10.898832375728889,10.898832375728889,10.898832375728889,10.898832375728889,0.0,0.0,0.0,13.286989727622315
1918-01-09,2.3893491835509235,-247.00461681416826,306.5589786906874,2.3893491835509235,2.3893491835509235,12.774448013799605,12.774448013799605,12.774448013799605,12.774448013799605,12.774448013799605,12.774448013799605,0.0,0.0,0.0,15.163797197350528
1918-01-10,2.390541015208422,-266.64614675627223,309.21325017344157,2.390541015208422,2.390541015208422,16.846716727595947,16.846716727595947,16.846716727595947,16.846716727595947,16.846716727595947,16.846716727595947,0.0,0.0,0.0,19.237257742804367
1918-01-11,2.3917328468659202,-259.25835046700837,303.5681839372745,2.3917328468659202,2.3917328468659202,23.40722224816859,23.40722224816859,23.40722224816859,23.40722224816859,23.40722224816859,23.40722224816859,0.0,0.0,0.0,25.79895509503451
1918-01-12,2.3929246785234186,-240.1211685831594,317.7036225878007,2.3929246785234186,2.3929246785234186,32.64604780492364,32.64604780492364,32.64604780492364,32.64604780492364,32.64604780492364,32.64604780492364,0.0,0.0,0.0,35.03897248344706
1919-01-01,2.814833085277805,-240.7490106865426,294.906813829702,2.814833085277805,2.814833085277805,19.190294968167287,19.190294968167287,19.190294968167287,19.190294968167287,19.190294968167287,19.190294968167287,0.0,0.0,0.0,22.00512805344509
1919-01-02,2.8160249169353033,-256.52093172825556,296.75428994714514,2.8160249169353033,2.8160249169353033,19.969123565868138,19.969123565868138,19.969123565868138,19.969123565868138,19.969123565868138,19.969123565868138,0.0,0.0,0.0,22.785148482803443
1919-01-03,2.8172167485928012,-261.93052784686034,324.77436181428857,2.8172167485928012,2.8172167485928012,19.124320544654893,19.124320544654893,19.124320544654893,19.124320544654893,19.124320544654893,19.124320544654893,0.0,0.0,0.0,21.941537293247695
1919-01-04,2.8184085802502996,-279.8351406909229,315.3822438844604,2.8184085802502996,2.8184085802502996,17.222330876891778,17.222330876891778,17.222330876891778,17.222330876891778,17.222330876891778,17.222330876891778,0.0,0.0,0.0,20.040739457142077
1919-01-05,2.819600411907798,-242.60983361087588,292.5556734160353,2.819600411907798,2.819600411907798,14.852235387061459,14.852235387061459,14.852235387061459,14.852235387061459,14.852235387061459,14.852235387061459,0.0,0.0,0.0,17.671835798969255
1919-01-06,2.8207922435652963,-250.4975336408125,278.1528464044335,2.8207922435652963,2.8207922435652963,12.605036560877844,12.605036560877844,12.605036560877844,12.605036560877844,12.605036560877844,12.605036560877844,0.0,0.0,0.0,15.42582880444314
1919-01-07,2.8219840752227947,-258.5159680725319,268.72969723952133,2.8219840752227947,2.8219840752227947,11.053067416282811,11.053067416282811,11.053067416282811,11.053067416282811,11.053067416282811,11.053067416282811,0.0,0.0,0.0,13.875051491505605
1919-01-08,2.8231759068802926,-249.7948687658344,291.64364216151495,2.8231759068802926,2.8231759068802926,10.7301480370421,10.7301480370421,10.7301480370421,10.7301480370421,10.7301480370421,10.7301480370421,0.0,0.0,0.0,13.553323943922393
1919-01-09,2.824367738537791,-246.47465833696407,293.83531396429976,2.824367738537791,2.824367738537791,12.113089577714558,12.113089577714558,12.113089577714558,12.113089577714558,12.113089577714558,12.113089577714558,0.0,0.0,0.0,14.937457316252349
1919-01-10,2.8255595701952894,-262.8665291470934,312.87391340207245,2.8255595701952894,2.8255595701952894,15.605103206686588,15.605103206686588,15.605103206686588,15.605103206686588,15.605103206686588,15.605103206686588,0.0,0.0,0.0,18.430662776881878
1919-01-11,2.8267514018527877,-265.8870401794622,290.55678930982776,2.8267514018527877,2.8267514018527877,21.5216128305096,21.5216128305096,21.5216128305096,21.5216128305096,21.5216128305096,21.5216128305096,0.0,0.0,0.0,24.34836423236239
1919-01-12,2.827943233510286,-246.46078163670526,310.01927136906824,2.827943233510286,2.827943233510286,30.078897298792143,30.078897298792143,30.078897298792143,30.078897298792143,30.078897298792143,30.078897298792143,0.0,0.0,0.0,32.906840532302425
1920-01-01,3.249851640264672,-261.6201841679136,308.7963538638197,3.249851640264672,3.249851640264672,18.67931559458557,18.67931559458557,18.67931559458557,18.67931559458557,18.67931559458557,18.67931559458557,0.0,0.0,0.0,21.929167234850244
1920-01-02,3.2510434719221704,-257.60678299855385,306.18985908119777,3.2510434719221704,3.2510434719221704,19.94796897672153,19.94796897672153,19.94796897672153,19.94796897672153,19.94796897672153,19.94796897672153,0.0,0.0,0.0,23.1990124486437
1920-01-03,3.2522353035796687,-255.6418048427361,301.5645800234687,3.2522353035796687,3.2522353035796687,19.45730436188105,19.45730436188105,19.45730436188105,19.45730436188105,19.45730436188105,19.45730436188105,0.0,0.0,0.0,22.709539665460717
1920-01-04,3.253427135237167,-260.3976934728049,294.67413400559553,3.253427135237167,3.253427135237167,17.764916926980188,17.764916926980188,17.764916926980188,17.764916926980188,17.764916926980188,17.764916926980188,0.0,0.0,0.0,21.018344062217356
1920-01-05,3.254618966894665,-269.3829426741423,286.97780782545493,3.254618966894665,3.254618966894665,15.456161402620294,15.456161402620294,15.456161402620294,15.456161402620294,15.456161402620294,15.456161402620294,0.0,0.0,0.0,18.71078036951496
1920-01-06,3.2558107985521634,-258.6910143237121,298.49967532061174,3.2558107985521634,3.2558107985521634,13.123505873830922,13.123505873830922,13.123505873830922,13.123505873830922,13.123505873830922,13.123505873830922,0.0,0.0,0.0,16.379316672383084
1920-01-07,3.2570026302096617,-259.42178919064526,282.0354842397756,3.2570026302096617,3.2570026302096617,11.345850760874749,11.345850760874749,11.345850760874749,11.345850760874749,11.345850760874749,11.345850760874749,0.0,0.0,0.0,14.60285339108441
1920-01-08,3.25819446186716,-277.8890045778774,298.5940674179209,3.25819446186716,3.25819446186716,10.668440928740685,10.668440928740685,10.668440928740685,10.668440928740685,10.668440928740685,10.668440928740685,0.0,0.0,0.0,13.926635390607846
1920-01-09,3.2593862935246585,-273.6086913439406,289.7549560332843,3.2593862935246585,3.2593862935246585,11.583978618060804,11.583978618060804,11.583978618060804,11.583978618060804,11.583978618060804,11.583978618060804,0.0,0.0,0.0,14.843364911585462
1920-01-10,3.2605781251821564,-276.2171379983876,297.6276328648871,3.2605781251821564,3.2605781251821564,14.515506833397383,14.515506833397383,14.515506833397383,14.515506833397383,14.515506833397383,14.515506833397383,0.0,0.0,0.0,17.77608495857954
1920-01-11,3.2617699568396548,-235.39844648182805,306.1319300717137,3.2617699568396548,3.2617699568396548,19.801578127144108,19.801578127144108,19.801578127144108,19.801578127144108,19.801578127144108,19.801578127144108,0.0,0.0,0.0,23.06334808398376
1920-01-12,3.262961788497153,-236.5571713321399,310.8953681276715,3.262961788497153,3.262961788497153,27.684154012095227,27.684154012095227,27.684154012095227,27.684154012095227,27.684154012095227,27.684154012095227,0.0,0.0,0.0,30.947115800592382
1921-01-01,3.6860620269090383,-260.0020467252648,318.9825370519058,3.6860620269090383,3.6860620269090383,19.8166230791151,19.8166230791151,19.8166230791151,19.8166230791151,19.8166230791151,19.8166230791151,0.0,0.0,0.0,23.50268510602414
1921-01-02,3.6872538585665366,-237.93970426584178,304.6332273202968,3.6872538585665366,3.6872538585665366,19.715044530464265,19.715044530464265,19.715044530464265,19.715044530464265,19.715044530464265,19.715044530464265,0.0,0.0,0.0,23.4022983890308
1921-01-03,3.688445690224034,-239.19607705699482,299.65124537692566,3.688445690224034,3.688445690224034,18.268945216236318,18.268945216236318,18.268945216236318,18.268945216236318,18.268945216236318,18.268945216236318,0.0,0.0,0.0,21.957390906460354
1921-01-04,3.6896375218815325,-265.7654440032517,297.9365371761884,3.6896375218815325,3.6896375218815325,16.058660298469228,16.058660298469228,16.058660298469228,16.058660298469228,16.058660298469228,16.058660298469228,0.0,0.0,0.0,19.74829782035076
1921-01-05,3.6908293535390313,-254.13104332367126,300.60921405384425,3.6908293535390313,3.6908293535390313,13.676827820001671,13.676827820001671,13.676827820001671,13.676827820001671,13.676827820001671,13.676827820001671,0.0,0.0,0.0,17.367657173540703
1921-01-06,3.6920211851965288,-253.69729855608844,294.4818225408425,3.6920211851965288,3.6920211851965288,11.707657131572587,11.707657131572587,11.707657131572587,11.707657131572587,11.707657131572587,11.707657131572587,0.0,0.0,0.0,15.399678316769116
1921-01-07,3.693213016854027,-274.15062175284214,312.9029445220686,3.693213016854027,3.693213016854027,10.706634645424208,10.706634645424208,10.706634645424208,10.706634645424208,10.706634645424208,10.706634645424208,0.0,0.0,0.0,14.399847662278235
1921-01-08,3.694404848511526,-254.51613489922266,285.4085050375656,3.694404848511526,3.694404848511526,11.181281375721039,11.181281375721039,11.181281375721039,11.181281375721039,11.181281375721039,11.181281375721039,0.0,0.0,0.0,14.875686224232565
1921-01-09,3.695596680169024,-263.03190925446427,301.47425747856187,3.695596680169024,3.695596680169024,13.57354303031973,13.57354303031973,13.57354303031973,13.57354303031973,13.57354303031973,13.57354303031973,0.0,0.0,0.0,17.269139710488755
1921-01-10,3.6967885118265222,-251.15259780254792,313.9474422232642,3.6967885118265222,3.6967885118265222,18.244342743361592,18.244342743361592,18.244342743361592,18.244342743361592,18.244342743361592,18.244342743361592,0.0,0.0,0.0,21.941131255188115
1921-01-11,3.697980343484021,-234.0831102515384,288.6726725674405,3.697980343484021,3.697980343484021,25.460760410009918,25.460760410009918,25.460760410009918,25.460760410009918,25.460760410009918,25.460760410009918,0.0,0.0,0.0,29.158740753493937
1921-01-12,3.699172175141519,-246.28293983092286,303.3110236574304,3.699172175141519,3.699172175141519,35.3862229663161,35.3862229663161,35.3862229663161,35.3862229663161,35.3862229663161,35.3862229663161,0.0,0.0,0.0,39.08539514145762
1922-01-01,4.121080581895906,-279.5433011617071,294.13537576518365,4.121080581895906,4.121080581895906,19.56676872856792,19.56676872856792,19.56676872856792,19.56676872856792,19.56676872856792,19.56676872856792,0.0,0.0,0.0,23.687849310463825
1922-01-02,4.122272413553404,-252.72920092515972,277.8952007152306,4.122272413553404,4.122272413553404,19.888591263844763,19.888591263844763,19.888591263844763,19.888591263844763,19.888591263844763,19.888591263844763,0.0,0.0,0.0,24.010863677398167
1922-01-03,4.123464250067778,-248.68200538570028,310.7163622126309,4.123464250067778,4.123464250067778,18.725151708699343,18.725151708699343,18.725151708699343,18.725151708699343,18.725151708699343,18.725151708699343,0.0,0.0,0.0,22.84861595876712
1922-01-04,4.124656086582154,-258.0143848234419,302.2305707791125,4.124656086582154,4.124656086582154,16.650478909278583,16.650478909278583,16.650478909278583,16.650478909278583,16.650478909278583,16.650478909278583,0.0,0.0,0.0,20.775134995860736
1922-01-05,4.125847923096529,-269.0684032404505,290.626720555887,4.125847923096529,4.125847923096529,14.25608205433141,14.25608205433141,14.25608205433141,14.25608205433141,14.25608205433141,14.25608205433141,0.0,0.0,0.0,18.381929977427937
1922-01-06,4.127039759610904,-241.51742103524805,305.4517946884608,4.127039759610904,4.127039759610904,12.130208022400831,12.130208022400831,12.130208022400831,12.130208022400831,12.130208022400831,12.130208022400831,0.0,0.0,0.0,16.257247782011735
1922-01-07,4.128231596125279,-258.932843639188,293.0187737676685,4.128231596125279,4.128231596125279,10.837379272771571,10.837379272771571,10.837379272771571,10.837379272771571,10.837379272771571,10.837379272771571,0.0,0.0,0.0,14.96561086889685
1922-01-08,4.129423432639655,-266.72456625757127,304.5637138382384,4.129423432639655,4.129423432639655,10.898832375746064,10.898832375746064,10.898832375746064,10.898832375746064,10.898832375746064,10.898832375746064,0.0,0.0,0.0,15.028255808385719
1922-01-09,4.130615269154029,-260.1360501305541,269.7600384344981,4.130615269154029,4.130615269154029,12.77444801379162,12.77444801379162,12.77444801379162,12.77444801379162,12.77444801379162,12.77444801379162,0.0,0.0,0.0,16.905063282945648
1922-01-10,4.131807105668405,-262.216476319198,298.1741768862484,4.131807105668405,4.131807105668405,16.846716727575856,16.846716727575856,16.846716727575856,16.846716727575856,16.846716727575856,16.846716727575856,0.0,0.0,0.0,20.97852383324426
1922-01-11,4.13299894218278,-278.7438970785062,308.4760389472795,4.13299894218278,4.13299894218278,23.407222248150536,23.407222248150536,23.407222248150536,23.407222248150536,23.407222248150536,23.407222248150536,0.0,0.0,0.0,27.540221190333316
1922-01-12,4.134190778697155,-244.57976779199709,309.57486689169804,4.134190778697155,4.134190778697155,32.64604780492262,32.64604780492262,32.64604780492262,32.64604780492262,32.64604780492262,32.64604780492262,0.0,0.0,0.0,36.78023858361977
1923-01-01,4.556100904785977,-252.9193233286699,294.25073162817364,4.556100904785977,4.556100904785977,19.190294968195495,19.190294968195495,19.190294968195495,19.190294968195495,19.190294968195495,19.190294968195495,0.0,0.0,0.0,23.746395872981473
1923-01-02,4.557292741300351,-237.4026294400503,280.4069656907496,4.557292741300351,4.557292741300351,19.969123565893845,19.969123565893845,19.969123565893845,19.969123565893845,19.969123565893845,19.969123565893845,0.0,0.0,0.0,24.526416307194197
1923-01-03,4.558484577814728,-253.8033518599135,295.19322724361916,4.558484577814728,4.558484577814728,19.124320544765965,19.124320544765965,19.124320544765965,19.124320544765965,19.124320544765965,19.124320544765965,0.0,0.0,0.0,23.682805122580692
1923-01-04,4.559676414329102,-252.1474394616492,293.4703823464961,4.559676414329102,4.559676414329102,17.2223308768991,17.2223308768991,17.2223308768991,17.2223308768991,17.2223308768991,17.2223308768991,0.0,0.0,0.0,21.782007291228204
1923-01-05,4.560868250843477,-252.2085185041061,299.9878988682502,4.560868250843477,4.560868250843477,14.852235387108042,14.852235387108042,14.852235387108042,14.852235387108042,14.852235387108042,14.852235387108042,0.0,0.0,0.0,19.41310363795152
1923-01-06,4.562060087357853,-253.84019593211534,287.75279772064385,4.562060087357853,4.562060087357853,12.605036560924455,12.605036560924455,12.605036560924455,12.605036560924455,12.605036560924455,12.605036560924455,0.0,0.0,0.0,17.16709664828231
1923-01-07,4.563251923872228,-242.19698049613987,298.8742492822766,4.563251923872228,4.563251923872228,11.053067416271531,11.053067416271531,11.053067416271531,11.053067416271531,11.053067416271531,11.053067416271531,0.0,0.0,0.0,15.61631934014376
1923-01-08,4.564443760386602,-259.4169372754517,292.4413026850921,4.564443760386602,4.564443760386602,10.730148037028496,10.730148037028496,10.730148037028496,10.730148037028496,10.730148037028496,10.730148037028496,0.0,0.0,0.0,15.294591797415098
1923-01-09,4.565635596900979,-270.64131122580017,294.45799877421325,4.565635596900979,4.565635596900979,12.113089577691394,12.113089577691394,12.113089577691394,12.113089577691394,12.113089577691394,12.113089577691394,0.0,0.0,0.0,16.678725174592373
1923-01-10,4.566827433415353,-254.91890934326292,305.0835450195584,4.566827433415353,4.566827433415353,15.605103206708122,15.605103206708122,15.605103206708122,15.605103206708122,15.605103206708122,15.605103206708122,0.0,0.0,0.0,20.171930640123477
1923-01-11,4.568019269929729,-248.00051450117238,285.962350447905,4.568019269929729,4.568019269929729,21.521612830479093,21.521612830479093,21.521612830479093,21.521612830479093,21.521612830479093,21.521612830479093,0.0,0.0,0.0,26.08963210040882
1923-01-12,4.569211106444104,-240.39439153153015,308.0422501288209,4.569211106444104,4.569211106444104,30.078897298777896,30.078897298777896,30.078897298777896,30.078897298777896,30.078897298777896,30.078897298777896,0.0,0.0,0.0,34.648108405222004
1924-01-01,4.991121232532925,-246.80042110861942,285.68593795244396,4.991121232532925,4.991121232532925,18.679315594636467,18.679315594636467,18.679315594636467,18.679315594636467,18.679315594636467,18.679315594636467,0.0,0.0,0.0,23.670436827169393
1924-01-02,4.9923130690473005,-242.71055908874686,299.7604283180361,4.9923130690473005,4.9923130690473005,19.9479689767313,19.9479689767313,19.9479689767313,19.9479689767313,19.9479689767313,19.9479689767313,0.0,0.0,0.0,24.940282045778602
1924-01-03,4.993504905561675,-251.87868689669168,308.66749068118474,4.993504905561675,4.993504905561675,19.457304361857943,19.457304361857943,19.457304361857943,19.457304361857943,19.457304361857943,19.457304361857943,0.0,0.0,0.0,24.45080926741962
1924-01-04,4.994696742076051,-239.01290745946457,307.9944429742933,4.994696742076051,4.994696742076051,17.764916927070466,17.764916927070466,17.764916927070466,17.764916927070466,17.764916927070466,17.764916927070466,0.0,0.0,0.0,22.759613669146518
1924-01-05,4.995888578590426,-256.1876836074388,283.42034212775735,4.995888578590426,4.995888578590426,15.456161402678406,15.456161402678406,15.456161402678406,15.456161402678406,15.456161402678406,15.456161402678406,0.0,0.0,0.0,20.452049981268832
1924-01-06,4.997080415104801,-261.07632373356597,280.50426675310496,4.997080415104801,4.997080415104801,13.123505873836535,13.123505873836535,13.123505873836535,13.123505873836535,13.123505873836535,13.123505873836535,0.0,0.0,0.0,18.120586288941336
1924-01-07,4.998272251619176,-252.2052222607627,285.3167197601227,4.998272251619176,4.998272251619176,11.345850760851054,11.345850760851054,11.345850760851054,11.345850760851054,11.345850760851054,11.345850760851054,0.0,0.0,0.0,16.34412301247023
1924-01-08,4.999464088133552,-268.6719512733452,279.52856679735146,4.999464088133552,4.999464088133552,10.668440928748467,10.668440928748467,10.668440928748467,10.668440928748467,10.668440928748467,10.668440928748467,0.0,0.0,0.0,15.667905016882019
1924-01-09,5.000655924647926,-234.55189382606287,289.11559241362045,5.000655924647926,5.000655924647926,11.583978618049214,11.583978618049214,11.583978618049214,11.583978618049214,11.583978618049214,11.583978618049214,0.0,0.0,0.0,16.584634542697138
1924-01-10,5.001847761162302,-244.8516463982106,329.29625784916414,5.001847761162302,5.001847761162302,14.515506833378687,14.515506833378687,14.515506833378687,14.515506833378687,14.515506833378687,14.515506833378687,0.0,0.0,0.0,19.51735459454099
1924-01-11,5.003039597676677,-255.32285889702143,308.26352898752526,5.003039597676677,5.003039597676677,19.801578127153686,19.801578127153686,19.801578127153686,19.801578127153686,19.801578127153686,19.801578127153686,0.0,0.0,0.0,24.804617724830365
1924-01-12,5.004231434191052,-258.35162642725516,309.0080726704552,5.004231434191052,5.004231434191052,27.68415401208435,27.68415401208435,27.68415401208435,27.68415401208435,27.68415401208435,27.68415401208435,0.0,0.0,0.0,32.688385446275404
1925-01-01,5.427333396794248,-249.79878984984418,290.664354273005,5.427333396794248,5.427333396794248,19.816623079159285,19.816623079159285,19.816623079159285,19.816623079159285,19.816623079159285,19.816623079159285,0.0,0.0,0.0,25.24395647595353
1925-01-02,5.4285252333086245,-276.1363684953179,283.11340855906104,5.4285252333086245,5.4285252333086245,19.71504453047045,19.71504453047045,19.71504453047045,19.71504453047045,19.71504453047045,19.71504453047045,0.0,0.0,0.0,25.143569763779077
1925-01-03,5.429717069822999,-260.2305754206042,301.90546470341764,5.429717069822999,5.429717069822999,18.26894521621906,18.26894521621906,18.26894521621906,18.26894521621906,18.26894521621906,18.26894521621906,0.0,0.0,0.0,23.698662286042058
1925-01-04,5.4309089063373746,-265.5514368314615,298.75118648540933,5.4309089063373746,5.4309089063373746,16.05866029842607,16.05866029842607,16.05866029842607,16.05866029842607,16.05866029842607,16.05866029842607,0.0,0.0,0.0,21.489569204763445
1925-01-05,5.432100742851749,-262.7935853918001,276.24528591323246,5.432100742851749,5.432100742851749,13.676827819949539,13.676827819949539,13.676827819949539,13.676827819949539,13.676827819949539,13.676827819949539,0.0,0.0,0.0,19.10892856280129
1925-01-06,5.433292579366124,-267.91566515847035,326.607103440549,5.433292579366124,5.433292579366124,11.707657131567487,11.707657131567487,11.707657131567487,11.707657131567487,11.707657131567487,11.707657131567487,0.0,0.0,0.0,17.14094971093361
1925-01-07,5.434484415880499,-282.13782538622775,290.08341810752364,5.434484415880499,5.434484415880499,10.70663464539945,10.70663464539945,10.70663464539945,10.70663464539945,10.70663464539945,10.70663464539945,0.0,0.0,0.0,16.14111906127995
1925-01-08,5.435676252394876,-264.5047527179563,294.0157667234011,5.435676252394876,5.435676252394876,11.181281375730872,11.181281375730872,11.181281375730872,11.181281375730872,11.181281375730872,11.181281375730872,0.0,0.0,0.0,16.616957628125746
1925-01-09,5.43686808890925,-255.64672168203373,301.47047475426143,5.43686808890925,5.43686808890925,13.573543030297152,13.573543030297152,13.573543030297152,13.573543030297152,13.573543030297152,13.573543030297152,0.0,0.0,0.0,19.010411119206402
1925-01-10,5.438059927003019,-230.72483553683864,303.0408985477192,5.438059927003019,5.438059927003019,18.24434274335101,18.24434274335101,18.24434274335101,18.24434274335101,18.24434274335101,18.24434274335101,0.0,0.0,0.0,23.68240267035403
1925-01-11,5.439251765096789,-240.91447466725947,308.54009693566576,5.439251765096789,5.439251765096789,25.460760410010284,25.460760410010284,25.460760410010284,25.460760410010284,25.460760410010284,25.460760410010284,0.0,0.0,0.0,30.900012175107072
1925-01-12,5.440443603190557,-246.63599766837706,312.7006524163581,5.440443603190557,5.440443603190557,35.38622296631328,35.38622296631328,35.38622296631328,35.38622296631328,35.38622296631328,35.38622296631328,0.0,0.0,0.0,40.826666569503836
1926-01-01,5.862354288384741,-260.94457997156763,321.68885560737147,5.862354288384741,5.862354288384741,19.56676872855031,19.56676872855031,19.56676872855031,19.56676872855031,19.56676872855031,19.56676872855031,0.0,0.0,0.0,25.42912301693505
1926-01-02,5.863546126478509,-266.50568436695977,299.8389974326793,5.863546126478509,5.863546126478509,19.888591263860594,19.888591263860594,19.888591263860594,19.888591263860594,19.888591263860594,19.888591263860594,0.0,0.0,0.0,25.7521373903391
1926-01-03,5.864737964572279,-248.38340265185602,291.2669840610569,5.864737964572279,5.864737964572279,18.72515170867632,18.72515170867632,18.72515170867632,18.72515170867632,18.72515170867632,18.72515170867632,0.0,0.0,0.0,24.5898896732486
1926-01-04,5.865929802666047,-243.19491669163466,314.7321789501679,5.865929802666047,5.865929802666047,16.65047890926511,16.65047890926511,16.65047890926511,16.65047890926511,16.65047890926511,16.65047890926511,0.0,0.0,0.0,22.516408711931156
1926-01-05,5.867121640759816,-242.4153862038224,290.3217860199643,5.867121640759816,5.867121640759816,14.256082054252643,14.256082054252643,14.256082054252643,14.256082054252643,14.256082054252643,14.256082054252643,0.0,0.0,0.0,20.123203695012457
1926-01-06,5.868313478853586,-256.40048358397513,266.4975194293658,5.868313478853586,5.868313478853586,12.130208022427025,12.130208022427025,12.130208022427025,12.130208022427025,12.130208022427025,12.130208022427025,0.0,0.0,0.0,17.99852150128061
1926-01-07,5.869505316947354,-253.2979493327563,308.9873528111196,5.869505316947354,5.869505316947354,10.837379272805686,10.837379272805686,10.837379272805686,10.837379272805686,10.837379272805686,10.837379272805686,0.0,0.0,0.0,16.706884589753038
1926-01-08,5.870697155041122,-254.33226461771645,291.59364266394965,5.870697155041122,5.870697155041122,10.898832375737019,10.898832375737019,10.898832375737019,10.898832375737019,10.898832375737019,10.898832375737019,0.0,0.0,0.0,16.76952953077814
1926-01-09,5.871888993134892,-253.50514048818243,294.8470806707473,5.871888993134892,5.871888993134892,12.774448013807515,12.774448013807515,12.774448013807515,12.774448013807515,12.774448013807515,12.774448013807515,0.0,0.0,0.0,18.646337006942407
1926-01-10,5.87308083122866,-248.10651321263202,308.40876787919393,5.87308083122866,5.87308083122866,16.8467167275702,16.8467167275702,16.8467167275702,16.8467167275702,16.8467167275702,16.8467167275702,0.0,0.0,0.0,22.71979755879886
1926-01-11,5.874272669322429,-227.2510808881344,295.3521041289036,5.874272669322429,5.874272669322429,23.407222248178734,23.407222248178734,23.407222248178734,23.407222248178734,23.407222248178734,23.407222248178734,0.0,0.0,0.0,29.281494917501163
1926-01-12,5.875464507416199,-246.80692170164954,329.9588703712276,5.875464507416199,5.875464507416199,32.6460478049336,32.6460478049336,32.6460478049336,32.6460478049336,32.6460478049336,32.6460478049336,0.0,0.0,0.0,38.5215123123498
1927-01-01,6.297375192610381,-245.56018526614932,310.8541876840851,6.297375192610381,6.297375192610381,19.190294968158607,19.190294968158607,19.190294968158607,19.190294968158607,19.190294968158607,19.190294968158607,0.0,0.0,0.0,25.48767016076899
1927-01-02,6.298567030704151,-262.3046176974557,295.0095478692659,6.298567030704151,6.298567030704151,19.96912356583799,19.96912356583799,19.96912356583799,19.96912356583799,19.96912356583799,19.96912356583799,0.0,0.0,0.0,26.26769059654214
1927-01-03,6.299758868797919,-248.1654902545698,294.95997306187877,6.299758868797919,6.299758868797919,19.124320544700527,19.124320544700527,19.124320544700527,19.124320544700527,19.124320544700527,19.124320544700527,0.0,0.0,0.0,25.424079413498447
1927-01-04,6.300950706891689,-255.6379760184297,281.7652104727187,6.300950706891689,6.300950706891689,17.222330876864646,17.222330876864646,17.222330876864646,17.222330876864646,17.222330876864646,17.222330876864646,0.0,0.0,0.0,23.523281583756336
1927-01-05,6.302142544985457,-263.27740336251554,295.198274127308,6.302142544985457,6.302142544985457,14.852235387136416,14.852235387136416,14.852235387136416,14.852235387136416,14.852235387136416,14.852235387136416,0.0,0.0,0.0,21.15437793212187
1927-01-06,6.303334383079226,-267.4961495927027,307.76712899648084,6.303334383079226,6.303334383079226,12.605036560933035,12.605036560933035,12.605036560933035,12.605036560933035,12.605036560933035,12.605036560933035,0.0,0.0,0.0,18.908370944012262
1927-01-07,6.304526221172994,-251.57924382959945,291.8998810050439,6.304526221172994,6.304526221172994,11.05306741632218,11.05306741632218,11.05306741632218,11.05306741632218,11.05306741632218,11.05306741632218,0.0,0.0,0.0,17.357593637495174
1927-01-08,6.305718059266764,-238.18693854563367,327.64879974705707,6.305718059266764,6.305718059266764,10.730148037012986,10.730148037012986,10.730148037012986,10.730148037012986,10.730148037012986,10.730148037012986,0.0,0.0,0.0,17.03586609627975
1927-01-09,6.306909897360532,-263.4981672259706,303.86712107303197,6.306909897360532,6.306909897360532,12.113089577709266,12.113089577709266,12.113089577709266,12.113089577709266,12.113089577709266,12.113089577709266,0.0,0.0,0.0,18.419999475069798
1927-01-10,6.308101735454302,-246.84797257839324,314.6897511963563,6.308101735454302,6.308101735454302,15.60510320670261,15.60510320670261,15.60510320670261,15.60510320670261,15.60510320670261,15.60510320670261,0.0,0.0,0.0,21.913204942156913
1927-01-11,6.30929357354807,-251.04846692500448,314.2578648983814,6.30929357354807,6.30929357354807,21.521612830492426,21.521612830492426,21.521612830492426,21.521612830492426,21.521612830492426,21.521612830492426,0.0,0.0,0.0,27.830906404040498
1927-01-12,6.310485411641839,-237.87613018643117,299.601248394797,6.310485411641839,6.310485411641839,30.078897298758008,30.078897298758008,30.078897298758008,30.078897298758008,30.078897298758008,30.078897298758008,0.0,0.0,0.0,36.38938271039984
1928-01-01,6.732396096836022,-245.73989120400168,300.64380260124926,6.732396096836022,6.732396096836022,18.679315594619318,18.679315594619318,18.679315594619318,18.679315594619318,18.679315594619318,18.679315594619318,0.0,0.0,0.0,25.41171169145534
1928-01-02,6.7335879349297905,-255.02139152335792,306.816683432336,6.7335879349297905,6.7335879349297905,19.947968976706203,19.947968976706203,19.947968976706203,19.947968976706203,19.947968976706203,19.947968976706203,0.0,0.0,0.0,26.681556911635994
1928-01-03,6.73477977302356,-253.49911688540172,302.5600389462367,6.73477977302356,6.73477977302356,19.457304361875902,19.457304361875902,19.457304361875902,19.457304361875902,19.457304361875902,19.457304361875902,0.0,0.0,0.0,26.192084134899464
1928-01-04,6.7359716111173285,-232.37547990185035,314.4271583328383,6.7359716111173285,6.7359716111173285,17.764916927048258,17.764916927048258,17.764916927048258,17.764916927048258,17.764916927048258,17.764916927048258,0.0,0.0,0.0,24.500888538165587
1928-01-05,6.737163449211098,-269.76460200065503,290.5837290895337,6.737163449211098,6.737163449211098,15.456161402655288,15.456161402655288,15.456161402655288,15.456161402655288,15.456161402655288,15.456161402655288,0.0,0.0,0.0,22.193324851866386
1928-01-06,6.738355287304866,-271.12615734857485,311.38537155792324,6.738355287304866,6.738355287304866,13.12350587383464,13.12350587383464,13.12350587383464,13.12350587383464,13.12350587383464,13.12350587383464,0.0,0.0,0.0,19.861861161139508
1928-01-07,6.739547125398635,-283.96582184238184,293.4246116254654,6.739547125398635,6.739547125398635,11.345850760849553,11.345850760849553,11.345850760849553,11.345850760849553,11.345850760849553,11.345850760849553,0.0,0.0,0.0,18.085397886248188
1928-01-08,6.740738963492405,-242.72548231362285,297.65164667873336,6.740738963492405,6.740738963492405,10.668440928762951,10.668440928762951,10.668440928762951,10.668440928762951,10.668440928762951,10.668440928762951,0.0,0.0,0.0,17.409179892255356
1928-01-09,6.741930801586173,-266.20638292478577,292.8398152883633,6.741930801586173,6.741930801586173,11.583978618028613,11.583978618028613,11.583978618028613,11.583978618028613,11.583978618028613,11.583978618028613,0.0,0.0,0.0,18.32590941961479
1928-01-10,6.7431226396799415,-276.3379078890366,292.5348335225937,6.7431226396799415,6.7431226396799415,14.51550683337021,14.51550683337021,14.51550683337021,14.51550683337021,14.51550683337021,14.51550683337021,0.0,0.0,0.0,21.258629473050153
1928-01-11,6.744314477773711,-259.0337380934994,288.67206708653276,6.744314477773711,6.744314477773711,19.80157812712578,19.80157812712578,19.80157812712578,19.80157812712578,19.80157812712578,19.80157812712578,0.0,0.0,0.0,26.545892604899493
1928-01-12,6.7455063158674795,-251.43982376625988,295.2526300659152,6.7455063158674795,6.7455063158674795,27.68415401209863,27.68415401209863,27.68415401209863,27.68415401209863,27.68415401209863,27.68415401209863,0.0,0.0,0.0,34.42966032796611
1929-01-01,7.168608839155432,-257.3311694375359,305.3660575388957,7.168608839155432,7.168608839155432,19.816623079200475,19.816623079200475,19.816623079200475,19.816623079200475,19.816623079200475,19.816623079200475,0.0,0.0,0.0,26.985231918355908
1929-01-02,7.169800677249202,-248.28755720139105,297.6733062349963,7.169800677249202,7.169800677249202,19.715044530480668,19.715044530480668,19.715044530480668,19.715044530480668,19.715044530480668,19.715044530480668,0.0,0.0,0.0,26.88484520772987
1929-01-03,7.17099251534297,-255.11491942866067,286.3494225954483,7.17099251534297,7.17099251534297,18.268945216281494,18.268945216281494,18.268945216281494,18.268945216281494,18.268945216281494,18.268945216281494,0.0,0.0,0.0,25.439937731624465
1929-01-04,7.172184353436739,-242.34402977821338,298.5719526297657,7.172184353436739,7.172184353436739,16.058660298442096,16.058660298442096,16.058660298442096,16.058660298442096,16.058660298442096,16.058660298442096,0.0,0.0,0.0,23.230844651878833
1929-01-05,7.173376195668533,-248.45590360851776,304.0700506123527,7.173376195668533,7.173376195668533,13.676827819986043,13.676827819986043,13.676827819986043,13.676827819986043,13.676827819986043,13.676827819986043,0.0,0.0,0.0,20.850204015654576
1929-01-06,7.174568037900326,-234.19374165135596,291.19955958055345,7.174568037900326,7.174568037900326,11.707657131585158,11.707657131585158,11.707657131585158,11.707657131585158,11.707657131585158,11.707657131585158,0.0,0.0,0.0,18.882225169485483
1929-01-07,7.175759880132122,-270.29031305602143,284.4503455801669,7.175759880132122,7.175759880132122,10.706634645393553,10.706634645393553,10.706634645393553,10.706634645393553,10.706634645393553,10.706634645393553,0.0,0.0,0.0,17.882394525525676
1929-01-08,7.176951722363915,-252.12316430070973,295.4142739122808,7.176951722363915,7.176951722363915,11.181281375687712,11.181281375687712,11.181281375687712,11.181281375687712,11.181281375687712,11.181281375687712,0.0,0.0,0.0,18.358233098051628
1929-01-09,7.178143564595709,-259.39822566975073,311.14492881657594,7.178143564595709,7.178143564595709,13.573543030270436,13.573543030270436,13.573543030270436,13.573543030270436,13.573543030270436,13.573543030270436,0.0,0.0,0.0,20.751686594866143
1929-01-10,7.179335406827502,-258.6644519774524,311.31450887744796,7.179335406827502,7.179335406827502,18.244342743346213,18.244342743346213,18.244342743346213,18.244342743346213,18.244342743346213,18.244342743346213,0.0,0.0,0.0,25.423678150173714
1929-01-11,7.180527249059297,-244.13734151900448,304.63248424851906,7.180527249059297,7.180527249059297,25.460760410011165,25.460760410011165,25.460760410011165,25.460760410011165,25.460760410011165,25.460760410011165,0.0,0.0,0.0,32.641287659070464
1929-01-12,7.18171909129109,-227.80353569072008,343.78358127561097,7.18171909129109,7.18171909129109,35.38622296633946,35.38622296633946,35.38622296633946,35.38622296633946,35.38622296633946,35.38622296633946,0.0,0.0,0.0,42.56794205763055
1930-01-01,7.6036312413461555,-260.59685398957225,279.00179619190453,7.6036312413461555,7.6036312413461555,19.566768728583245,19.566768728583245,19.566768728583245,19.566768728583245,19.566768728583245,19.566768728583245,0.0,0.0,0.0,27.1703999699294
1930-01-02,7.6048230835779504,-251.68970793493594,300.55881401414894,7.6048230835779504,7.6048230835779504,19.888591263828896,19.888591263828896,19.888591263828896,19.888591263828896,19.888591263828896,19.888591263828896,0.0,0.0,0.0,27.493414347406848
1930-01-03,7.606014925809744,-252.49633466355687,296.8930479096748,7.606014925809744,7.606014925809744,18.725151708684635,18.725151708684635,18.725151708684635,18.725151708684635,18.725151708684635,18.725151708684635,0.0,0.0,0.0,26.33116663449438
1930-01-04,7.607206768041537,-261.09843961340067,296.76787494800277,7.607206768041537,7.607206768041537,16.650478909306127,16.650478909306127,16.650478909306127,16.650478909306127,16.650478909306127,16.650478909306127,0.0,0.0,0.0,24.257685677347663
1930-01-05,7.6083986102733325,-253.67746647378328,311.25002262577993,7.6083986102733325,7.6083986102733325,14.25608205425886,14.25608205425886,14.25608205425886,14.25608205425886,14.25608205425886,14.25608205425886,0.0,0.0,0.0,21.86448066453219
1930-01-06,7.609590452505126,-265.9800567894632,298.656770556994,7.609590452505126,7.609590452505126,12.13020802243162,12.13020802243162,12.13020802243162,12.13020802243162,12.13020802243162,12.13020802243162,0.0,0.0,0.0,19.739798474936748
1930-01-07,7.61078229473692,-278.5100676162363,297.0472785693586,7.61078229473692,7.61078229473692,10.837379272740185,10.837379272740185,10.837379272740185,10.837379272740185,10.837379272740185,10.837379272740185,0.0,0.0,0.0,18.448161567477104
1930-01-08,7.611974136968714,-269.3726154891377,295.1130427114566,7.611974136968714,7.611974136968714,10.898832375710558,10.898832375710558,10.898832375710558,10.898832375710558,10.898832375710558,10.898832375710558,0.0,0.0,0.0,18.510806512679274
1930-01-09,7.613165979200507,-242.69537008474245,287.1327729469657,7.613165979200507,7.613165979200507,12.774448013789021,12.774448013789021,12.774448013789021,12.774448013789021,12.774448013789021,12.774448013789021,0.0,0.0,0.0,20.38761399298953
1930-01-10,7.614357821432301,-258.1913700333051,303.26012230213064,7.614357821432301,7.614357821432301,16.84671672758168,16.84671672758168,16.84671672758168,16.84671672758168,16.84671672758168,16.84671672758168,0.0,0.0,0.0,24.46107454901398
1930-01-11,7.615549663664096,-265.69984203392016,311.9525286994733,7.615549663664096,7.615549663664096,23.407222248184446,23.407222248184446,23.407222248184446,23.407222248184446,23.407222248184446,23.407222248184446,0.0,0.0,0.0,31.022771911848544
1930-01-12,7.61674150589589,-239.2152369128211,316.1442490369123,7.61674150589589,7.61674150589589,32.64604780494283,32.64604780494283,32.64604780494283,32.64604780494283,32.64604780494283,32.64604780494283,0.0,0.0,0.0,40.26278931083872
1931-01-01,8.038653655950954,-245.57631011370506,306.44586189967043,8.038653655950954,8.038653655950954,19.190294968190376,19.190294968190376,19.190294968190376,19.190294968190376,19.190294968190376,19.190294968190376,0.0,0.0,0.0,27.22894862414133
1931-01-02,8.039845498182748,-242.68926778671874,289.397668968828,8.039845498182748,8.039845498182748,19.969123565878682,19.969123565878682,19.969123565878682,19.969123565878682,19.969123565878682,19.969123565878682,0.0,0.0,0.0,28.008969064061432
1931-01-03,8.041037340414542,-234.369615386041,303.2651991030169,8.041037340414542,8.041037340414542,19.124320544719694,19.124320544719694,19.124320544719694,19.124320544719694,19.124320544719694,19.124320544719694,0.0,0.0,0.0,27.165357885134235
1931-01-04,8.042229182646336,-245.7501661335475,286.2779098222477,8.042229182646336,8.042229182646336,17.222330876874224,17.222330876874224,17.222330876874224,17.222330876874224,17.222330876874224,17.222330876874224,0.0,0.0,0.0,25.264560059520562
1931-01-05,8.04342102487813,-258.59852529671525,325.9001752409494,8.04342102487813,8.04342102487813,14.852235387074606,14.852235387074606,14.852235387074606,14.852235387074606,14.852235387074606,14.852235387074606,0.0,0.0,0.0,22.895656411952736
1931-01-06,8.044612867109924,-251.95888447231445,285.8374169902751,8.044612867109924,8.044612867109924,12.605036560919961,12.605036560919961,12.605036560919961,12.605036560919961,12.605036560919961,12.605036560919961,0.0,0.0,0.0,20.649649428029885
1931-01-07,8.045804709341718,-262.3351358619617,303.84996240030307,8.045804709341718,8.045804709341718,11.053067416287755,11.053067416287755,11.053067416287755,11.053067416287755,11.053067416287755,11.053067416287755,0.0,0.0,0.0,19.098872125629473
1931-01-08,8.046996551573512,-263.6834787921655,276.4340678735752,8.046996551573512,8.046996551573512,10.730148037005332,10.730148037005332,10.730148037005332,10.730148037005332,10.730148037005332,10.730148037005332,0.0,0.0,0.0,18.777144588578842
1931-01-09,8.048188393805304,-233.3096082170667,303.5811935501305,8.048188393805304,8.048188393805304,12.113089577740908,12.113089577740908,12.113089577740908,12.113089577740908,12.113089577740908,12.113089577740908,0.0,0.0,0.0,20.161277971546212
1931-01-10,8.0493802360371,-277.73324261373244,282.3880943563961,8.0493802360371,8.0493802360371,15.605103206709147,15.605103206709147,15.605103206709147,15.605103206709147,15.605103206709147,15.605103206709147,0.0,0.0,0.0,23.654483442746248
1931-01-11,8.050572078268894,-235.17310744994754,296.6239094421341,8.050572078268894,8.050572078268894,21.52161283050063,21.52161283050063,21.52161283050063,21.52161283050063,21.52161283050063,21.52161283050063,0.0,0.0,0.0,29.572184908769522
1931-01-12,8.051763920500687,-242.46413235254423,319.4732631613607,8.051763920500687,8.051763920500687,30.078897298785474,30.078897298785474,30.078897298785474,30.078897298785474,30.078897298785474,30.078897298785474,0.0,0.0,0.0,38.13066121928616
1932-01-01,8.47367607055575,-285.6315172517561,297.8572873879448,8.47367607055575,8.47367607055575,18.679315594652316,18.679315594652316,18.679315594652316,18.679315594652316,18.679315594652316,18.679315594652316,0.0,0.0,0.0,27.152991665208067
1932-01-02,8.474867912787547,-248.11220543565503,309.33513792687484,8.474867912787547,8.474867912787547,19.94796897668345,19.94796897668345,19.94796897668345,19.94796897668345,19.94796897668345,19.94796897668345,0.0,0.0,0.0,28.422836889470993
1932-01-03,8.47605975501934,-246.39272864662658,298.44004511974197,8.47605975501934,8.47605975501934,19.457304361819997,19.457304361819997,19.457304361819997,19.457304361819997,19.457304361819997,19.457304361819997,0.0,0.0,0.0,27.933364116839336
1932-01-04,8.477251597251135,-251.66251793454944,302.45949349144047,8.477251597251135,8.477251597251135,17.764916926993223,17.764916926993223,17.764916926993223,17.764916926993223,17.764916926993223,17.764916926993223,0.0,0.0,0.0,26.242168524244356
1932-01-05,8.478443439482929,-247.6506278854899,313.13079183033574,8.478443439482929,8.478443439482929,15.456161402601673,15.456161402601673,15.456161402601673,15.456161402601673,15.456161402601673,15.456161402601673,0.0,0.0,0.0,23.934604842084603
1932-01-06,8.479635281714721,-252.9435866726772,308.2925012443591,8.479635281714721,8.479635281714721,13.123505873832121,13.123505873832121,13.123505873832121,13.123505873832121,13.123505873832121,13.123505873832121,0.0,0.0,0.0,21.603141155546844
1932-01-07,8.480827123946517,-239.1451139139354,308.6806872740783,8.480827123946517,8.480827123946517,11.345850760894487,11.345850760894487,11.345850760894487,11.345850760894487,11.345850760894487,11.345850760894487,0.0,0.0,0.0,19.826677884841004
1932-01-08,8.48201896617831,-255.22645210526136,289.67807125698755,8.48201896617831,8.48201896617831,10.668440928798933,10.668440928798933,10.668440928798933,10.668440928798933,10.668440928798933,10.668440928798933,0.0,0.0,0.0,19.150459894977246
1932-01-09,8.483210808410105,-249.7152819636489,297.9402772322499,8.483210808410105,8.483210808410105,11.583978618036232,11.583978618036232,11.583978618036232,11.583978618036232,11.583978618036232,11.583978618036232,0.0,0.0,0.0,20.067189426446337
1932-01-10,8.484402650641899,-273.2543303447275,283.36712201043,8.484402650641899,8.484402650641899,14.515506833376344,14.515506833376344,14.515506833376344,14.515506833376344,14.515506833376344,14.515506833376344,0.0,0.0,0.0,22.999909484018243
1932-01-11,8.485594479277085,-257.27634837750855,297.2902855208435,8.485594479277085,8.485594479277085,19.801578127124056,19.801578127124056,19.801578127124056,19.801578127124056,19.801578127124056,19.801578127124056,0.0,0.0,0.0,28.287172606401143
1932-01-12,8.486786307912272,-250.06218694160535,307.6568879911064,8.486786307912272,8.486786307912272,27.684154012092442,27.684154012092442,27.684154012092442,27.684154012092442,27.684154012092442,27.684154012092442,0.0,0.0,0.0,36.17094032000472
1933-01-01,8.909885473403769,-258.6019095615664,305.8180229354915,8.909885473403769,8.909885473403769,19.81662307914719,19.81662307914719,19.81662307914719,19.81662307914719,19.81662307914719,19.81662307914719,0.0,0.0,0.0,28.726508552550957
1933-01-02,8.911077302038954,-263.9952777408666,318.1288714939291,8.911077302038954,8.911077302038954,19.715044530404995,19.715044530404995,19.715044530404995,19.715044530404995,19.715044530404995,19.715044530404995,0.0,0.0,0.0,28.62612183244395
1933-01-03,8.912269130674142,-241.7584463649984,313.39846506949226,8.912269130674142,8.912269130674142,18.268945216225838,18.268945216225838,18.268945216225838,18.268945216225838,18.268945216225838,18.268945216225838,0.0,0.0,0.0,27.181214346899978
1933-01-04,8.91346095930933,-271.11800971228564,293.3129099119026,8.91346095930933,8.91346095930933,16.058660298421245,16.058660298421245,16.058660298421245,16.058660298421245,16.058660298421245,16.058660298421245,0.0,0.0,0.0,24.972121257730574
1933-01-05,8.914652787944519,-249.5786628776375,291.83878473986607,8.914652787944519,8.914652787944519,13.676827820022684,13.676827820022684,13.676827820022684,13.676827820022684,13.676827820022684,13.676827820022684,0.0,0.0,0.0,22.591480607967203
1933-01-06,8.915844616579705,-254.8714226051151,309.6769662824074,8.915844616579705,8.915844616579705,11.7076571316169,11.7076571316169,11.7076571316169,11.7076571316169,11.7076571316169,11.7076571316169,0.0,0.0,0.0,20.623501748196603
1933-01-07,8.917036445214892,-275.02050258002845,290.1925900809095,8.917036445214892,8.917036445214892,10.706634645431183,10.706634645431183,10.706634645431183,10.706634645431183,10.706634645431183,10.706634645431183,0.0,0.0,0.0,19.623671090646077
1933-01-08,8.91822827385008,-255.28517096256365,301.1021666912526,8.91822827385008,8.91822827385008,11.181281375718292,11.181281375718292,11.181281375718292,11.181281375718292,11.181281375718292,11.181281375718292,0.0,0.0,0.0,20.099509649568372
1933-01-09,8.919420102485265,-263.3304340686127,292.06804308126704,8.919420102485265,8.919420102485265,13.573543030319035,13.573543030319035,13.573543030319035,13.573543030319035,13.573543030319035,13.573543030319035,0.0,0.0,0.0,22.4929631328043
1933-01-10,8.920611931120453,-268.57361155318677,304.86525678660786,8.920611931120453,8.920611931120453,18.2443427433392,18.2443427433392,18.2443427433392,18.2443427433392,18.2443427433392,18.2443427433392,0.0,0.0,0.0,27.16495467445965
1933-01-11,8.921803759755642,-222.6723962588764,305.1381198044087,8.921803759755642,8.921803759755642,25.460760409992965,25.460760409992965,25.460760409992965,25.460760409992965,25.460760409992965,25.460760409992965,0.0,0.0,0.0,34.382564169748605
1933-01-12,8.922995588390828,-228.15435339911278,318.7121614985831,8.922995588390828,8.922995588390828,35.38622296632203,35.38622296632203,35.38622296632203,35.38622296632203,35.38622296632203,35.38622296632203,0.0,0.0,0.0,44.30921855471286
1934-01-01,9.344902925247135,-265.1344112756152,305.4059019174014,9.344902925247135,9.344902925247135,19.566768728549974,19.566768728549974,19.566768728549974,19.566768728549974,19.566768728549974,19.566768728549974,0.0,0.0,0.0,28.911671653797107
1934-01-02,9.346094753882323,-248.6217076284557,295.411720594501,9.346094753882323,9.346094753882323,19.88859126385741,19.88859126385741,19.88859126385741,19.88859126385741,19.88859126385741,19.88859126385741,0.0,0.0,0.0,29.234686017739733
1934-01-03,9.34728658251751,-271.16783839726645,300.54142737812356,9.34728658251751,9.34728658251751,18.72515170872393,18.72515170872393,18.72515170872393,18.72515170872393,18.72515170872393,18.72515170872393,0.0,0.0,0.0,28.07243829124144
1934-01-04,9.348478411152698,-257.97095762509474,299.21250136687866,9.348478411152698,9.348478411152698,16.650478909344884,16.650478909344884,16.650478909344884,16.650478909344884,16.650478909344884,16.650478909344884,0.0,0.0,0.0,25.99895732049758
1934-01-05,9.349670239787885,-268.9182841326327,304.9187204318955,9.349670239787885,9.349670239787885,14.256082054315762,14.256082054315762,14.256082054315762,14.256082054315762,14.256082054315762,14.256082054315762,0.0,0.0,0.0,23.605752294103645
1934-01-06,9.350862068423073,-265.08724572327486,311.43937446859803,9.350862068423073,9.350862068423073,12.130208022412019,12.130208022412019,12.130208022412019,12.130208022412019,12.130208022412019,12.130208022412019,0.0,0.0,0.0,21.48107009083509
1934-01-07,9.352053897058259,-255.51929528510527,318.4135275264918,9.352053897058259,9.352053897058259,10.837379272791678,10.837379272791678,10.837379272791678,10.837379272791678,10.837379272791678,10.837379272791678,0.0,0.0,0.0,20.189433169849934
1934-01-08,9.353245725693448,-268.8199892867523,300.0964626119782,9.353245725693448,9.353245725693448,10.898832375733484,10.898832375733484,10.898832375733484,10.898832375733484,10.898832375733484,10.898832375733484,0.0,0.0,0.0,20.25207810142693
1934-01-09,9.354437554328634,-240.97542663352712,306.7584045847786,9.354437554328634,9.354437554328634,12.774448013774096,12.774448013774096,12.774448013774096,12.774448013774096,12.774448013774096,12.774448013774096,0.0,0.0,0.0,22.12888556810273
1934-01-10,9.355629382963823,-240.29246545941226,303.31731856361773,9.355629382963823,9.355629382963823,16.846716727579885,16.846716727579885,16.846716727579885,16.846716727579885,16.846716727579885,16.846716727579885,0.0,0.0,0.0,26.202346110543708
1934-01-11,9.356821211599009,-253.3909053629067,299.8545382898982,9.356821211599009,9.356821211599009,23.407222248167123,23.407222248167123,23.407222248167123,23.407222248167123,23.407222248167123,23.407222248167123,0.0,0.0,0.0,32.76404345976613
1934-01-12,9.358013040234196,-246.1438035954997,341.11086222051716,9.358013040234196,9.358013040234196,32.646047804928365,32.646047804928365,32.646047804928365,32.646047804928365,32.646047804928365,32.646047804928365,0.0,0.0,0.0,42.00406084516256
1935-01-01,9.779920377090503,-247.08037616154607,309.4854501713759,9.779920377090503,9.779920377090503,19.190294968181625,19.190294968181625,19.190294968181625,19.190294968181625,19.190294968181625,19.190294968181625,0.0,0.0,0.0,28.97021534527213
1935-01-02,9.781112205725693,-250.10775233552545,294.64899379112774,9.781112205725693,9.781112205725693,19.969123565914497,19.969123565914497,19.969123565914497,19.969123565914497,19.969123565914497,19.969123565914497,0.0,0.0,0.0,29.75023577164019
1935-01-03,9.782304034360878,-234.0367055955887,297.3882739924061,9.782304034360878,9.782304034360878,19.124320544715836,19.124320544715836,19.124320544715836,19.124320544715836,19.124320544715836,19.124320544715836,0.0,0.0,0.0,28.906624579076713
1935-01-04,9.783495862996066,-248.79811637227144,301.1345013074929,9.783495862996066,9.783495862996066,17.222330876848616,17.222330876848616,17.222330876848616,17.222330876848616,17.222330876848616,17.222330876848616,0.0,0.0,0.0,27.005826739844682
1935-01-05,9.784687691631254,-246.12754382248343,285.35855450109824,9.784687691631254,9.784687691631254,14.8522353871433,14.8522353871433,14.8522353871433,14.8522353871433,14.8522353871433,14.8522353871433,0.0,0.0,0.0,24.636923078774554
1935-01-06,9.785879520266441,-245.80552247447744,291.31303262481197,9.785879520266441,9.785879520266441,12.605036560907234,12.605036560907234,12.605036560907234,12.605036560907234,12.605036560907234,12.605036560907234,0.0,0.0,0.0,22.390916081173675
1935-01-07,9.787071348901627,-230.91039267104614,296.79503410158696,9.787071348901627,9.787071348901627,11.053067416272887,11.053067416272887,11.053067416272887,11.053067416272887,11.053067416272887,11.053067416272887,0.0,0.0,0.0,20.840138765174515
1935-01-08,9.788263177536816,-231.70852045745855,296.7601935602291,9.788263177536816,9.788263177536816,10.73014803700447,10.73014803700447,10.73014803700447,10.73014803700447,10.73014803700447,10.73014803700447,0.0,0.0,0.0,20.51841121454129
1935-01-09,9.789455006172004,-257.71204299743226,285.5652638991643,9.789455006172004,9.789455006172004,12.113089577703626,12.113089577703626,12.113089577703626,12.113089577703626,12.113089577703626,12.113089577703626,0.0,0.0,0.0,21.90254458387563
1935-01-10,9.790646834807191,-250.86261564958886,294.35704456042953,9.790646834807191,9.790646834807191,15.605103206692814,15.605103206692814,15.605103206692814,15.605103206692814,15.605103206692814,15.605103206692814,0.0,0.0,0.0,25.395750041500005
1935-01-11,9.791838663442377,-265.5168665356689,298.11620194317624,9.791838663442377,9.791838663442377,21.521612830498192,21.521612830498192,21.521612830498192,21.521612830498192,21.521612830498192,21.521612830498192,0.0,0.0,0.0,31.31345149394057
1935-01-12,9.793030492077564,-236.79687648238095,327.89888492216113,9.793030492077564,9.793030492077564,30.07889729876973,30.07889729876973,30.07889729876973,30.07889729876973,30.07889729876973,30.07889729876973,0.0,0.0,0.0,39.871927790847295
1936-01-01,10.214937828933873,-238.04469549557348,327.73048495454714,10.214937828933873,10.214937828933873,18.679315594684095,18.679315594684095,18.679315594684095,18.679315594684095,18.679315594684095,18.679315594684095,0.0,0.0,0.0,28.89425342361797
1936-01-02,10.216129657569061,-260.2261521966444,299.09912021820946,10.216129657569061,10.216129657569061,19.947968976730905,19.947968976730905,19.947968976730905,19.947968976730905,19.947968976730905,19.947968976730905,0.0,0.0,0.0,30.164098634299968
1936-01-03,10.217321486204247,-262.0240353765578,312.87197499768627,10.217321486204247,10.217321486204247,19.457304361880567,19.457304361880567,19.457304361880567,19.457304361880567,19.457304361880567,19.457304361880567,0.0,0.0,0.0,29.674625848084816
1936-01-04,10.218513314839434,-249.83783127796286,289.24906057893344,10.218513314839434,10.218513314839434,17.76491692699015,17.76491692699015,17.76491692699015,17.76491692699015,17.76491692699015,17.76491692699015,0.0,0.0,0.0,27.983430241829584
1936-01-05,10.21970514347462,-250.97780028273314,305.57416822814264,10.21970514347462,10.21970514347462,15.456161402619252,15.456161402619252,15.456161402619252,15.456161402619252,15.456161402619252,15.456161402619252,0.0,0.0,0.0,25.67586654609387
1936-01-06,10.2208969736192,-239.2729438230073,298.103426140178,10.2208969736192,10.2208969736192,13.123505873829998,13.123505873829998,13.123505873829998,13.123505873829998,13.123505873829998,13.123505873829998,0.0,0.0,0.0,23.344402847449196
1936-01-07,10.222088803763777,-237.63923892870991,290.36864097883273,10.222088803763777,10.222088803763777,11.34585076085629,11.34585076085629,11.34585076085629,11.34585076085629,11.34585076085629,11.34585076085629,0.0,0.0,0.0,21.56793956462007
1936-01-08,10.223280633908356,-247.56554447836868,303.5271183882418,10.223280633908356,10.223280633908356,10.668440928759033,10.668440928759033,10.668440928759033,10.668440928759033,10.668440928759033,10.668440928759033,0.0,0.0,0.0,20.89172156266739
1936-01-09,10.224472464052932,-257.37777148539544,295.2339870292152,10.224472464052932,10.224472464052932,11.583978618012335,11.583978618012335,11.583978618012335,11.583978618012335,11.583978618012335,11.583978618012335,0.0,0.0,0.0,21.808451082065268
1936-01-10,10.22566429419751,-254.43141589283766,302.1227783635421,10.22566429419751,10.22566429419751,14.515506833367866,14.515506833367866,14.515506833367866,14.515506833367866,14.515506833367866,14.515506833367866,0.0,0.0,0.0,24.741171127565377
1936-01-11,10.226856124342088,-273.56105531559336,306.6076712208808,10.226856124342088,10.226856124342088,19.801578127153025,19.801578127153025,19.801578127153025,19.801578127153025,19.801578127153025,19.801578127153025,0.0,0.0,0.0,30.028434251495113
1936-01-12,10.228047954486668,-248.69283353880712,312.68446565356555,10.228047954486668,10.228047954486668,27.68415401208065,27.68415401208065,27.68415401208065,27.68415401208065,27.68415401208065,27.68415401208065,0.0,0.0,0.0,37.912201966567316
1937-01-01,10.651147655811789,-235.0975054533175,319.5623837551333,10.651147655811789,10.651147655811789,19.816623079198077,19.816623079198077,19.816623079198077,19.816623079198077,19.816623079198077,19.816623079198077,0.0,0.0,0.0,30.467770735009864
1937-01-02,10.652339485956366,-262.5517339432661,293.5025615369717,10.652339485956366,10.652339485956366,19.715044530452733,19.715044530452733,19.715044530452733,19.715044530452733,19.715044530452733,19.715044530452733,0.0,0.0,0.0,30.367384016409098
1937-01-03,10.653531316100942,-237.90033803869608,306.0551568713165,10.653531316100942,10.653531316100942,18.268945216255634,18.268945216255634,18.268945216255634,18.268945216255634,18.268945216255634,18.268945216255634,0.0,0.0,0.0,28.922476532356576
1937-01-04,10.654723146245523,-222.8611104135378,295.0667525859886,10.654723146245523,10.654723146245523,16.058660298427903,16.058660298427903,16.058660298427903,16.058660298427903,16.058660298427903,16.058660298427903,0.0,0.0,0.0,26.713383444673426
1937-01-05,10.655914976390099,-267.30255302549836,303.59252170822583,10.655914976390099,10.655914976390099,13.67682781998164,13.67682781998164,13.67682781998164,13.67682781998164,13.67682781998164,13.67682781998164,0.0,0.0,0.0,24.33274279637174
1937-01-06,10.657106806534678,-250.0261616444351,296.35907395816463,10.657106806534678,10.657106806534678,11.707657131545954,11.707657131545954,11.707657131545954,11.707657131545954,11.707657131545954,11.707657131545954,0.0,0.0,0.0,22.364763938080632
1937-01-07,10.658298636679255,-234.90837730454135,289.3316010748054,10.658298636679255,10.658298636679255,10.706634645417616,10.706634645417616,10.706634645417616,10.706634645417616,10.706634645417616,10.706634645417616,0.0,0.0,0.0,21.36493328209687
1937-01-08,10.659490466823833,-266.20626890776055,303.2799460059797,10.659490466823833,10.659490466823833,11.181281375750629,11.181281375750629,11.181281375750629,11.181281375750629,11.181281375750629,11.181281375750629,0.0,0.0,0.0,21.840771842574462
1937-01-09,10.66068229696841,-250.43172523897422,319.30149578681824,10.66068229696841,10.66068229696841,13.5735430303153,13.5735430303153,13.5735430303153,13.5735430303153,13.5735430303153,13.5735430303153,0.0,0.0,0.0,24.23422532728371
1937-01-10,10.66187412711299,-243.3486076425611,303.8815703593047,10.66187412711299,10.66187412711299,18.244342743359287,18.244342743359287,18.244342743359287,18.244342743359287,18.244342743359287,18.244342743359287,0.0,0.0,0.0,28.906216870472278
1937-01-11,10.663065957257567,-247.91439186592237,322.98551110085504,10.663065957257567,10.663065957257567,25.460760410005964,25.460760410005964,25.460760410005964,25.460760410005964,25.460760410005964,25.460760410005964,0.0,0.0,0.0,36.12382636726353
1937-01-12,10.664257787402144,-244.16711410422127,307.43047649808676,10.664257787402144,10.664257787402144,35.38622296631115,35.38622296631115,35.38622296631115,35.38622296631115,35.38622296631115,35.38622296631115,0.0,0.0,0.0,46.050480753713295
1938-01-01,11.086165658582688,-239.53694793401758,284.95742828761286,11.086165658582688,11.086165658582688,19.566768728569137,19.566768728569137,19.566768728569137,19.566768728569137,19.566768728569137,19.566768728569137,0.0,0.0,0.0,30.652934387151824
1938-01-02,11.087357488727266,-235.49454908625913,317.315054183941,11.087357488727266,11.087357488727266,19.888591263873504,19.888591263873504,19.888591263873504,19.888591263873504,19.888591263873504,19.888591263873504,0.0,0.0,0.0,30.97594875260077
1938-01-03,11.088549318871845,-261.8160971406452,340.81787900015127,11.088549318871845,11.088549318871845,18.725151708679352,18.725151708679352,18.725151708679352,18.725151708679352,18.725151708679352,18.725151708679352,0.0,0.0,0.0,29.813701027551197
1938-01-04,11.089741149016422,-256.81443737498455,325.3696866504821,11.089741149016422,11.089741149016422,16.650478909290104,16.650478909290104,16.650478909290104,16.650478909290104,16.650478909290104,16.650478909290104,0.0,0.0,0.0,27.740220058306527
1938-01-05,11.090932979161,-231.49865906573822,302.06489152908574,11.090932979161,11.090932979161,14.25608205430224,14.25608205430224,14.25608205430224,14.25608205430224,14.25608205430224,14.25608205430224,0.0,0.0,0.0,25.34701503346324
1938-01-06,11.092124809305577,-255.69058812904433,286.0664125307187,11.092124809305577,11.092124809305577,12.130208022428526,12.130208022428526,12.130208022428526,12.130208022428526,12.130208022428526,12.130208022428526,0.0,0.0,0.0,23.222332831734104
1938-01-07,11.093316639450155,-247.54332301697485,287.9237926224027,11.093316639450155,11.093316639450155,10.837379272772944,10.837379272772944,10.837379272772944,10.837379272772944,10.837379272772944,10.837379272772944,0.0,0.0,0.0,21.9306959122231
1938-01-08,11.094508469594734,-239.10513125462828,303.0256746449598,11.094508469594734,11.094508469594734,10.89883237573971,10.89883237573971,10.89883237573971,10.89883237573971,10.89883237573971,10.89883237573971,0.0,0.0,0.0,21.993340845334444
1938-01-09,11.09570029973931,-257.9295663071604,310.1790178176569,11.09570029973931,11.09570029973931,12.77444801379858,12.77444801379858,12.77444801379858,12.77444801379858,12.77444801379858,12.77444801379858,0.0,0.0,0.0,23.87014831353789
1938-01-10,11.096892129883887,-252.8796012575573,317.4571197391578,11.096892129883887,11.096892129883887,16.846716727583566,16.846716727583566,16.846716727583566,16.846716727583566,16.846716727583566,16.846716727583566,0.0,0.0,0.0,27.943608857467453
1938-01-11,11.098083960028466,-244.46973207235294,316.9504783331316,11.098083960028466,11.098083960028466,23.40722224817097,23.40722224817097,23.40722224817097,23.40722224817097,23.40722224817097,23.40722224817097,0.0,0.0,0.0,34.505306208199436
1938-01-12,11.099275790173044,-230.78931737652755,305.0969479163946,11.099275790173044,11.099275790173044,32.64604780493598,32.64604780493598,32.64604780493598,32.64604780493598,32.64604780493598,32.64604780493598,0.0,0.0,0.0,43.74532359510903
1939-01-01,11.521183661353588,-236.04666694710573,298.1610020219238,11.521183661353588,11.521183661353588,19.19029496814761,19.19029496814761,19.19029496814761,19.19029496814761,19.19029496814761,19.19029496814761,0.0,0.0,0.0,30.7114786295012
1939-01-02,11.522375491498167,-253.32227820430356,304.4614465624922,11.522375491498167,11.522375491498167,19.9691235658633,19.9691235658633,19.9691235658633,19.9691235658633,19.9691235658633,19.9691235658633,0.0,0.0,0.0,31.491499057361466
1939-01-03,11.523567321642744,-244.17743194555598,323.5797376787604,11.523567321642744,11.523567321642744,19.12432054469425,19.12432054469425,19.12432054469425,19.12432054469425,19.12432054469425,19.12432054469425,0.0,0.0,0.0,30.647887866336994
1939-01-04,11.52475915178732,-249.86503391755045,305.69666313638595,11.52475915178732,11.52475915178732,17.22233087687834,17.22233087687834,17.22233087687834,17.22233087687834,17.22233087687834,17.22233087687834,0.0,0.0,0.0,28.74709002866566
1939-01-05,11.525950981931897,-260.39059750824356,305.86596503822074,11.525950981931897,11.525950981931897,14.852235387129522,14.852235387129522,14.852235387129522,14.852235387129522,14.852235387129522,14.852235387129522,0.0,0.0,0.0,26.378186369061417
1939-01-06,11.527142812076477,-240.264827827001,287.1218784753612,11.527142812076477,11.527142812076477,12.605036560925738,12.605036560925738,12.605036560925738,12.605036560925738,12.605036560925738,12.605036560925738,0.0,0.0,0.0,24.132179373002216
1939-01-07,11.528334642221054,-260.4198795826244,318.83457843454437,11.528334642221054,11.528334642221054,11.053067416307952,11.053067416307952,11.053067416307952,11.053067416307952,11.053067416307952,11.053067416307952,0.0,0.0,0.0,22.581402058529008
1939-01-08,11.529526472365632,-251.7475469980957,301.4354787333752,11.529526472365632,11.529526472365632,10.730148037016612,10.730148037016612,10.730148037016612,10.730148037016612,10.730148037016612,10.730148037016612,0.0,0.0,0.0,22.259674509382243
1939-01-09,11.530718302510211,-248.94833596523884,288.39942940490835,11.530718302510211,11.530718302510211,12.113089577715272,12.113089577715272,12.113089577715272,12.113089577715272,12.113089577715272,12.113089577715272,0.0,0.0,0.0,23.64380788022548
1939-01-10,11.531910132654788,-241.25616152610056,318.9815219837569,11.531910132654788,11.531910132654788,15.605103206687504,15.605103206687504,15.605103206687504,15.605103206687504,15.605103206687504,15.605103206687504,0.0,0.0,0.0,27.137013339342293
1939-01-11,11.533101962799366,-237.64379003613007,325.9656820470134,11.533101962799366,11.533101962799366,21.521612830503887,21.521612830503887,21.521612830503887,21.521612830503887,21.521612830503887,21.521612830503887,0.0,0.0,0.0,33.054714793303255
1939-01-12,11.534293792943945,-241.8721309097982,301.52268133791256,11.534293792943945,11.534293792943945,30.078897298782216,30.078897298782216,30.078897298782216,30.078897298782216,30.078897298782216,30.078897298782216,0.0,0.0,0.0,41.613191091726165
1940-01-01,11.956201184290196,-258.28764071549745,319.2623568890781,11.956201184290196,11.956201184290196,18.679315594619748,18.679315594619748,18.679315594619748,18.679315594619748,18.679315594619748,18.679315594619748,0.0,0.0,0.0,30.635516778909945
1940-01-02,11.957393013079308,-232.27020596897236,309.23105549247987,11.957393013079308,11.957393013079308,19.947968976701297,19.947968976701297,19.947968976701297,19.947968976701297,19.947968976701297,19.947968976701297,0.0,0.0,0.0,31.905361989780605
1940-01-03,11.958584841868422,-263.36763882096517,320.1870974802869,11.958584841868422,11.958584841868422,19.457304361889328,19.457304361889328,19.457304361889328,19.457304361889328,19.457304361889328,19.457304361889328,0.0,0.0,0.0,31.41588920375775
1940-01-04,11.959776670657535,-240.02341250311287,308.12146591008934,11.959776670657535,11.959776670657535,17.76491692700847,17.76491692700847,17.76491692700847,17.76491692700847,17.76491692700847,17.76491692700847,0.0,0.0,0.0,29.724693597666004
1940-01-05,11.96096849944665,-250.80904464220865,292.36723035185497,11.96096849944665,11.96096849944665,15.456161402648384,15.456161402648384,15.456161402648384,15.456161402648384,15.456161402648384,15.456161402648384,0.0,0.0,0.0,27.417129902095034
1940-01-06,11.962160328235763,-262.5511986037037,305.4975364296326,11.962160328235763,11.962160328235763,13.123505873827837,13.123505873827837,13.123505873827837,13.123505873827837,13.123505873827837,13.123505873827837,0.0,0.0,0.0,25.0856662020636
1940-01-07,11.963352157024875,-271.6792148733625,304.63788904187913,11.963352157024875,11.963352157024875,11.345850760880737,11.345850760880737,11.345850760880737,11.345850760880737,11.345850760880737,11.345850760880737,0.0,0.0,0.0,23.309202917905612
1940-01-08,11.964543985813991,-272.71268702066095,318.39228574978756,11.964543985813991,11.964543985813991,10.668440928764598,10.668440928764598,10.668440928764598,10.668440928764598,10.668440928764598,10.668440928764598,0.0,0.0,0.0,22.63298491457859
1940-01-09,11.965735814603105,-244.6489621424992,284.12079334322294,11.965735814603105,11.965735814603105,11.583978618049946,11.583978618049946,11.583978618049946,11.583978618049946,11.583978618049946,11.583978618049946,0.0,0.0,0.0,23.54971443265305
1940-01-10,11.966927643392218,-234.3462348303032,289.87967889212626,11.966927643392218,11.966927643392218,14.51550683337638,14.51550683337638,14.51550683337638,14.51550683337638,14.51550683337638,14.51550683337638,0.0,0.0,0.0,26.482434476768596
1940-01-11,11.968119472181334,-241.87493194671538,316.39241216302435,11.968119472181334,11.968119472181334,19.801578127133396,19.801578127133396,19.801578127133396,19.801578127133396,19.801578127133396,19.801578127133396,0.0,0.0,0.0,31.769697599314732
1940-01-12,11.969311300970446,-235.4291289600511,302.3453399535673,11.969311300970446,11.969311300970446,27.684154012085667,27.684154012085667,27.684154012085667,27.684154012085667,27.684154012085667,27.684154012085667,0.0,0.0,0.0,39.65346531305612
1941-01-01,12.39241052110581,-241.89425881275662,307.7003000787195,12.39241052110581,12.39241052110581,19.81662307918221,19.81662307918221,19.81662307918221,19.81662307918221,19.81662307918221,19.81662307918221,0.0,0.0,0.0,32.20903360028802
1941-01-02,12.393602349894925,-232.83263569965698,318.12534100713884,12.393602349894925,12.393602349894925,19.71504453046187,19.71504453046187,19.71504453046187,19.71504453046187,19.71504453046187,19.71504453046187,0.0,0.0,0.0,32.108646880356794
1941-01-03,12.39479417868404,-232.38821677559673,305.33689146252425,12.39479417868404,12.39479417868404,18.26894521625296,18.26894521625296,18.26894521625296,18.26894521625296,18.26894521625296,18.26894521625296,0.0,0.0,0.0,30.663739394936997
1941-01-04,12.395986007473152,-251.2630194434648,314.0114491545768,12.395986007473152,12.395986007473152,16.058660298416154,16.058660298416154,16.058660298416154,16.058660298416154,16.058660298416154,16.058660298416154,0.0,0.0,0.0,28.454646305889305
1941-01-05,12.397177836262268,-256.4685107022297,300.98976409930214,12.397177836262268,12.397177836262268,13.676827819987599,13.676827819987599,13.676827819987599,13.676827819987599,13.676827819987599,13.676827819987599,0.0,0.0,0.0,26.074005656249867
1941-01-06,12.39836966505138,-275.2783190742861,290.08554363036694,12.39836966505138,12.39836966505138,11.707657131595907,11.707657131595907,11.707657131595907,11.707657131595907,11.707657131595907,11.707657131595907,0.0,0.0,0.0,24.106026796647285
1941-01-07,12.399561493840492,-241.6613243224366,293.6181763000532,12.399561493840492,12.399561493840492,10.706634645403918,10.706634645403918,10.706634645403918,10.706634645403918,10.706634645403918,10.706634645403918,0.0,0.0,0.0,23.10619613924441
1941-01-08,12.400753322629608,-233.04359963570082,293.5189205635763,12.400753322629608,12.400753322629608,11.181281375705785,11.181281375705785,11.181281375705785,11.181281375705785,11.181281375705785,11.181281375705785,0.0,0.0,0.0,23.58203469833539
1941-01-09,12.401945151418722,-257.9015599454448,310.00196047156544,12.401945151418722,12.401945151418722,13.57354303029058,13.57354303029058,13.57354303029058,13.57354303029058,13.57354303029058,13.57354303029058,0.0,0.0,0.0,25.975488181709302
1941-01-10,12.403136980207835,-224.0350333099803,321.581378372752,12.403136980207835,12.403136980207835,18.244342743321692,18.244342743321692,18.244342743321692,18.244342743321692,18.244342743321692,18.244342743321692,0.0,0.0,0.0,30.64747972352953
1941-01-11,12.404328808996947,-230.58620196436368,318.1768737695248,12.404328808996947,12.404328808996947,25.460760410005157,25.460760410005157,25.460760410005157,25.460760410005157,25.460760410005157,25.460760410005157,0.0,0.0,0.0,37.8650892190021
1941-01-12,12.405520637786061,-241.5077462539358,339.4844129679017,12.405520637786061,12.405520637786061,35.386222966324155,35.386222966324155,35.386222966324155,35.386222966324155,35.386222966324155,35.386222966324155,0.0,0.0,0.0,47.791743604110216
1942-01-01,12.827428029132314,-227.21470817224707,315.55086353094345,12.827428029132314,12.827428029132314,19.56676872857497,19.56676872857497,19.56676872857497,19.56676872857497,19.56676872857497,19.56676872857497,0.0,0.0,0.0,32.394196757707284
1942-01-02,12.82861985792143,-251.85366838637785,308.7874644365207,12.82861985792143,12.82861985792143,19.888591263842123,19.888591263842123,19.888591263842123,19.888591263842123,19.888591263842123,19.888591263842123,0.0,0.0,0.0,32.717211121763555
1942-01-03,12.829811686710542,-234.48048531618738,317.65192094989726,12.829811686710542,12.829811686710542,18.72515170872846,18.72515170872846,18.72515170872846,18.72515170872846,18.72515170872846,18.72515170872846,0.0,0.0,0.0,31.554963395439003
1942-01-04,12.831003515499656,-256.50734314348784,301.6642823533816,12.831003515499656,12.831003515499656,16.650478909286935,16.650478909286935,16.650478909286935,16.650478909286935,16.650478909286935,16.650478909286935,0.0,0.0,0.0,29.48148242478659
1942-01-05,12.832195344288769,-264.7113451674965,321.3533807896247,12.832195344288769,12.832195344288769,14.256082054299924,14.256082054299924,14.256082054299924,14.256082054299924,14.256082054299924,14.256082054299924,0.0,0.0,0.0,27.088277398588694
1942-01-06,12.833387173077885,-230.90584228273397,320.0534194663477,12.833387173077885,12.833387173077885,12.130208022415589,12.130208022415589,12.130208022415589,12.130208022415589,12.130208022415589,12.130208022415589,0.0,0.0,0.0,24.963595195493475
1942-01-07,12.834579001866997,-266.37461211716794,293.73179753643024,12.834579001866997,12.834579001866997,10.837379272764045,10.837379272764045,10.837379272764045,10.837379272764045,10.837379272764045,10.837379272764045,0.0,0.0,0.0,23.67195827463104
1942-01-08,12.83577083065611,-249.69948935290876,318.43901799384344,12.83577083065611,12.83577083065611,10.898832375705156,10.898832375705156,10.898832375705156,10.898832375705156,10.898832375705156,10.898832375705156,0.0,0.0,0.0,23.734603206361264
1942-01-09,12.836962659445224,-254.52308530694302,309.4362159142068,12.836962659445224,12.836962659445224,12.774448013796382,12.774448013796382,12.774448013796382,12.774448013796382,12.774448013796382,12.774448013796382,0.0,0.0,0.0,25.611410673241608
1942-01-10,12.838154488234336,-246.09688383513617,306.64737702499247,12.838154488234336,12.838154488234336,16.846716727567983,16.846716727567983,16.846716727567983,16.846716727567983,16.846716727567983,16.846716727567983,0.0,0.0,0.0,29.684871215802318
1942-01-11,12.839346317023452,-210.04824954944948,301.63510701364504,12.839346317023452,12.839346317023452,23.4072222481739,23.4072222481739,23.4072222481739,23.4072222481739,23.4072222481739,23.4072222481739,0.0,0.0,0.0,36.24656856519735
1942-01-12,12.840538145812564,-247.29749424591037,329.9616683261933,12.840538145812564,12.840538145812564,32.64604780493163,32.64604780493163,32.64604780493163,32.64604780493163,32.64604780493163,32.64604780493163,0.0,0.0,0.0,45.48658595074419
1943-01-01,13.262445537158818,-238.21025524681866,317.88336094686457,13.262445537158818,13.262445537158818,19.190294968174108,19.190294968174108,19.190294968174108,19.190294968174108,19.190294968174108,19.190294968174108,0.0,0.0,0.0,32.452740505332926
1943-01-02,13.26363736594793,-237.91586075432468,316.226923045717,13.26363736594793,13.26363736594793,19.969123565868763,19.969123565868763,19.969123565868763,19.969123565868763,19.969123565868763,19.969123565868763,0.0,0.0,0.0,33.23276093181669
1943-01-03,13.264829194737043,-245.58830961149783,315.8277758070909,13.264829194737043,13.264829194737043,19.124320544712106,19.124320544712106,19.124320544712106,19.124320544712106,19.124320544712106,19.124320544712106,0.0,0.0,0.0,32.38914973944915
1943-01-04,13.266021023526159,-238.94893353221883,292.6179123817797,13.266021023526159,13.266021023526159,17.222330876875873,17.222330876875873,17.222330876875873,17.222330876875873,17.222330876875873,17.222330876875873,0.0,0.0,0.0,30.48835190040203
1943-01-05,13.26721285231527,-228.93037038843588,325.91788405900803,13.26721285231527,13.26721285231527,14.852235387097386,14.852235387097386,14.852235387097386,14.852235387097386,14.852235387097386,14.852235387097386,0.0,0.0,0.0,28.119448239412655
1943-01-06,13.268404681104387,-258.8447181631749,281.8960775480336,13.268404681104387,13.268404681104387,12.605036560885042,12.605036560885042,12.605036560885042,12.605036560885042,12.605036560885042,12.605036560885042,0.0,0.0,0.0,25.87344124198943
1943-01-07,13.269596507327623,-260.116476529678,282.0271072824326,13.269596507327623,13.269596507327623,11.053067416295574,11.053067416295574,11.053067416295574,11.053067416295574,11.053067416295574,11.053067416295574,0.0,0.0,0.0,24.322663923623196
1943-01-08,13.270788333550865,-261.85463873904456,298.4651064822448,13.270788333550865,13.270788333550865,10.73014803700427,10.73014803700427,10.73014803700427,10.73014803700427,10.73014803700427,10.73014803700427,0.0,0.0,0.0,24.000936370555134
1943-01-09,13.271980159774106,-259.29515153639557,299.458677863575,13.271980159774106,13.271980159774106,12.113089577735176,12.113089577735176,12.113089577735176,12.113089577735176,12.113089577735176,12.113089577735176,0.0,0.0,0.0,25.385069737509284
1943-01-10,13.273171985997344,-258.730458641006,311.4159372578645,13.273171985997344,13.273171985997344,15.605103206694134,15.605103206694134,15.605103206694134,15.605103206694134,15.605103206694134,15.605103206694134,0.0,0.0,0.0,28.878275192691476
1943-01-11,13.274363812220585,-232.5749068400084,336.83655107041886,13.274363812220585,13.274363812220585,21.52161283048977,21.52161283048977,21.52161283048977,21.52161283048977,21.52161283048977,21.52161283048977,0.0,0.0,0.0,34.79597664271036
1943-01-12,13.275555638443823,-240.60093578345985,319.2219217550607,13.275555638443823,13.275555638443823,30.078897298780387,30.078897298780387,30.078897298780387,30.078897298780387,30.078897298780387,30.078897298780387,0.0,0.0,0.0,43.35445293722421
1944-01-01,13.697462121470647,-235.69399877903507,318.84654184803526,13.697462121470647,13.697462121470647,18.679315594650372,18.679315594650372,18.679315594650372,18.679315594650372,18.679315594650372,18.679315594650372,0.0,0.0,0.0,32.37677771612102
1944-01-02,13.698653947693886,-262.0203945254835,297.94264136040664,13.698653947693886,13.698653947693886,19.947968976716066,19.947968976716066,19.947968976716066,19.947968976716066,19.947968976716066,19.947968976716066,0.0,0.0,0.0,33.646622924409954
1944-01-03,13.699845773917126,-250.34159569112563,303.997748660336,13.699845773917126,13.699845773917126,19.45730436185447,19.45730436185447,19.45730436185447,19.45730436185447,19.45730436185447,19.45730436185447,0.0,0.0,0.0,33.157150135771595
1944-01-04,13.701037600140365,-253.61968382292207,298.486346681791,13.701037600140365,13.701037600140365,17.76491692701834,17.76491692701834,17.76491692701834,17.76491692701834,17.76491692701834,17.76491692701834,0.0,0.0,0.0,31.465954527158708
1944-01-05,13.702229426363605,-260.9753805755352,305.5293935818224,13.702229426363605,13.702229426363605,15.456161402637068,15.456161402637068,15.456161402637068,15.456161402637068,15.456161402637068,15.456161402637068,0.0,0.0,0.0,29.158390829000673
1944-01-06,13.703421252586846,-256.67431903892435,304.99064728462383,13.703421252586846,13.703421252586846,13.123505873844463,13.123505873844463,13.123505873844463,13.123505873844463,13.123505873844463,13.123505873844463,0.0,0.0,0.0,26.826927126431308
1944-01-07,13.704613078810086,-268.15648657006534,313.127862912562,13.704613078810086,13.704613078810086,11.345850760877019,11.345850760877019,11.345850760877019,11.345850760877019,11.345850760877019,11.345850760877019,0.0,0.0,0.0,25.050463839687104
1944-01-08,13.705804905033325,-250.24609982500525,315.07391941982394,13.705804905033325,13.705804905033325,10.668440928771776,10.668440928771776,10.668440928771776,10.668440928771776,10.668440928771776,10.668440928771776,0.0,0.0,0.0,24.3742458338051
1944-01-09,13.706996731256565,-242.32961403254936,322.7850750439986,13.706996731256565,13.706996731256565,11.583978618047254,11.583978618047254,11.583978618047254,11.583978618047254,11.583978618047254,11.583978618047254,0.0,0.0,0.0,25.29097534930382
1944-01-10,13.708188557479804,-252.49564221148626,306.6255946219832,13.708188557479804,13.708188557479804,14.515506833362226,14.515506833362226,14.515506833362226,14.515506833362226,14.515506833362226,14.515506833362226,0.0,0.0,0.0,28.223695390842032
1944-01-11,13.709380383703044,-225.8272635616901,315.3794289599882,13.709380383703044,13.709380383703044,19.801578127142204,19.801578127142204,19.801578127142204,19.801578127142204,19.801578127142204,19.801578127142204,0.0,0.0,0.0,33.51095851084525
1944-01-12,13.710572209926283,-236.38936764455994,314.44777879496564,13.710572209926283,13.710572209926283,27.684154012093064,27.684154012093064,27.684154012093064,27.684154012093064,27.684154012093064,27.684154012093064,0.0,0.0,0.0,41.394726222019344
1945-01-01,14.133670519176347,-223.38146125193066,334.7855488265041,14.133670519176347,14.133670519176347,19.81662307918004,19.81662307918004,19.81662307918004,19.81662307918004,19.81662307918004,19.81662307918004,0.0,0.0,0.0,33.95029359835639
1945-01-02,14.134862345399585,-252.71647965769165,305.4452466007096,14.134862345399585,14.134862345399585,19.71504453043907,19.71504453043907,19.71504453043907,19.71504453043907,19.71504453043907,19.71504453043907,0.0,0.0,0.0,33.849906875838656
1945-01-03,14.136054171622826,-256.6936039379049,334.73661750441556,14.136054171622826,14.136054171622826,18.268945216229486,18.268945216229486,18.268945216229486,18.268945216229486,18.268945216229486,18.268945216229486,0.0,0.0,0.0,32.404999387852314
1945-01-04,14.137245997846067,-248.2139673027625,293.57348354920424,14.137245997846067,14.137245997846067,16.058660298412583,16.058660298412583,16.058660298412583,16.058660298412583,16.058660298412583,16.058660298412583,0.0,0.0,0.0,30.19590629625865
1945-01-05,14.138437824069303,-236.74769121726277,299.57584662577045,14.138437824069303,14.138437824069303,13.676827820025476,13.676827820025476,13.676827820025476,13.676827820025476,13.676827820025476,13.676827820025476,0.0,0.0,0.0,27.81526564409478
1945-01-06,14.139629650292544,-253.01610725579013,304.9933665814543,14.139629650292544,14.139629650292544,11.707657131595376,11.707657131595376,11.707657131595376,11.707657131595376,11.707657131595376,11.707657131595376,0.0,0.0,0.0,25.84728678188792
1945-01-07,14.140821476515782,-234.9262223928958,290.16604948196357,14.140821476515782,14.140821476515782,10.706634645402104,10.706634645402104,10.706634645402104,10.706634645402104,10.706634645402104,10.706634645402104,0.0,0.0,0.0,24.847456121917887
1945-01-08,14.142013302739024,-245.25229061991632,307.96797961609576,14.142013302739024,14.142013302739024,11.181281375735578,11.181281375735578,11.181281375735578,11.181281375735578,11.181281375735578,11.181281375735578,0.0,0.0,0.0,25.323294678474603
1945-01-09,14.143205128962263,-266.84177486503796,297.589838021458,14.143205128962263,14.143205128962263,13.573543030312607,13.573543030312607,13.573543030312607,13.573543030312607,13.573543030312607,13.573543030312607,0.0,0.0,0.0,27.71674815927487
1945-01-10,14.144396955185503,-251.57920491037316,308.75580274782936,14.144396955185503,14.144396955185503,18.244342743335608,18.244342743335608,18.244342743335608,18.244342743335608,18.244342743335608,18.244342743335608,0.0,0.0,0.0,32.38873969852111
1945-01-11,14.145588781408742,-236.45752396109302,324.455064198849,14.145588781408742,14.145588781408742,25.460760410004536,25.460760410004536,25.460760410004536,25.460760410004536,25.460760410004536,25.460760410004536,0.0,0.0,0.0,39.60634919141328
1945-01-12,14.146780607631982,-238.94483597816108,334.26793707454954,14.146780607631982,14.146780607631982,35.386222966312474,35.386222966312474,35.386222966312474,35.386222966312474,35.386222966312474,35.386222966312474,0.0,0.0,0.0,49.533003573944455
1946-01-01,14.568687090658804,-239.49624158527928,310.32956014972183,14.568687090658804,14.568687090658804,19.566768728562803,19.566768728562803,19.566768728562803,19.566768728562803,19.566768728562803,19.566768728562803,0.0,0.0,0.0,34.135455819221605
1946-01-02,14.569878916882043,-233.77663628667617,328.45520495178573,14.569878916882043,14.569878916882043,19.888591263839416,19.888591263839416,19.888591263839416,19.888591263839416,19.888591263839416,19.888591263839416,0.0,0.0,0.0,34.45847018072146
1946-01-03,14.571070743105285,-250.0396736098704,319.98588068892764,14.571070743105285,14.571070743105285,18.7251517087361,18.7251517087361,18.7251517087361,18.7251517087361,18.7251517087361,18.7251517087361,0.0,0.0,0.0,33.29622245184139
1946-01-04,14.572262569328522,-252.63029493663535,307.2325709189574,14.572262569328522,14.572262569328522,16.650478909306806,16.650478909306806,16.650478909306806,16.650478909306806,16.650478909306806,16.650478909306806,0.0,0.0,0.0,31.222741478635328
1946-01-05,14.573454395551764,-254.8223206801631,320.736491245761,14.573454395551764,14.573454395551764,14.256082054289001,14.256082054289001,14.256082054289001,14.256082054289001,14.256082054289001,14.256082054289001,0.0,0.0,0.0,28.829536449840766
1946-01-06,14.574646221775003,-245.59856362235251,304.92428168014084,14.574646221775003,14.574646221775003,12.130208022394733,12.130208022394733,12.130208022394733,12.130208022394733,12.130208022394733,12.130208022394733,0.0,0.0,0.0,26.704854244169738
1946-01-07,14.575838047998243,-267.73714963914693,320.30101173469166,14.575838047998243,14.575838047998243,10.837379272770802,10.837379272770802,10.837379272770802,10.837379272770802,10.837379272770802,10.837379272770802,0.0,0.0,0.0,25.413217320769043
1946-01-08,14.577029874221484,-244.9737221114756,294.2289789046561,14.577029874221484,14.577029874221484,10.898832375720923,10.898832375720923,10.898832375720923,10.898832375720923,10.898832375720923,10.898832375720923,0.0,0.0,0.0,25.47586224994241
1946-01-09,14.57822170044472,-231.83705724998472,296.7479615623193,14.57822170044472,14.57822170044472,12.774448013790156,12.774448013790156,12.774448013790156,12.774448013790156,12.774448013790156,12.774448013790156,0.0,0.0,0.0,27.352669714234878
1946-01-10,14.579413526667961,-252.2148525973839,297.9283520219617,14.579413526667961,14.579413526667961,16.846716727578347,16.846716727578347,16.846716727578347,16.846716727578347,16.846716727578347,16.846716727578347,0.0,0.0,0.0,31.42613025424631
1946-01-11,14.5806053528912,-221.64766693873105,336.4918029449959,14.5806053528912,14.5806053528912,23.407222248171372,23.407222248171372,23.407222248171372,23.407222248171372,23.407222248171372,23.407222248171372,0.0,0.0,0.0,37.98782760106257
1946-01-12,14.58179717911444,-232.95227418347147,324.7998259741042,14.58179717911444,14.58179717911444,32.64604780492522,32.64604780492522,32.64604780492522,32.64604780492522,32.64604780492522,32.64604780492522,0.0,0.0,0.0,47.227844984039656
1947-01-01,15.003703662141262,-235.82455560336768,319.4553697287254,15.003703662141262,15.003703662141262,19.190294968173273,19.190294968173273,19.190294968173273,19.190294968173273,19.190294968173273,19.190294968173273,0.0,0.0,0.0,34.19399863031454
1947-01-02,15.004895496836319,-233.86040191280117,320.46473591775987,15.004895496836319,15.004895496836319,19.96912356588367,19.96912356588367,19.96912356588367,19.96912356588367,19.96912356588367,19.96912356588367,0.0,0.0,0.0,34.97401906271999
1947-01-03,15.006087331531372,-244.61842306413942,317.9312504131294,15.006087331531372,15.006087331531372,19.12432054473492,19.12432054473492,19.12432054473492,19.12432054473492,19.12432054473492,19.12432054473492,0.0,0.0,0.0,34.13040787626629
1947-01-04,15.007279166226427,-256.33814114774697,314.6672646814471,15.007279166226427,15.007279166226427,17.22233087685762,17.22233087685762,17.22233087685762,17.22233087685762,17.22233087685762,17.22233087685762,0.0,0.0,0.0,32.229610043084044
1947-01-05,15.008471000921483,-245.83595530646264,314.15003468075196,15.008471000921483,15.008471000921483,14.852235387131692,14.852235387131692,14.852235387131692,14.852235387131692,14.852235387131692,14.852235387131692,0.0,0.0,0.0,29.860706388053174
1947-01-06,15.009662835616538,-246.95281513576398,307.9146460037747,15.009662835616538,15.009662835616538,12.605036560896513,12.605036560896513,12.605036560896513,12.605036560896513,12.605036560896513,12.605036560896513,0.0,0.0,0.0,27.614699396513053
1947-01-07,15.010854670311597,-251.8335526372185,280.763819901011,15.010854670311597,15.010854670311597,11.05306741629801,11.05306741629801,11.05306741629801,11.05306741629801,11.05306741629801,11.05306741629801,0.0,0.0,0.0,26.063922086609608
1947-01-08,15.012046505006648,-265.9165566685075,309.94475915179163,15.012046505006648,15.012046505006648,10.730148037023222,10.730148037023222,10.730148037023222,10.730148037023222,10.730148037023222,10.730148037023222,0.0,0.0,0.0,25.74219454202987
1947-01-09,15.013238339701706,-272.1859341007929,322.94225436167653,15.013238339701706,15.013238339701706,12.113089577722358,12.113089577722358,12.113089577722358,12.113089577722358,12.113089577722358,12.113089577722358,0.0,0.0,0.0,27.126327917424064
1947-01-10,15.01443017439676,-252.8302816507138,290.29190130183446,15.01443017439676,15.01443017439676,15.605103206693034,15.605103206693034,15.605103206693034,15.605103206693034,15.605103206693034,15.605103206693034,0.0,0.0,0.0,30.619533381089795
1947-01-11,15.015622009091816,-248.1095436481516,302.26752605750625,15.015622009091816,15.015622009091816,21.52161283049314,21.52161283049314,21.52161283049314,21.52161283049314,21.52161283049314,21.52161283049314,0.0,0.0,0.0,36.537234839584954
1947-01-12,15.016813843786874,-245.09079069722443,323.9672250412304,15.016813843786874,15.016813843786874,30.078897298780568,30.078897298780568,30.078897298780568,30.078897298780568,30.078897298780568,30.078897298780568,0.0,0.0,0.0,45.09571114256744
1948-01-01,15.438723325836495,-232.42076600343262,298.7722848222324,15.438723325836495,15.438723325836495,18.679315594667255,18.679315594667255,18.679315594667255,18.679315594667255,18.679315594667255,18.679315594667255,0.0,0.0,0.0,34.11803892050375
1948-01-02,15.43991516053155,-243.60668495568214,305.1534449676724,15.43991516053155,15.43991516053155,19.947968976708403,19.947968976708403,19.947968976708403,19.947968976708403,19.947968976708403,19.947968976708403,0.0,0.0,0.0,35.38788413723995
1948-01-03,15.441106995226606,-281.11392326541045,309.92618910548845,15.441106995226606,15.441106995226606,19.45730436185147,19.45730436185147,19.45730436185147,19.45730436185147,19.45730436185147,19.45730436185147,0.0,0.0,0.0,34.898411357078075
1948-01-04,15.442298829921663,-241.06204508697957,299.42441933490875,15.442298829921663,15.442298829921663,17.764916927004805,17.764916927004805,17.764916927004805,17.764916927004805,17.764916927004805,17.764916927004805,0.0,0.0,0.0,33.207215756926466
1948-01-05,15.443490664616716,-248.64963113092955,291.06158490038604,15.443490664616716,15.443490664616716,15.456161402644787,15.456161402644787,15.456161402644787,15.456161402644787,15.456161402644787,15.456161402644787,0.0,0.0,0.0,30.899652067261503
1948-01-06,15.444682499311774,-240.34690234874225,311.5306529171142,15.444682499311774,15.444682499311774,13.123505873812345,13.123505873812345,13.123505873812345,13.123505873812345,13.123505873812345,13.123505873812345,0.0,0.0,0.0,28.56818837312412
1948-01-07,15.445874334006827,-252.38371597398643,320.58689063429324,15.445874334006827,15.445874334006827,11.345850760880609,11.345850760880609,11.345850760880609,11.345850760880609,11.345850760880609,11.345850760880609,0.0,0.0,0.0,26.791725094887436
1948-01-08,15.447066168701884,-248.73198009319324,311.95565966524794,15.447066168701884,15.447066168701884,10.668440928763463,10.668440928763463,10.668440928763463,10.668440928763463,10.668440928763463,10.668440928763463,0.0,0.0,0.0,26.115507097465347
1948-01-09,15.448258003396937,-241.81328228548438,311.34055507457094,15.448258003396937,15.448258003396937,11.58397861803191,11.58397861803191,11.58397861803191,11.58397861803191,11.58397861803191,11.58397861803191,0.0,0.0,0.0,27.032236621428847
1948-01-10,15.449449838091995,-268.3153747531324,293.17471023831456,15.449449838091995,15.449449838091995,14.515506833367665,14.515506833367665,14.515506833367665,14.515506833367665,14.515506833367665,14.515506833367665,0.0,0.0,0.0,29.96495667145966
1948-01-11,15.45064167278705,-250.98570464887132,292.5296586697788,15.45064167278705,15.45064167278705,19.801578127155846,19.801578127155846,19.801578127155846,19.801578127155846,19.801578127155846,19.801578127155846,0.0,0.0,0.0,35.25221979994289
1948-01-12,15.451833507482105,-227.4432850234447,317.1835132248728,15.451833507482105,15.451833507482105,27.68415401208014,27.68415401208014,27.68415401208014,27.68415401208014,27.68415401208014,27.68415401208014,0.0,0.0,0.0,43.13598751956224
1949-01-01,15.874934824226784,-217.93134126041085,332.99592122542094,15.874934824226784,15.874934824226784,19.816623079172366,19.816623079172366,19.816623079172366,19.816623079172366,19.816623079172366,19.816623079172366,0.0,0.0,0.0,35.69155790339915
1949-01-02,15.87612665892184,-250.94483771308995,300.60355145441,15.87612665892184,15.87612665892184,19.71504453047276,19.71504453047276,19.71504453047276,19.71504453047276,19.71504453047276,19.71504453047276,0.0,0.0,0.0,35.5911711893946
1949-01-03,15.877318493616894,-239.66796871868678,314.2857941229523,15.877318493616894,15.877318493616894,18.268945216231394,18.268945216231394,18.268945216231394,18.268945216231394,18.268945216231394,18.268945216231394,0.0,0.0,0.0,34.146263709848284
1949-01-04,15.878510328311952,-254.28247251360347,320.1520878241223,15.878510328311952,15.878510328311952,16.058660298429594,16.058660298429594,16.058660298429594,16.058660298429594,16.058660298429594,16.058660298429594,0.0,0.0,0.0,31.937170626741548
1949-01-05,15.879702163007005,-265.8449223972792,295.3702281639153,15.879702163007005,15.879702163007005,13.676827820003703,13.676827820003703,13.676827820003703,13.676827820003703,13.676827820003703,13.676827820003703,0.0,0.0,0.0,29.55652998301071
1949-01-06,15.880893997702062,-232.57366966973393,312.0051517155149,15.880893997702062,15.880893997702062,11.707657131570848,11.707657131570848,11.707657131570848,11.707657131570848,11.707657131570848,11.707657131570848,0.0,0.0,0.0,27.588551129272908
1949-01-07,15.882085832397115,-270.880150467953,306.4544646378661,15.882085832397115,15.882085832397115,10.706634645396887,10.706634645396887,10.706634645396887,10.706634645396887,10.706634645396887,10.706634645396887,0.0,0.0,0.0,26.588720477794002
1949-01-08,15.883277667092173,-261.0240628921614,303.70874092512764,15.883277667092173,15.883277667092173,11.18128137573675,11.18128137573675,11.18128137573675,11.18128137573675,11.18128137573675,11.18128137573675,0.0,0.0,0.0,27.064559042828925
1949-01-09,15.884469501787228,-251.82714120182314,328.3513340805325,15.884469501787228,15.884469501787228,13.573543030308981,13.573543030308981,13.573543030308981,13.573543030308981,13.573543030308981,13.573543030308981,0.0,0.0,0.0,29.45801253209621
1949-01-10,15.885661336482283,-262.11675720576284,311.3980549760785,15.885661336482283,15.885661336482283,18.244342743343758,18.244342743343758,18.244342743343758,18.244342743343758,18.244342743343758,18.244342743343758,0.0,0.0,0.0,34.13000407982604
1949-01-11,15.88685317117734,-246.33403121579155,324.60649929183614,15.88685317117734,15.88685317117734,25.460760409998347,25.460760409998347,25.460760409998347,25.460760409998347,25.460760409998347,25.460760409998347,0.0,0.0,0.0,41.347613581175686
1949-01-12,15.888045005872394,-224.36777835505924,349.64300442213425,15.888045005872394,15.888045005872394,35.386222966312836,35.386222966312836,35.386222966312836,35.386222966312836,35.386222966312836,35.386222966312836,0.0,0.0,0.0,51.27426797218523
1950-01-01,16.30995448792202,-251.82439843137823,296.1645565308917,16.30995448792202,16.30995448792202,19.566768728570466,19.566768728570466,19.566768728570466,19.566768728570466,19.566768728570466,19.566768728570466,0.0,0.0,0.0,35.876723216492486
1950-01-02,16.311146322617073,-244.5559265203582,314.580076317349,16.311146322617073,16.311146322617073,19.88859126383094,19.88859126383094,19.88859126383094,19.88859126383094,19.88859126383094,19.88859126383094,0.0,0.0,0.0,36.19973758644801
1950-01-03,16.31233815731213,-271.0069886551771,332.1570808136539,16.31233815731213,16.31233815731213,18.72515170869787,18.72515170869787,18.72515170869787,18.72515170869787,18.72515170869787,18.72515170869787,0.0,0.0,0.0,35.03748986601
1950-01-04,16.313529992007183,-253.21031079629793,310.02036597188703,16.313529992007183,16.313529992007183,16.650478909288612,16.650478909288612,16.650478909288612,16.650478909288612,16.650478909288612,16.650478909288612,0.0,0.0,0.0,32.9640089012958
1950-01-05,16.31472182670224,-240.36602949727012,316.0459184936708,16.31472182670224,16.31472182670224,14.256082054286685,14.256082054286685,14.256082054286685,14.256082054286685,14.256082054286685,14.256082054286685,0.0,0.0,0.0,30.570803880988926
1950-01-06,16.315913661397296,-262.27392995615224,302.1159109283139,16.315913661397296,16.315913661397296,12.130208022434761,12.130208022434761,12.130208022434761,12.130208022434761,12.130208022434761,12.130208022434761,0.0,0.0,0.0,28.446121683832057
1950-01-07,16.31710549609235,-259.54846979669844,309.11995615341954,16.31710549609235,16.31710549609235,10.837379272786384,10.837379272786384,10.837379272786384,10.837379272786384,10.837379272786384,10.837379272786384,0.0,0.0,0.0,27.15448476887873
1950-01-08,16.318297330787406,-245.75946017884593,299.3369003322602,16.318297330787406,16.318297330787406,10.898832375727974,10.898832375727974,10.898832375727974,10.898832375727974,10.898832375727974,10.898832375727974,0.0,0.0,0.0,27.21712970651538
1950-01-09,16.319489275795053,-248.81890358029133,320.67696790597296,16.319489275795053,16.319489275795053,12.774448013782061,12.774448013782061,12.774448013782061,12.774448013782061,12.774448013782061,12.774448013782061,0.0,0.0,0.0,29.093937289577113
1950-01-10,16.320681220802697,-244.09830295963047,310.5155497968035,16.320681220802697,16.320681220802697,16.84671672758562,16.84671672758562,16.84671672758562,16.84671672758562,16.84671672758562,16.84671672758562,0.0,0.0,0.0,33.16739794838831
1950-01-11,16.32187316581034,-252.88243911838708,313.7298050172339,16.32187316581034,16.32187316581034,23.407222248171813,23.407222248171813,23.407222248171813,23.407222248171813,23.407222248171813,23.407222248171813,0.0,0.0,0.0,39.72909541398215
1950-01-12,16.323065110817993,-228.03262806677384,330.75518485517597,16.323065110817993,16.323065110817993,32.6460478049269,32.6460478049269,32.6460478049269,32.6460478049269,32.6460478049269,32.6460478049269,0.0,0.0,0.0,48.969112915744894
1951-01-01,16.745013643524842,-234.88355712705814,319.67005968300106,16.745013643524842,16.745013643524842,19.190294968181433,19.190294968181433,19.190294968181433,19.190294968181433,19.190294968181433,19.190294968181433,0.0,0.0,0.0,35.935308611706276
1951-01-02,16.74620558853249,-242.98975291229442,297.60290515309595,16.74620558853249,16.74620558853249,19.969123565864813,19.969123565864813,19.969123565864813,19.969123565864813,19.969123565864813,19.969123565864813,0.0,0.0,0.0,36.7153291543973
1951-01-03,16.747397533540134,-240.3368407205093,308.81463504946225,16.747397533540134,16.747397533540134,19.124320544695653,19.124320544695653,19.124320544695653,19.124320544695653,19.124320544695653,19.124320544695653,0.0,0.0,0.0,35.87171807823579
1951-01-04,16.748589478547785,-252.22524316576542,315.36728565045087,16.748589478547785,16.748589478547785,17.222330876881117,17.222330876881117,17.222330876881117,17.222330876881117,17.222330876881117,17.222330876881117,0.0,0.0,0.0,33.9709203554289
1951-01-05,16.74978142355543,-231.1075979509797,299.7489982445539,16.74978142355543,16.74978142355543,14.852235387122526,14.852235387122526,14.852235387122526,14.852235387122526,14.852235387122526,14.852235387122526,0.0,0.0,0.0,31.602016810677956
1951-01-06,16.750973368563074,-254.49919373038549,306.18873268765236,16.750973368563074,16.750973368563074,12.605036560888566,12.605036560888566,12.605036560888566,12.605036560888566,12.605036560888566,12.605036560888566,0.0,0.0,0.0,29.356009929451638
1951-01-07,16.752165313570725,-240.26595868404493,293.8823449545094,16.752165313570725,16.752165313570725,11.053067416286986,11.053067416286986,11.053067416286986,11.053067416286986,11.053067416286986,11.053067416286986,0.0,0.0,0.0,27.80523272985771
1951-01-08,16.75335725857837,-247.5993087716766,293.8562138961669,16.75335725857837,16.75335725857837,10.730148037012748,10.730148037012748,10.730148037012748,10.730148037012748,10.730148037012748,10.730148037012748,0.0,0.0,0.0,27.483505295591115
1951-01-09,16.754549203586016,-242.63927040298185,301.83968930659887,16.754549203586016,16.754549203586016,12.113089577720967,12.113089577720967,12.113089577720967,12.113089577720967,12.113089577720967,12.113089577720967,0.0,0.0,0.0,28.867638781306983
1951-01-10,16.755741148593664,-247.32968183783487,291.75024744635556,16.755741148593664,16.755741148593664,15.605103206705431,15.605103206705431,15.605103206705431,15.605103206705431,15.605103206705431,15.605103206705431,0.0,0.0,0.0,32.36084435529909
1951-01-11,16.756933093601308,-227.01865849688204,318.56167606810095,16.756933093601308,16.756933093601308,21.52161283048902,21.52161283048902,21.52161283048902,21.52161283048902,21.52161283048902,21.52161283048902,0.0,0.0,0.0,38.278545924090324
1951-01-12,16.758125038608956,-205.04218708885296,327.0002718924913,16.758125038608956,16.758125038608956,30.078897298780788,30.078897298780788,30.078897298780788,30.078897298780788,30.078897298780788,30.078897298780788,0.0,0.0,0.0,46.83702233738974
1952-01-01,17.180073571315805,-237.43530531676302,310.9505792249825,17.180073571315805,17.180073571315805,18.67931559464989,18.67931559464989,18.67931559464989,18.67931559464989,18.67931559464989,18.67931559464989,0.0,0.0,0.0,35.859389165965695
1952-01-02,17.181265516323453,-240.78678146702288,313.6517107540865,17.181265516323453,17.181265516323453,19.947968976707067,19.947968976707067,19.947968976707067,19.947968976707067,19.947968976707067,19.947968976707067,0.0,0.0,0.0,37.12923449303052
1952-01-03,17.182457461331097,-240.0790089826802,298.57433285333354,17.182457461331097,17.182457461331097,19.457304361890376,19.457304361890376,19.457304361890376,19.457304361890376,19.457304361890376,19.457304361890376,0.0,0.0,0.0,36.63976182322148
1952-01-04,17.18364940633875,-245.6488460602166,329.6279809195573,17.18364940633875,17.18364940633875,17.764916926996793,17.764916926996793,17.764916926996793,17.764916926996793,17.764916926996793,17.764916926996793,0.0,0.0,0.0,34.94856633333554
1952-01-05,17.184841351346392,-242.23392490623206,294.155706345883,17.184841351346392,17.184841351346392,15.456161402642442,15.456161402642442,15.456161402642442,15.456161402642442,15.456161402642442,15.456161402642442,0.0,0.0,0.0,32.641002753988836
1952-01-06,17.18603329635404,-248.2705490223309,334.2611095454635,17.18603329635404,17.18603329635404,13.123505873815532,13.123505873815532,13.123505873815532,13.123505873815532,13.123505873815532,13.123505873815532,0.0,0.0,0.0,30.30953917016957
1952-01-07,17.187225241361684,-264.6997622245966,325.15715762930785,17.187225241361684,17.187225241361684,11.34585076087332,11.34585076087332,11.34585076087332,11.34585076087332,11.34585076087332,11.34585076087332,0.0,0.0,0.0,28.533076002235006
1952-01-08,17.188417186369332,-245.49080658902324,304.41352118734926,17.188417186369332,17.188417186369332,10.66844092877458,10.66844092877458,10.66844092877458,10.66844092877458,10.66844092877458,10.66844092877458,0.0,0.0,0.0,27.85685811514391
1952-01-09,17.18960913137698,-242.5147764204844,307.5271047304738,17.18960913137698,17.18960913137698,11.583978618038758,11.583978618038758,11.583978618038758,11.583978618038758,11.583978618038758,11.583978618038758,0.0,0.0,0.0,28.77358774941574
1952-01-10,17.190801076384624,-247.19599469432097,318.5248537535631,17.190801076384624,17.190801076384624,14.515506833366986,14.515506833366986,14.515506833366986,14.515506833366986,14.515506833366986,14.515506833366986,0.0,0.0,0.0,31.706307909751608
1952-01-11,17.19199302139227,-246.06665815643038,333.6614570302497,17.19199302139227,17.19199302139227,19.801578127143358,19.801578127143358,19.801578127143358,19.801578127143358,19.801578127143358,19.801578127143358,0.0,0.0,0.0,36.99357114853563
1952-01-12,17.19318496639992,-248.5813346731204,313.6462036636646,17.19318496639992,17.19318496639992,27.684154012083287,27.684154012083287,27.684154012083287,27.684154012083287,27.684154012083287,27.684154012083287,0.0,0.0,0.0,44.87733897848321
1953-01-01,17.616325444114416,-250.30551890719096,322.24275476789285,17.616325444114416,17.616325444114416,19.816623079184353,19.816623079184353,19.816623079184353,19.816623079184353,19.816623079184353,19.816623079184353,0.0,0.0,0.0,37.43294852329877
1953-01-02,17.617517389122064,-234.72750443899926,302.0036408466548,17.617517389122064,17.617517389122064,19.715044530444136,19.715044530444136,19.715044530444136,19.715044530444136,19.715044530444136,19.715044530444136,0.0,0.0,0.0,37.3325619195662
1953-01-03,17.618709334129708,-255.45560546765142,302.53218690052285,17.618709334129708,17.618709334129708,18.268945216229177,18.268945216229177,18.268945216229177,18.268945216229177,18.268945216229177,18.268945216229177,0.0,0.0,0.0,35.88765455035889
1953-01-04,17.619901279137355,-237.10205945299634,312.71239690892816,17.619901279137355,17.619901279137355,16.0586602984273,16.0586602984273,16.0586602984273,16.0586602984273,16.0586602984273,16.0586602984273,0.0,0.0,0.0,33.67856157756465
1953-01-05,17.621093224145003,-233.5645431295515,325.99659360746574,17.621093224145003,17.621093224145003,13.676827820001451,13.676827820001451,13.676827820001451,13.676827820001451,13.676827820001451,13.676827820001451,0.0,0.0,0.0,31.297921044146456
1953-01-06,17.622285169152647,-261.5358466022872,290.9496581881083,17.622285169152647,17.622285169152647,11.70765713159447,11.70765713159447,11.70765713159447,11.70765713159447,11.70765713159447,11.70765713159447,0.0,0.0,0.0,29.329942300747117
1953-01-07,17.623477114160295,-241.23550170541316,292.8517141848128,17.623477114160295,17.623477114160295,10.706634645394853,10.706634645394853,10.706634645394853,10.706634645394853,10.706634645394853,10.706634645394853,0.0,0.0,0.0,28.330111759555148
1953-01-08,17.624669059167942,-259.56964819112216,324.6799354553734,17.624669059167942,17.624669059167942,11.181281375720086,11.181281375720086,11.181281375720086,11.181281375720086,11.181281375720086,11.181281375720086,0.0,0.0,0.0,28.80595043488803
1953-01-09,17.625861004175587,-270.09981950058676,306.0050601467191,17.625861004175587,17.625861004175587,13.573543030301035,13.573543030301035,13.573543030301035,13.573543030301035,13.573543030301035,13.573543030301035,0.0,0.0,0.0,31.199404034476622
1953-01-10,17.627052949183234,-249.52009586116202,298.8813825559127,17.627052949183234,17.627052949183234,18.244342743334272,18.244342743334272,18.244342743334272,18.244342743334272,18.244342743334272,18.244342743334272,0.0,0.0,0.0,35.87139569251751
1953-01-11,17.628244894190882,-250.08068602791312,305.72605315442644,17.628244894190882,17.628244894190882,25.460760409994393,25.460760409994393,25.460760409994393,25.460760409994393,25.460760409994393,25.460760409994393,0.0,0.0,0.0,43.08900530418528
1953-01-12,17.62943683919853,-229.0214133160756,350.23094634845796,17.62943683919853,17.62943683919853,35.38622296631324,35.38622296631324,35.38622296631324,35.38622296631324,35.38622296631324,35.38622296631324,0.0,0.0,0.0,53.015659805511774
1954-01-01,18.05138537190538,-237.04015241250127,312.4975011474657,18.05138537190538,18.05138537190538,19.566768728563414,19.566768728563414,19.566768728563414,19.566768728563414,19.566768728563414,19.566768728563414,0.0,0.0,0.0,37.61815410046879
1954-01-02,18.052577316913023,-253.72212452771845,315.2382178493604,18.052577316913023,18.052577316913023,19.8885912638284,19.8885912638284,19.8885912638284,19.8885912638284,19.8885912638284,19.8885912638284,0.0,0.0,0.0,37.94116858074142
1954-01-03,18.053769273402825,-246.3690348768965,312.00054768917227,18.053769273402825,18.053769273402825,18.72515170872091,18.72515170872091,18.72515170872091,18.72515170872091,18.72515170872091,18.72515170872091,0.0,0.0,0.0,36.778920982123736
1954-01-04,18.054961229892626,-244.53408025593856,313.30105629600376,18.054961229892626,18.054961229892626,16.650478909306237,16.650478909306237,16.650478909306237,16.650478909306237,16.650478909306237,16.650478909306237,0.0,0.0,0.0,34.70544013919886
1954-01-05,18.056153186382424,-244.68773633492063,324.6755448773727,18.056153186382424,18.056153186382424,14.25608205429986,14.25608205429986,14.25608205429986,14.25608205429986,14.25608205429986,14.25608205429986,0.0,0.0,0.0,32.312235240682284
1954-01-06,18.057345142872222,-253.26889002063035,329.8811834031821,18.057345142872222,18.057345142872222,12.13020802241288,12.13020802241288,12.13020802241288,12.13020802241288,12.13020802241288,12.13020802241288,0.0,0.0,0.0,30.187553165285102
1954-01-07,18.05853709936202,-261.4340786582728,304.2623080659508,18.05853709936202,18.05853709936202,10.837379272777284,10.837379272777284,10.837379272777284,10.837379272777284,10.837379272777284,10.837379272777284,0.0,0.0,0.0,28.895916372139304
1954-01-08,18.05972905585182,-242.0261222931584,313.8704794910242,18.05972905585182,18.05972905585182,10.898832375713837,10.898832375713837,10.898832375713837,10.898832375713837,10.898832375713837,10.898832375713837,0.0,0.0,0.0,28.95856143156566
1954-01-09,18.06092101234162,-235.3565607892847,315.9908268086022,18.06092101234162,18.06092101234162,12.77444801378078,12.77444801378078,12.77444801378078,12.77444801378078,12.77444801378078,12.77444801378078,0.0,0.0,0.0,30.8353690261224
1954-01-10,18.06211296883142,-238.35840067697168,327.0486096211371,18.06211296883142,18.06211296883142,16.84671672758692,16.84671672758692,16.84671672758692,16.84671672758692,16.84671672758692,16.84671672758692,0.0,0.0,0.0,34.90882969641834
1954-01-11,18.06330492532122,-245.7159101451289,322.08769313635247,18.06330492532122,18.06330492532122,23.407222248169834,23.407222248169834,23.407222248169834,23.407222248169834,23.407222248169834,23.407222248169834,0.0,0.0,0.0,41.47052717349105
1954-01-12,18.064496881811017,-237.3748447569255,337.9227903446974,18.064496881811017,18.064496881811017,32.64604780492569,32.64604780492569,32.64604780492569,32.64604780492569,32.64604780492569,32.64604780492569,0.0,0.0,0.0,50.71054468673671
1955-01-01,18.486449479200004,-240.47853126932029,284.4913419084596,18.486449479200004,18.486449479200004,19.19029496816476,19.19029496816476,19.19029496816476,19.19029496816476,19.19029496816476,19.19029496816476,0.0,0.0,0.0,37.67674444736477
1955-01-02,18.487641435689802,-245.49206475494776,311.8517304052765,18.487641435689802,18.487641435689802,19.969123565899004,19.969123565899004,19.969123565899004,19.969123565899004,19.969123565899004,19.969123565899004,0.0,0.0,0.0,38.456765001588806
1955-01-03,18.488833392179604,-229.619502043621,311.10551308945526,18.488833392179604,18.488833392179604,19.12432054471985,19.12432054471985,19.12432054471985,19.12432054471985,19.12432054471985,19.12432054471985,0.0,0.0,0.0,37.61315393689945
1955-01-04,18.490025348669402,-266.43126270675515,298.45085711851937,18.490025348669402,18.490025348669402,17.22233087687405,17.22233087687405,17.22233087687405,17.22233087687405,17.22233087687405,17.22233087687405,0.0,0.0,0.0,35.71235622554345
1955-01-05,18.491217305159203,-235.37781800870502,307.54895794964443,18.491217305159203,18.491217305159203,14.852235387130053,14.852235387130053,14.852235387130053,14.852235387130053,14.852235387130053,14.852235387130053,0.0,0.0,0.0,33.343452692289254
1955-01-06,18.492409261649,-245.83881945219963,323.478772931624,18.492409261649,18.492409261649,12.605036560896952,12.605036560896952,12.605036560896952,12.605036560896952,12.605036560896952,12.605036560896952,0.0,0.0,0.0,31.097445822545954
1955-01-07,18.4936012181388,-263.9399428299317,300.88713562008263,18.4936012181388,18.4936012181388,11.053067416286234,11.053067416286234,11.053067416286234,11.053067416286234,11.053067416286234,11.053067416286234,0.0,0.0,0.0,29.546668634425032
1955-01-08,18.494793174628597,-261.2931383912497,319.9302017106316,18.494793174628597,18.494793174628597,10.730148037026206,10.730148037026206,10.730148037026206,10.730148037026206,10.730148037026206,10.730148037026206,0.0,0.0,0.0,29.2249412116548
1955-01-09,18.4959851311184,-243.8436143236997,304.6652051763271,18.4959851311184,18.4959851311184,12.113089577727028,12.113089577727028,12.113089577727028,12.113089577727028,12.113089577727028,12.113089577727028,0.0,0.0,0.0,30.609074708845426
1955-01-10,18.4971770876082,-228.71800561346922,298.2318477249274,18.4971770876082,18.4971770876082,15.6051032067062,15.6051032067062,15.6051032067062,15.6051032067062,15.6051032067062,15.6051032067062,0.0,0.0,0.0,34.1022802943144
1955-01-11,18.498369044098,-257.60461922183765,325.0540334248946,18.498369044098,18.498369044098,21.52161283049444,21.52161283049444,21.52161283049444,21.52161283049444,21.52161283049444,21.52161283049444,0.0,0.0,0.0,40.01998187459244
1955-01-12,18.499561000587796,-235.45440920568788,344.49832045669024,18.499561000587796,18.499561000587796,30.078897298780237,30.078897298780237,30.078897298780237,30.078897298780237,30.078897298780237,30.078897298780237,0.0,0.0,0.0,48.57845829936804
1956-01-01,18.921513597976784,-250.9289873131855,330.2246000837712,18.921513597976784,18.921513597976784,18.679315594645566,18.679315594645566,18.679315594645566,18.679315594645566,18.679315594645566,18.679315594645566,0.0,0.0,0.0,37.60082919262235
1956-01-02,18.922705554466585,-214.4260731076459,337.5239437142975,18.922705554466585,18.922705554466585,19.94796897669964,19.94796897669964,19.94796897669964,19.94796897669964,19.94796897669964,19.94796897669964,0.0,0.0,0.0,38.87067453116623
1956-01-03,18.92389751095638,-237.26068186155132,319.41571238009425,18.92389751095638,18.92389751095638,19.45730436186206,19.45730436186206,19.45730436186206,19.45730436186206,19.45730436186206,19.45730436186206,0.0,0.0,0.0,38.38120187281844
1956-01-04,18.92508946744618,-266.8312398933535,310.05601365929994,18.92508946744618,18.92508946744618,17.764916926998783,17.764916926998783,17.764916926998783,17.764916926998783,17.764916926998783,17.764916926998783,0.0,0.0,0.0,36.690006394444964
1956-01-05,18.92628142393598,-240.66345472819364,317.9863423941391,18.92628142393598,18.92628142393598,15.456161402624433,15.456161402624433,15.456161402624433,15.456161402624433,15.456161402624433,15.456161402624433,0.0,0.0,0.0,34.382442826560414
1956-01-06,18.92747338042578,-270.4297232853863,298.0971912052486,18.92747338042578,18.92747338042578,13.123505873817207,13.123505873817207,13.123505873817207,13.123505873817207,13.123505873817207,13.123505873817207,0.0,0.0,0.0,32.05097925424299
1956-01-07,18.92866533691558,-260.1164287709144,302.3059662522584,18.92866533691558,18.92866533691558,11.345850760897381,11.345850760897381,11.345850760897381,11.345850760897381,11.345850760897381,11.345850760897381,0.0,0.0,0.0,30.27451609781296
1956-01-08,18.92985729340538,-261.5799106816633,328.53610189332954,18.92985729340538,18.92985729340538,10.668440928764818,10.668440928764818,10.668440928764818,10.668440928764818,10.668440928764818,10.668440928764818,0.0,0.0,0.0,29.5982982221702
1956-01-09,18.931049249895178,-243.18166694298748,315.42505880367406,18.931049249895178,18.931049249895178,11.583978618028064,11.583978618028064,11.583978618028064,11.583978618028064,11.583978618028064,11.583978618028064,0.0,0.0,0.0,30.515027867923244
1956-01-10,18.932241206384976,-237.64980862031356,327.59817033976225,18.932241206384976,18.932241206384976,14.515506833361842,14.515506833361842,14.515506833361842,14.515506833361842,14.515506833361842,14.515506833361842,0.0,0.0,0.0,33.44774803974682
1956-01-11,18.933433162874778,-231.72335959843488,315.0985156088063,18.933433162874778,18.933433162874778,19.801578127141582,19.801578127141582,19.801578127141582,19.801578127141582,19.801578127141582,19.801578127141582,0.0,0.0,0.0,38.73501129001636
1956-01-12,18.934625119364576,-242.97472704643258,308.9651504902257,18.934625119364576,18.934625119364576,27.68415401208574,27.68415401208574,27.68415401208574,27.68415401208574,27.68415401208574,27.68415401208574,0.0,0.0,0.0,46.61877913145032
1957-01-01,19.35776967324336,-234.8243295993484,323.9209628461971,19.35776967324336,19.35776967324336,19.81662307917713,19.81662307917713,19.81662307917713,19.81662307917713,19.81662307917713,19.81662307917713,0.0,0.0,0.0,39.17439275242049
1957-01-02,19.358961629733162,-254.01049274790995,331.9053453412009,19.358961629733162,19.358961629733162,19.71504453045748,19.71504453045748,19.71504453045748,19.71504453045748,19.71504453045748,19.71504453045748,0.0,0.0,0.0,39.07400616019064
1957-01-03,19.36015358622296,-249.0905223094323,305.4386259406918,19.36015358622296,19.36015358622296,18.268945216237203,18.268945216237203,18.268945216237203,18.268945216237203,18.268945216237203,18.268945216237203,0.0,0.0,0.0,37.62909880246016
1957-01-04,19.36134554271276,-231.74066110478137,315.3257654018861,19.36134554271276,19.36134554271276,16.058660298435623,16.058660298435623,16.058660298435623,16.058660298435623,16.058660298435623,16.058660298435623,0.0,0.0,0.0,35.42000584114838
1957-01-05,19.362537499202563,-261.6701536016542,314.5538963298366,19.362537499202563,19.362537499202563,13.676827819989512,13.676827819989512,13.676827819989512,13.676827819989512,13.676827819989512,13.676827819989512,0.0,0.0,0.0,33.03936531919207
1957-01-06,19.363729455692358,-248.14246858127115,296.18057506818946,19.363729455692358,19.363729455692358,11.707657131578914,11.707657131578914,11.707657131578914,11.707657131578914,11.707657131578914,11.707657131578914,0.0,0.0,0.0,31.07138658727127
1957-01-07,19.36492141218216,-239.63740889873966,312.585750981239,19.36492141218216,19.36492141218216,10.706634645413311,10.706634645413311,10.706634645413311,10.706634645413311,10.706634645413311,10.706634645413311,0.0,0.0,0.0,30.071556057595473
1957-01-08,19.366113368671957,-267.572823064095,302.96706609219126,19.366113368671957,19.366113368671957,11.18128137572287,11.18128137572287,11.18128137572287,11.18128137572287,11.18128137572287,11.18128137572287,0.0,0.0,0.0,30.54739474439483
1957-01-09,19.367305325161755,-231.95450655612083,319.28476775756474,19.367305325161755,19.367305325161755,13.573543030301419,13.573543030301419,13.573543030301419,13.573543030301419,13.573543030301419,13.573543030301419,0.0,0.0,0.0,32.940848355463174
1957-01-10,19.368535427244215,-249.52217082243146,299.2455741544317,19.368535427244215,19.368535427244215,18.244342743340866,18.244342743340866,18.244342743340866,18.244342743340866,18.244342743340866,18.244342743340866,0.0,0.0,0.0,37.61287817058508
1957-01-11,19.36976552932667,-222.17895100633174,340.64547371339364,19.36976552932667,19.36976552932667,25.460760410004205,25.460760410004205,25.460760410004205,25.460760410004205,25.460760410004205,25.460760410004205,0.0,0.0,0.0,44.830525939330876
1957-01-12,19.370995631409127,-233.6017008015397,330.10109767405635,19.370995631409127,19.370995631409127,35.38622296631225,35.38622296631225,35.38622296631225,35.38622296631225,35.38622296631225,35.38622296631225,0.0,0.0,0.0,54.757218597721376
1958-01-01,19.80645176859876,-256.69394358011766,312.1086668498884,19.80645176859876,19.80645176859876,19.566768728560255,19.566768728560255,19.566768728560255,19.566768728560255,19.566768728560255,19.566768728560255,0.0,0.0,0.0,39.37322049715901
1958-01-02,19.80768187068121,-220.1299390155116,332.60687924138864,19.80768187068121,19.80768187068121,19.888591263856576,19.888591263856576,19.888591263856576,19.888591263856576,19.888591263856576,19.888591263856576,0.0,0.0,0.0,39.69627313453779
1958-01-03,19.80891197276367,-250.83726734582703,317.9068727559295,19.80891197276367,19.80891197276367,18.725151708713753,18.725151708713753,18.725151708713753,18.725151708713753,18.725151708713753,18.725151708713753,0.0,0.0,0.0,38.53406368147742
1958-01-04,19.810142074846127,-229.39070409268118,321.04407767538976,19.810142074846127,19.810142074846127,16.650478909304372,16.650478909304372,16.650478909304372,16.650478909304372,16.650478909304372,16.650478909304372,0.0,0.0,0.0,36.460620984150495
1958-01-05,19.811372176928582,-216.90464126362102,314.64483917247935,19.811372176928582,19.811372176928582,14.256082054291948,14.256082054291948,14.256082054291948,14.256082054291948,14.256082054291948,14.256082054291948,0.0,0.0,0.0,34.06745423122053
1958-01-06,19.812602279011042,-268.8781727693012,319.47491152464784,19.812602279011042,19.812602279011042,12.130208022425524,12.130208022425524,12.130208022425524,12.130208022425524,12.130208022425524,12.130208022425524,0.0,0.0,0.0,31.942810301436566
1958-01-07,19.813832381093494,-240.0340103402936,306.26209810009453,19.813832381093494,19.813832381093494,10.837379272766738,10.837379272766738,10.837379272766738,10.837379272766738,10.837379272766738,10.837379272766738,0.0,0.0,0.0,30.65121165386023
1958-01-08,19.815062483175954,-263.6414083661909,291.67328968072366,19.815062483175954,19.815062483175954,10.89883237571964,10.89883237571964,10.89883237571964,10.89883237571964,10.89883237571964,10.89883237571964,0.0,0.0,0.0,30.713894858895593
1958-01-09,19.81629258525841,-247.73642126543314,295.7991246368062,19.81629258525841,19.81629258525841,12.774448013785083,12.774448013785083,12.774448013785083,12.774448013785083,12.774448013785083,12.774448013785083,0.0,0.0,0.0,32.59074059904349
1958-01-10,19.817522687340865,-236.0888341369133,305.08520916796067,19.817522687340865,19.817522687340865,16.84671672758179,16.84671672758179,16.84671672758179,16.84671672758179,16.84671672758179,16.84671672758179,0.0,0.0,0.0,36.664239414922655
1958-01-11,19.81875278942332,-266.8914852028299,331.02088385627223,19.81875278942332,19.81875278942332,23.407222248171813,23.407222248171813,23.407222248171813,23.407222248171813,23.407222248171813,23.407222248171813,0.0,0.0,0.0,43.225975037595134
1958-01-12,19.81998289150578,-225.90838896101155,323.4554081967601,19.81998289150578,19.81998289150578,32.64604780492646,32.64604780492646,32.64604780492646,32.64604780492646,32.64604780492646,32.64604780492646,0.0,0.0,0.0,52.46603069643224
1959-01-01,20.255439028695413,-242.47152608698326,319.8551652133634,20.255439028695413,20.255439028695413,19.19029496818862,19.19029496818862,19.19029496818862,19.19029496818862,19.19029496818862,19.19029496818862,0.0,0.0,0.0,39.44573399688403
1959-01-02,20.256669130777865,-240.01036562012055,319.0084592021155,20.256669130777865,20.256669130777865,19.969123565880057,19.969123565880057,19.969123565880057,19.969123565880057,19.969123565880057,19.969123565880057,0.0,0.0,0.0,40.22579269665792
1959-01-03,20.25789923286032,-240.83335075089224,312.675903501856,20.25789923286032,20.25789923286032,19.12432054471708,19.12432054471708,19.12432054471708,19.12432054471708,19.12432054471708,19.12432054471708,0.0,0.0,0.0,39.382219777577404
1959-01-04,20.259129334942777,-239.4907259674247,306.7678389105259,20.259129334942777,20.259129334942777,17.222330876874032,17.222330876874032,17.222330876874032,17.222330876874032,17.222330876874032,17.222330876874032,0.0,0.0,0.0,37.48146021181681
1959-01-05,20.260359437025237,-247.58147826462883,290.5035385664083,20.260359437025237,20.260359437025237,14.852235387120642,14.852235387120642,14.852235387120642,14.852235387120642,14.852235387120642,14.852235387120642,0.0,0.0,0.0,35.11259482414588
1959-01-06,20.261589539107693,-240.9385657093143,333.38259228838933,20.261589539107693,20.261589539107693,12.605036560918403,12.605036560918403,12.605036560918403,12.605036560918403,12.605036560918403,12.605036560918403,0.0,0.0,0.0,32.866626100026096
1959-01-07,20.26281964119015,-250.02775111218708,319.6128806317988,20.26281964119015,20.26281964119015,11.053067416281914,11.053067416281914,11.053067416281914,11.053067416281914,11.053067416281914,11.053067416281914,0.0,0.0,0.0,31.31588705747206
1959-01-08,20.264049743272608,-251.5766245328048,292.5633276136322,20.264049743272608,20.264049743272608,10.730148037016063,10.730148037016063,10.730148037016063,10.730148037016063,10.730148037016063,10.730148037016063,0.0,0.0,0.0,30.994197780288673
1959-01-09,20.26527984535506,-233.0942943022641,319.45792907637264,20.26527984535506,20.26527984535506,12.113089577727742,12.113089577727742,12.113089577727742,12.113089577727742,12.113089577727742,12.113089577727742,0.0,0.0,0.0,32.3783694230828
1959-01-10,20.26650994743752,-239.85543291264943,324.24330479664854,20.26650994743752,20.26650994743752,15.605103206700779,15.605103206700779,15.605103206700779,15.605103206700779,15.605103206700779,15.605103206700779,0.0,0.0,0.0,35.8716131541383
1959-01-11,20.267740049519976,-234.40808822552202,331.5259413102279,20.267740049519976,20.267740049519976,21.52161283049292,21.52161283049292,21.52161283049292,21.52161283049292,21.52161283049292,21.52161283049292,0.0,0.0,0.0,41.7893528800129
1959-01-12,20.26897015160243,-219.82936642973368,311.2238092035396,20.26897015160243,20.26897015160243,30.078897298775587,30.078897298775587,30.078897298775587,30.078897298775587,30.078897298775587,30.078897298775587,0.0,0.0,0.0,50.34786745037802
1960-01-01,20.70442628879206,-241.3323741025775,324.5598501650049,20.70442628879206,20.70442628879206,18.679315594656362,18.679315594656362,18.679315594656362,18.679315594656362,18.679315594656362,18.679315594656362,0.0,0.0,0.0,39.38374188344842
1960-01-02,20.70565639087452,-244.5330467500214,307.8741137492107,20.70565639087452,20.70565639087452,19.947968976693854,19.947968976693854,19.947968976693854,19.947968976693854,19.947968976693854,19.947968976693854,0.0,0.0,0.0,40.653625367568374
1960-01-03,20.706886492956972,-236.06830950707655,320.7715657633204,20.706886492956972,20.706886492956972,19.457304361862548,19.457304361862548,19.457304361862548,19.457304361862548,19.457304361862548,19.457304361862548,0.0,0.0,0.0,40.16419085481952
1960-01-04,20.708116595039435,-244.1982834017229,320.7924142354808,20.708116595039435,20.708116595039435,17.7649169270096,17.7649169270096,17.7649169270096,17.7649169270096,17.7649169270096,17.7649169270096,0.0,0.0,0.0,38.473033522049036
1960-01-05,20.70934669712189,-254.02437673864046,332.308891644723,20.70934669712189,20.70934669712189,15.456161402636958,15.456161402636958,15.456161402636958,15.456161402636958,15.456161402636958,15.456161402636958,0.0,0.0,0.0,36.16550809975885
1960-01-06,20.710576799204347,-263.34008462524446,312.4172939802731,20.710576799204347,20.710576799204347,13.12350587383269,13.12350587383269,13.12350587383269,13.12350587383269,13.12350587383269,13.12350587383269,0.0,0.0,0.0,33.83408267303704
1960-01-07,20.711806901286803,-253.3253238378311,300.5333450594082,20.711806901286803,20.711806901286803,11.345850760886595,11.345850760886595,11.345850760886595,11.345850760886595,11.345850760886595,11.345850760886595,0.0,0.0,0.0,32.0576576621734
1960-01-08,20.713037003369255,-256.62068281682417,310.2687015514906,20.713037003369255,20.713037003369255,10.66844092876903,10.66844092876903,10.66844092876903,10.66844092876903,10.66844092876903,10.66844092876903,0.0,0.0,0.0,31.381477932138285
1960-01-09,20.714267105451718,-247.0805077022872,316.5505039866319,20.714267105451718,20.714267105451718,11.583978618027075,11.583978618027075,11.583978618027075,11.583978618027075,11.583978618027075,11.583978618027075,0.0,0.0,0.0,32.29824572347879
1960-01-10,20.715497207534167,-238.57566293772578,319.9873866979014,20.715497207534167,20.715497207534167,14.51550683337303,14.51550683337303,14.51550683337303,14.51550683337303,14.51550683337303,14.51550683337303,0.0,0.0,0.0,35.231004040907195
1960-01-11,20.71672730961663,-234.00202292841504,341.9255040534752,20.71672730961663,20.71672730961663,19.801578127142424,19.801578127142424,19.801578127142424,19.801578127142424,19.801578127142424,19.801578127142424,0.0,0.0,0.0,40.51830543675905
1960-01-12,20.717957411699086,-228.8089594573607,335.1792843391393,20.717957411699086,20.717957411699086,27.684154012085376,27.684154012085376,27.684154012085376,27.684154012085376,27.684154012085376,27.684154012085376,0.0,0.0,0.0,48.40211142378446
1961-01-01,21.15464365097117,-234.6046169249567,304.23571389202453,21.15464365097117,21.15464365097117,19.81662307917269,19.81662307917269,19.81662307917269,19.81662307917269,19.81662307917269,19.81662307917269,0.0,0.0,0.0,40.97126673014386
1961-01-02,21.155873753053626,-234.90801421172634,311.93854725356834,21.155873753053626,21.155873753053626,19.71504453044703,19.71504453044703,19.71504453044703,19.71504453044703,19.71504453044703,19.71504453044703,0.0,0.0,0.0,40.87091828350066
1961-01-03,21.157103855136082,-227.30556677940257,302.15356173691856,21.157103855136082,21.157103855136082,18.26894521622154,18.26894521622154,18.26894521622154,18.26894521622154,18.26894521622154,18.26894521622154,0.0,0.0,0.0,39.426049071357625
1961-01-04,21.158333957218538,-225.7754870966258,313.72034813485936,21.158333957218538,21.158333957218538,16.05866029843587,16.05866029843587,16.05866029843587,16.05866029843587,16.05866029843587,16.05866029843587,0.0,0.0,0.0,37.21699425565441
1961-01-05,21.160125302607558,-241.54148816432325,307.7174102358439,21.160125302607558,21.160125302607558,13.676827820001698,13.676827820001698,13.676827820001698,13.676827820001698,13.676827820001698,13.676827820001698,0.0,0.0,0.0,34.83695312260926
1961-01-06,21.16191664799657,-231.19599461298006,320.3230058931705,21.16191664799657,21.16191664799657,11.70765713157722,11.70765713157722,11.70765713157722,11.70765713157722,11.70765713157722,11.70765713157722,0.0,0.0,0.0,32.86957377957379
1961-01-07,21.16370799338559,-256.764616879372,319.4011910295811,21.16370799338559,21.16370799338559,10.706634645411224,10.706634645411224,10.706634645411224,10.706634645411224,10.706634645411224,10.706634645411224,0.0,0.0,0.0,31.870342638796814
1961-01-08,21.165499338774605,-221.03208694245768,317.0773038664425,21.165499338774605,21.165499338774605,11.181281375729773,11.181281375729773,11.181281375729773,11.181281375729773,11.181281375729773,11.181281375729773,0.0,0.0,0.0,32.346780714504376
1961-01-09,21.16729068416362,-250.7023521888327,307.8839742687117,21.16729068416362,21.16729068416362,13.573543030304734,13.573543030304734,13.573543030304734,13.573543030304734,13.573543030304734,13.573543030304734,0.0,0.0,0.0,34.74083371446835
1961-01-10,21.16908202955264,-243.0295030558608,322.2613900135398,21.16908202955264,21.16908202955264,18.244342743342603,18.244342743342603,18.244342743342603,18.244342743342603,18.244342743342603,18.244342743342603,0.0,0.0,0.0,39.41342477289524
1961-01-11,21.170873374941653,-234.78715762070712,341.2834326816163,21.170873374941653,21.170873374941653,25.460760410000507,25.460760410000507,25.460760410000507,25.460760410000507,25.460760410000507,25.460760410000507,0.0,0.0,0.0,46.63163378494216
1961-01-12,21.172664720330673,-225.77814268038023,350.92829593606854,21.172664720330673,21.172664720330673,35.38622296631258,35.38622296631258,35.38622296631258,35.38622296631258,35.38622296631258,35.38622296631258,0.0,0.0,0.0,56.55888768664325
1962-01-01,21.806800988042447,-237.24479389315277,320.3860146278424,21.806800988042447,21.806800988042447,19.56676872856055,19.56676872856055,19.56676872856055,19.56676872856055,19.56676872856055,19.56676872856055,0.0,0.0,0.0,41.373569716603
1962-01-02,21.808592333431466,-237.65383328629517,329.3277157652294,21.808592333431466,21.808592333431466,19.888591263849378,19.888591263849378,19.888591263849378,19.888591263849378,19.888591263849378,19.888591263849378,0.0,0.0,0.0,41.69718359728084
1962-01-03,21.81038367882048,-224.21258651990564,333.22860714541395,21.81038367882048,21.81038367882048,18.725151708719032,18.725151708719032,18.725151708719032,18.725151708719032,18.725151708719032,18.725151708719032,0.0,0.0,0.0,40.53553538753951
1962-01-04,21.812175024209495,-231.84675395503396,319.9746227557276,21.812175024209495,21.812175024209495,16.650478909309392,16.650478909309392,16.650478909309392,16.650478909309392,16.650478909309392,16.650478909309392,0.0,0.0,0.0,38.46265393351889
1962-01-05,21.813966369598507,-238.63527546732266,309.8164978338758,21.813966369598507,21.813966369598507,14.256082054284688,14.256082054284688,14.256082054284688,14.256082054284688,14.256082054284688,14.256082054284688,0.0,0.0,0.0,36.07004842388319
1962-01-06,21.815757714987527,-261.2529440029846,317.022815088997,21.815757714987527,21.815757714987527,12.13020802241895,12.13020802241895,12.13020802241895,12.13020802241895,12.13020802241895,12.13020802241895,0.0,0.0,0.0,33.945965737406475
1962-01-07,21.817549060376543,-262.685732967449,319.03308625785024,21.817549060376543,21.817549060376543,10.837379272761133,10.837379272761133,10.837379272761133,10.837379272761133,10.837379272761133,10.837379272761133,0.0,0.0,0.0,32.654928333137676
1962-01-08,21.819340405765562,-235.32663025807815,308.08103697809776,21.819340405765562,21.819340405765562,10.898832375717994,10.898832375717994,10.898832375717994,10.898832375717994,10.898832375717994,10.898832375717994,0.0,0.0,0.0,32.71817278148356
1962-01-09,21.821131751154578,-240.117167667535,318.7272245512094,21.821131751154578,21.821131751154578,12.774448013781294,12.774448013781294,12.774448013781294,12.774448013781294,12.774448013781294,12.774448013781294,0.0,0.0,0.0,34.59557976493587
1962-01-10,21.822923096543594,-229.28674592764438,331.76745110288624,21.822923096543594,21.822923096543594,16.846716727581185,16.846716727581185,16.846716727581185,16.846716727581185,16.846716727581185,16.846716727581185,0.0,0.0,0.0,38.66963982412478
1962-01-11,21.82471444193261,-230.24643986181894,330.9291763084057,21.82471444193261,21.82471444193261,23.40722224817445,23.40722224817445,23.40722224817445,23.40722224817445,23.40722224817445,23.40722224817445,0.0,0.0,0.0,45.23193669010706
1962-01-12,21.826505787321622,-238.167876338392,343.5696444142158,21.826505787321622,21.826505787321622,32.64604780493016,32.64604780493016,32.64604780493016,32.64604780493016,32.64604780493016,32.64604780493016,0.0,0.0,0.0,54.472553592251785
1963-01-01,22.460642055033404,-226.76391080909215,334.9858249914123,22.460642055033404,22.460642055033404,19.190294968177778,19.190294968177778,19.190294968177778,19.190294968177778,19.190294968177778,19.190294968177778,0.0,0.0,0.0,41.650937023211185
1963-01-02,22.462433400422416,-239.396250096748,316.137970799747,22.462433400422416,22.462433400422416,19.969123565885162,19.969123565885162,19.969123565885162,19.969123565885162,19.969123565885162,19.969123565885162,0.0,0.0,0.0,42.43155696630758
1963-01-03,22.464224745811435,-217.17485267827325,346.9473769936055,22.464224745811435,22.464224745811435,19.12432054470699,19.12432054470699,19.12432054470699,19.12432054470699,19.12432054470699,19.12432054470699,0.0,0.0,0.0,41.588545290518425
1963-01-04,22.466016091200448,-248.8327715229157,318.1057880425146,22.466016091200448,22.466016091200448,17.222330876884293,17.222330876884293,17.222330876884293,17.222330876884293,17.222330876884293,17.222330876884293,0.0,0.0,0.0,39.688346968084744
1963-01-05,22.467807436589464,-243.69245606879454,321.1514267319679,22.467807436589464,22.467807436589464,14.852235387118297,14.852235387118297,14.852235387118297,14.852235387118297,14.852235387118297,14.852235387118297,0.0,0.0,0.0,37.32004282370776
1963-01-06,22.469598781978487,-249.95008372311693,324.8917079818894,22.469598781978487,22.469598781978487,12.6050365609087,12.6050365609087,12.6050365609087,12.6050365609087,12.6050365609087,12.6050365609087,0.0,0.0,0.0,35.074635342887184
1963-01-07,22.4713901273675,-249.5584795301548,314.0297162846992,22.4713901273675,22.4713901273675,11.053067416283781,11.053067416283781,11.053067416283781,11.053067416283781,11.053067416283781,11.053067416283781,0.0,0.0,0.0,33.52445754365128
1963-01-08,22.47318147275652,-242.65403246323484,316.92829197830486,22.47318147275652,22.47318147275652,10.730148037019816,10.730148037019816,10.730148037019816,10.730148037019816,10.730148037019816,10.730148037019816,0.0,0.0,0.0,33.20332950977634
1963-01-09,22.47497281814553,-261.42205340131477,316.95332793588244,22.47497281814553,22.47497281814553,12.113089577719538,12.113089577719538,12.113089577719538,12.113089577719538,12.113089577719538,12.113089577719538,0.0,0.0,0.0,34.588062395865066
1963-01-10,22.476764163534547,-219.23879847705092,312.32130801008395,22.476764163534547,22.476764163534547,15.605103206697356,15.605103206697356,15.605103206697356,15.605103206697356,15.605103206697356,15.605103206697356,0.0,0.0,0.0,38.081867370231905
1963-01-11,22.478555508923566,-221.05397384657167,341.9113887103302,22.478555508923566,22.478555508923566,21.52161283048596,21.52161283048596,21.52161283048596,21.52161283048596,21.52161283048596,21.52161283048596,0.0,0.0,0.0,44.00016833940953
1963-01-12,22.48034685431258,-236.0581001582002,350.2322881706482,22.48034685431258,22.48034685431258,30.07889729877782,30.07889729877782,30.07889729877782,30.07889729877782,30.07889729877782,30.07889729877782,0.0,0.0,0.0,52.559244153090404
1964-01-01,23.114483122024357,-219.46178806452187,325.80809981365996,23.114483122024357,23.114483122024357,18.679315594642965,18.679315594642965,18.679315594642965,18.679315594642965,18.679315594642965,18.679315594642965,0.0,0.0,0.0,41.793798716667325
1964-01-02,23.116274467413373,-222.90427585826416,340.8379467088156,23.116274467413373,23.116274467413373,19.947968976706548,19.947968976706548,19.947968976706548,19.947968976706548,19.947968976706548,19.947968976706548,0.0,0.0,0.0,43.064243444119924
1964-01-03,23.118065812802385,-221.89208882938482,314.03837279959504,23.118065812802385,23.118065812802385,19.45730436187067,19.45730436187067,19.45730436187067,19.45730436187067,19.45730436187067,19.45730436187067,0.0,0.0,0.0,42.575370174673054
1964-01-04,23.119857158191405,-241.8326961439264,332.21251833597313,23.119857158191405,23.119857158191405,17.76491692700463,17.76491692700463,17.76491692700463,17.76491692700463,17.76491692700463,17.76491692700463,0.0,0.0,0.0,40.884774085196035
1964-01-05,23.121648503580428,-241.01323616194543,304.40699872966127,23.121648503580428,23.121648503580428,15.456161402632096,15.456161402632096,15.456161402632096,15.456161402632096,15.456161402632096,15.456161402632096,0.0,0.0,0.0,38.57780990621252
1964-01-06,23.12343984896944,-248.86215471729014,293.2937523255646,23.12343984896944,23.12343984896944,13.123505873830776,13.123505873830776,13.123505873830776,13.123505873830776,13.123505873830776,13.123505873830776,0.0,0.0,0.0,36.24694572280022
1964-01-07,23.125231194358456,-262.113158223419,314.7908854292487,23.125231194358456,23.125231194358456,11.345850760880388,11.345850760880388,11.345850760880388,11.345850760880388,11.345850760880388,11.345850760880388,0.0,0.0,0.0,34.471081955238844
1964-01-08,23.12702253974747,-235.4597690240678,303.13046277487007,23.12702253974747,23.12702253974747,10.668440928774121,10.668440928774121,10.668440928774121,10.668440928774121,10.668440928774121,10.668440928774121,0.0,0.0,0.0,33.79546346852159
1964-01-09,23.128813885136488,-251.95783655906004,307.54747790913973,23.128813885136488,23.128813885136488,11.583978618027388,11.583978618027388,11.583978618027388,11.583978618027388,11.583978618027388,11.583978618027388,0.0,0.0,0.0,34.712792503163875
1964-01-10,23.130605230525504,-243.49564244687116,323.20854780224204,23.130605230525504,23.130605230525504,14.515506833366107,14.515506833366107,14.515506833366107,14.515506833366107,14.515506833366107,14.515506833366107,0.0,0.0,0.0,37.64611206389161
1964-01-11,23.132396575914505,-238.15807252431944,314.59288977951354,23.132396575914505,23.132396575914505,19.80157812714083,19.80157812714083,19.80157812714083,19.80157812714083,19.80157812714083,19.80157812714083,0.0,0.0,0.0,42.933974703055334
1964-01-12,23.14318082521096,-234.31704047437515,340.35616149963613,23.14318082521096,23.14318082521096,27.684154012083066,27.684154012083066,27.684154012083066,27.684154012083066,27.684154012083066,27.684154012083066,0.0,0.0,0.0,50.827334837294025
1965-01-01,26.971589325445727,-230.49644229617684,329.4306566192879,26.971589325445727,26.971589325445727,19.816623079166096,19.816623079166096,19.816623079166096,19.816623079166096,19.816623079166096,19.816623079166096,0.0,0.0,0.0,46.788212404611826
1965-01-02,26.982373574742184,-227.3620340188044,318.23517137097343,26.982373574742184,26.982373574742184,19.715044530453287,19.715044530453287,19.715044530453287,19.715044530453287,19.715044530453287,19.715044530453287,0.0,0.0,0.0,46.69741810519547
1965-01-03,26.9931578240386,-232.23264983954618,315.1851867933829,26.9931578240386,26.9931578240386,18.268945216230883,18.268945216230883,18.268945216230883,18.268945216230883,18.268945216230883,18.268945216230883,0.0,0.0,0.0,45.26210304026948
1965-01-04,27.003942073335022,-240.30539321047465,317.87962320536195,27.003942073335022,27.003942073335022,16.058660298434816,16.058660298434816,16.058660298434816,16.058660298434816,16.058660298434816,16.058660298434816,0.0,0.0,0.0,43.06260237176984
1965-01-05,27.014726322631475,-227.8849006904221,309.8861719756292,27.014726322631475,27.014726322631475,13.676827820002934,13.676827820002934,13.676827820002934,13.676827820002934,13.676827820002934,13.676827820002934,0.0,0.0,0.0,40.69155414263441
1965-01-06,27.025510571927896,-241.50111640474472,306.20859695356916,27.025510571927896,27.025510571927896,11.707657131580232,11.707657131580232,11.707657131580232,11.707657131580232,11.707657131580232,11.707657131580232,0.0,0.0,0.0,38.73316770350813
1965-01-07,27.03629482122435,-250.85794024008007,309.0531199531668,27.03629482122435,27.03629482122435,10.706634645404852,10.706634645404852,10.706634645404852,10.706634645404852,10.706634645404852,10.706634645404852,0.0,0.0,0.0,37.7429294666292
1965-01-08,27.047079070520805,-228.06617879785972,337.2667213854289,27.047079070520805,27.047079070520805,11.181281375728144,11.181281375728144,11.181281375728144,11.181281375728144,11.181281375728144,11.181281375728144,0.0,0.0,0.0,38.22836044624895
1965-01-09,27.057863319817223,-234.5298413273058,337.10444372997614,27.057863319817223,27.057863319817223,13.573543030304275,13.573543030304275,13.573543030304275,13.573543030304275,13.573543030304275,13.573543030304275,0.0,0.0,0.0,40.631406350121495
1965-01-10,27.06864756911368,-242.66941135025948,320.29513721177716,27.06864756911368,27.06864756911368,18.24434274333603,18.24434274333603,18.24434274333603,18.24434274333603,18.24434274333603,18.24434274333603,0.0,0.0,0.0,45.31299031244971
1965-01-11,27.079431818410097,-187.023661245035,313.8181281547283,27.079431818410097,27.079431818410097,25.460760410003072,25.460760410003072,25.460760410003072,25.460760410003072,25.460760410003072,25.460760410003072,0.0,0.0,0.0,52.54019222841317
1965-01-12,27.090216067706518,-206.51664538027785,336.67860950957953,27.090216067706518,27.090216067706518,35.38622296630818,35.38622296630818,35.38622296630818,35.38622296630818,35.38622296630818,35.38622296630818,0.0,0.0,0.0,62.4764390340147
1966-01-01,30.907840318644865,-208.24326899755064,340.29027100688387,30.907840318644865,30.907840318644865,19.56676872855914,19.56676872855914,19.56676872855914,19.56676872855914,19.56676872855914,19.56676872855914,0.0,0.0,0.0,50.474609047204005
1966-01-02,30.918624567941322,-222.54195552701444,315.9562942475397,30.918624567941322,30.918624567941322,19.888591263847953,19.888591263847953,19.888591263847953,19.888591263847953,19.888591263847953,19.888591263847953,0.0,0.0,0.0,50.80721583178928
1966-01-03,30.92940881723774,-216.99674022906294,335.5532112429109,30.92940881723774,30.92940881723774,18.72515170871129,18.72515170871129,18.72515170871129,18.72515170871129,18.72515170871129,18.72515170871129,0.0,0.0,0.0,49.65456052594903
1966-01-04,30.940193066534196,-228.1970338939961,325.539918124998,30.940193066534196,30.940193066534196,16.650478909299277,16.650478909299277,16.650478909299277,16.650478909299277,16.650478909299277,16.650478909299277,0.0,0.0,0.0,47.59067197583347
1966-01-05,30.950977315830652,-247.69064014975632,307.35713014180135,30.950977315830652,30.950977315830652,14.256082054285109,14.256082054285109,14.256082054285109,14.256082054285109,14.256082054285109,14.256082054285109,0.0,0.0,0.0,45.20705937011576
1966-01-06,30.96176156512707,-216.87977152833108,336.202971052111,30.96176156512707,30.96176156512707,12.130208022424709,12.130208022424709,12.130208022424709,12.130208022424709,12.130208022424709,12.130208022424709,0.0,0.0,0.0,43.09196958755178
1966-01-07,30.972545814423526,-233.46388068281448,313.44103016315313,30.972545814423526,30.972545814423526,10.837379272767542,10.837379272767542,10.837379272767542,10.837379272767542,10.837379272767542,10.837379272767542,0.0,0.0,0.0,41.80992508719107
1966-01-08,30.983330063719944,-247.86596121483643,323.8869616519297,30.983330063719944,30.983330063719944,10.898832375720264,10.898832375720264,10.898832375720264,10.898832375720264,10.898832375720264,10.898832375720264,0.0,0.0,0.0,41.88216243944021
1966-01-09,30.99411431301636,-226.81470057880486,304.12916406211554,30.99411431301636,30.99411431301636,12.774448013787538,12.774448013787538,12.774448013787538,12.774448013787538,12.774448013787538,12.774448013787538,0.0,0.0,0.0,43.7685623268039
1966-01-10,31.004898562312817,-205.62199597481353,327.40148305163086,31.004898562312817,31.004898562312817,16.846716727580088,16.846716727580088,16.846716727580088,16.846716727580088,16.846716727580088,16.846716727580088,0.0,0.0,0.0,47.851615289892905
1966-01-11,31.015682811609235,-214.5733166931991,345.713622718297,31.015682811609235,31.015682811609235,23.407222248173166,23.407222248173166,23.407222248173166,23.407222248173166,23.407222248173166,23.407222248173166,0.0,0.0,0.0,54.4229050597824
1966-01-12,31.02646706090569,-207.72494489151362,334.0941656916321,31.02646706090569,31.02646706090569,32.64604780492712,32.64604780492712,32.64604780492712,32.64604780492712,32.64604780492712,32.64604780492712,0.0,0.0,0.0,63.67251486583281
1967-01-01,34.84409131184404,-218.56708977696198,333.7943327462446,34.84409131184404,34.84409131184404,19.190294968176477,19.190294968176477,19.190294968176477,19.190294968176477,19.190294968176477,19.190294968176477,0.0,0.0,0.0,54.03438628002051
1967-01-02,34.85487556114046,-238.64840175998225,320.48744748843836,34.85487556114046,34.85487556114046,19.96912356588924,19.96912356588924,19.96912356588924,19.96912356588924,19.96912356588924,19.96912356588924,0.0,0.0,0.0,54.8239991270297
1967-01-03,34.86565981043692,-223.13890640651374,342.68590049037243,34.86565981043692,34.86565981043692,19.12432054471085,19.12432054471085,19.12432054471085,19.12432054471085,19.12432054471085,19.12432054471085,0.0,0.0,0.0,53.989980355147765
1967-01-04,34.87644405973337,-230.00699232702587,315.12048355156355,34.87644405973337,34.87644405973337,17.222330876874196,17.222330876874196,17.222330876874196,17.222330876874196,17.222330876874196,17.222330876874196,0.0,0.0,0.0,52.09877493660757
1967-01-05,34.88722830902979,-231.66102813537307,312.922408485494,34.88722830902979,34.88722830902979,14.85223538711731,14.85223538711731,14.85223538711731,14.85223538711731,14.85223538711731,14.85223538711731,0.0,0.0,0.0,49.7394636961471
1967-01-06,34.89801255832621,-245.0189102339486,323.955740480234,34.89801255832621,34.89801255832621,12.605036560904992,12.605036560904992,12.605036560904992,12.605036560904992,12.605036560904992,12.605036560904992,0.0,0.0,0.0,47.5030491192312
1967-01-07,34.908796807622664,-230.24663969977206,342.0565657549895,34.908796807622664,34.908796807622664,11.053067416281822,11.053067416281822,11.053067416281822,11.053067416281822,11.053067416281822,11.053067416281822,0.0,0.0,0.0,45.961864223904485
1967-01-08,34.919581056919085,-229.34684175492947,325.1143417057686,34.919581056919085,34.919581056919085,10.730148037014011,10.730148037014011,10.730148037014011,10.730148037014011,10.730148037014011,10.730148037014011,0.0,0.0,0.0,45.6497290939331
1967-01-09,34.9303653062155,-230.88432926989708,315.0515739593193,34.9303653062155,34.9303653062155,12.113089577720325,12.113089577720325,12.113089577720325,12.113089577720325,12.113089577720325,12.113089577720325,0.0,0.0,0.0,47.04345488393582
1967-01-10,34.941149555511956,-208.9503114602236,333.5782495926718,34.941149555511956,34.941149555511956,15.605103206700909,15.605103206700909,15.605103206700909,15.605103206700909,15.605103206700909,15.605103206700909,0.0,0.0,0.0,50.546252762212866
1967-01-11,34.95193380480841,-207.92846035531312,352.28990479418707,34.95193380480841,34.95193380480841,21.521612830489314,21.521612830489314,21.521612830489314,21.521612830489314,21.521612830489314,21.521612830489314,0.0,0.0,0.0,56.47354663529772
1967-01-12,34.96271805410483,-199.05615135276673,359.9778010559232,34.96271805410483,34.96271805410483,30.078897298775477,30.078897298775477,30.078897298775477,30.078897298775477,30.078897298775477,30.078897298775477,0.0,0.0,0.0,65.04161535288031
1968-01-01,38.78034230504318,-200.3899123224899,319.142132078058,38.78034230504318,38.78034230504318,18.67931559464967,18.67931559464967,18.67931559464967,18.67931559464967,18.67931559464967,18.67931559464967,0.0,0.0,0.0,57.45965789969284
1968-01-02,38.791126554339634,-211.81798231715834,304.7438014482862,38.791126554339634,38.791126554339634,19.94796897670225,19.94796897670225,19.94796897670225,19.94796897670225,19.94796897670225,19.94796897670225,0.0,0.0,0.0,58.73909553104188
1968-01-03,38.80191080363609,-234.64836260459788,337.137247733548,38.80191080363609,38.80191080363609,19.457304361867873,19.457304361867873,19.457304361867873,19.457304361867873,19.457304361867873,19.457304361867873,0.0,0.0,0.0,58.25921516550396
1968-01-04,38.81269505293251,-198.58201910614602,327.37543119538213,38.81269505293251,38.81269505293251,17.764916927003952,17.764916927003952,17.764916927003952,17.764916927003952,17.764916927003952,17.764916927003952,0.0,0.0,0.0,56.577611979936464
1968-01-05,38.82347930222882,-220.2685309136551,338.5461302353108,38.82347930222882,38.82347930222882,15.456161402633542,15.456161402633542,15.456161402633542,15.456161402633542,15.456161402633542,15.456161402633542,0.0,0.0,0.0,54.27964070486236
1968-01-06,38.86468616027914,-222.34517712697047,342.908268219062,38.86468616027914,38.86468616027914,13.123505873831215,13.123505873831215,13.123505873831215,13.123505873831215,13.123505873831215,13.123505873831215,0.0,0.0,0.0,51.988192034110355
1968-01-07,38.90589301832947,-222.14989774032213,324.14240992273193,38.90589301832947,38.90589301832947,11.345850760884801,11.345850760884801,11.345850760884801,11.345850760884801,11.345850760884801,11.345850760884801,0.0,0.0,0.0,50.25174377921427
1968-01-08,38.947099876379795,-253.46074873815778,316.79656046749204,38.947099876379795,38.947099876379795,10.668440928769506,10.668440928769506,10.668440928769506,10.668440928769506,10.668440928769506,10.668440928769506,0.0,0.0,0.0,49.6155408051493
1968-01-09,38.98830673443012,-237.68870860156517,325.92125298322196,38.98830673443012,38.98830673443012,11.583978618031068,11.583978618031068,11.583978618031068,11.583978618031068,11.583978618031068,11.583978618031068,0.0,0.0,0.0,50.572285352461186
1968-01-10,39.02951359248045,-227.23762442306287,319.85588474912515,39.02951359248045,39.02951359248045,14.515506833367848,14.515506833367848,14.515506833367848,14.515506833367848,14.515506833367848,14.515506833367848,0.0,0.0,0.0,53.54502042584829
1968-01-11,39.07072045053077,-218.38112724104482,332.6997319748851,39.07072045053077,39.07072045053077,19.80157812714052,19.80157812714052,19.80157812714052,19.80157812714052,19.80157812714052,19.80157812714052,0.0,0.0,0.0,58.87229857767129
1968-01-12,39.111927308581095,-231.8358351572374,346.78736287053977,39.111927308581095,39.111927308581095,27.684154012081457,27.684154012081457,27.684154012081457,27.684154012081457,27.684154012081457,27.684154012081457,0.0,0.0,0.0,66.79608132066255
1969-01-01,53.74036191644663,-193.59236929119115,347.5323935800404,53.74036191644663,53.74036191644663,19.816623079170252,19.816623079170252,19.816623079170252,19.816623079170252,19.816623079170252,19.816623079170252,0.0,0.0,0.0,73.55698499561689
1969-01-02,53.78156877449696,-223.17552196473974,356.47856933351363,53.78156877449696,53.78156877449696,19.715044530450413,19.715044530450413,19.715044530450413,19.715044530450413,19.715044530450413,19.715044530450413,0.0,0.0,0.0,73.49661330494737
1969-01-03,53.822775632547284,-205.71299254671408,350.12571382177777,53.822775632547284,53.822775632547284,18.268945216230037,18.268945216230037,18.268945216230037,18.268945216230037,18.268945216230037,18.268945216230037,0.0,0.0,0.0,72.09172084877733
1969-01-04,53.86398249059761,-210.67742320298171,344.97751982353356,53.86398249059761,53.86398249059761,16.058660298434685,16.058660298434685,16.058660298434685,16.058660298434685,16.058660298434685,16.058660298434685,0.0,0.0,0.0,69.9226427890323
1969-01-05,53.90518934864794,-206.9383485127428,353.47981091558177,53.90518934864794,53.90518934864794,13.676827819999483,13.676827819999483,13.676827819999483,13.676827819999483,13.676827819999483,13.676827819999483,0.0,0.0,0.0,67.58201716864743
1969-01-06,53.94639620669826,-200.38972304871425,341.63228027759953,53.94639620669826,53.94639620669826,11.707657131579893,11.707657131579893,11.707657131579893,11.707657131579893,11.707657131579893,11.707657131579893,0.0,0.0,0.0,65.65405333827815
1969-01-07,53.98760306474858,-212.73285963498608,349.97779535688164,53.98760306474858,53.98760306474858,10.706634645406774,10.706634645406774,10.706634645406774,10.706634645406774,10.706634645406774,10.706634645406774,0.0,0.0,0.0,64.69423771015536
1969-01-08,54.028809922798914,-211.73466220329058,330.68363253328346,54.028809922798914,54.028809922798914,11.181281375727593,11.181281375727593,11.181281375727593,11.181281375727593,11.181281375727593,11.181281375727593,0.0,0.0,0.0,65.2100912985265
1969-01-09,54.07001678084924,-214.97878017838647,341.51895741579034,54.07001678084924,54.07001678084924,13.573543030303158,13.573543030303158,13.573543030303158,13.573543030303158,13.573543030303158,13.573543030303158,0.0,0.0,0.0,67.6435598111524
1969-01-10,54.11122363889956,-199.7716439046401,376.6586168302957,54.11122363889956,54.11122363889956,18.244342743337953,18.244342743337953,18.244342743337953,18.244342743337953,18.244342743337953,18.244342743337953,0.0,0.0,0.0,72.35556638223751
1969-01-11,54.15243049694989,-200.09700364629893,365.2372502417542,54.15243049694989,54.15243049694989,25.460760410000507,25.460760410000507,25.460760410000507,25.460760410000507,25.460760410000507,25.460760410000507,0.0,0.0,0.0,79.6131909069504
1969-01-12,54.19363735500021,-190.47176068384383,357.7685590678408,54.19363735500021,54.19363735500021,35.38622296630896,35.38622296630896,35.38622296630896,35.38622296630896,35.38622296630896,35.38622296630896,0.0,0.0,0.0,89.57986032130917
1970-01-01,68.78086510481542,-173.31006685355013,387.18383982582714,68.78086510481542,68.78086510481542,19.5667687285577,19.5667687285577,19.5667687285577,19.5667687285577,19.5667687285577,19.5667687285577,0.0,0.0,0.0,88.34763383337312
1970-01-02,68.82207196286575,-176.17419226657296,369.3179700766052,68.82207196286575,68.82207196286575,19.888591263845036,19.888591263845036,19.888591263845036,19.888591263845036,19.888591263845036,19.888591263845036,0.0,0.0,0.0,88.71066322671078
1970-01-03,68.86327882091608,-168.84711006082173,367.300921989428,68.86327882091608,68.86327882091608,18.725151708712946,18.725151708712946,18.725151708712946,18.725151708712946,18.725151708712946,18.725151708712946,0.0,0.0,0.0,87.58843052962902
1970-01-04,68.9044856789664,-216.74355576518636,347.973369142099,68.9044856789664,68.9044856789664,16.650478909304383,16.650478909304383,16.650478909304383,16.650478909304383,16.650478909304383,16.650478909304383,0.0,0.0,0.0,85.55496458827078
1970-01-05,68.94569253701673,-165.604414886921,361.86963723424105,68.94569253701673,68.94569253701673,14.256082054288003,14.256082054288003,14.256082054288003,14.256082054288003,14.256082054288003,14.256082054288003,0.0,0.0,0.0,83.20177459130473
1970-01-06,68.98689939506706,-197.19465957874687,361.2441672887835,68.98689939506706,68.98689939506706,12.130208022422456,12.130208022422456,12.130208022422456,12.130208022422456,12.130208022422456,12.130208022422456,0.0,0.0,0.0,81.1171074174895
1970-01-07,69.02810625311737,-184.1943289566299,381.7949477550346,69.02810625311737,69.02810625311737,10.837379272768842,10.837379272768842,10.837379272768842,10.837379272768842,10.837379272768842,10.837379272768842,0.0,0.0,0.0,79.86548552588621
1970-01-08,69.0693131111677,-209.2794991099608,374.4278859386896,69.0693131111677,69.0693131111677,10.898832375720557,10.898832375720557,10.898832375720557,10.898832375720557,10.898832375720557,10.898832375720557,0.0,0.0,0.0,79.96814548688826
1970-01-09,69.11051996921803,-204.44265762202917,377.6190460334058,69.11051996921803,69.11051996921803,12.77444801378578,12.77444801378578,12.77444801378578,12.77444801378578,12.77444801378578,12.77444801378578,0.0,0.0,0.0,81.8849679830038
1970-01-10,69.15172682726835,-181.91771276258388,364.70736319248897,69.15172682726835,69.15172682726835,16.84671672758274,16.84671672758274,16.84671672758274,16.84671672758274,16.84671672758274,16.84671672758274,0.0,0.0,0.0,85.9984435548511
1970-01-11,69.19293368531868,-192.51876702876547,395.1148048312623,69.19293368531868,69.19293368531868,23.407222248171703,23.407222248171703,23.407222248171703,23.407222248171703,23.407222248171703,23.407222248171703,0.0,0.0,0.0,92.60015593349038
1970-01-12,69.23414054336901,-183.42691884678385,381.2064187710924,69.23414054336901,69.23414054336901,32.64604780492503,32.64604780492503,32.64604780492503,32.64604780492503,32.64604780492503,32.64604780492503,0.0,0.0,0.0,101.88018834829404
1971-01-01,83.82136829318422,-182.43241157924894,388.45379043466784,83.82136829318422,83.82136829318422,19.19029496818,19.19029496818,19.19029496818,19.19029496818,19.19029496818,19.19029496818,0.0,0.0,0.0,103.01166326136422
1971-01-02,83.86257515123454,-179.7383282587665,373.9728812390765,83.86257515123454,83.86257515123454,19.969123565889028,19.969123565889028,19.969123565889028,19.969123565889028,19.969123565889028,19.969123565889028,0.0,0.0,0.0,103.83169871712357
1971-01-03,83.90378200928501,-160.02107483623502,368.39295674911403,83.90378200928501,83.90378200928501,19.124320544710947,19.124320544710947,19.124320544710947,19.124320544710947,19.124320544710947,19.124320544710947,0.0,0.0,0.0,103.02810255399595
1971-01-04,83.9449888673352,-155.5944638341664,378.15931753753614,83.9449888673352,83.9449888673352,17.22233087687746,17.22233087687746,17.22233087687746,17.22233087687746,17.22233087687746,17.22233087687746,0.0,0.0,0.0,101.16731974421266
1971-01-05,83.98619572538551,-161.3704312970407,377.33773255556594,83.98619572538551,83.98619572538551,14.85223538711924,14.85223538711924,14.85223538711924,14.85223538711924,14.85223538711924,14.85223538711924,0.0,0.0,0.0,98.83843111250475
1971-01-06,84.0274025834357,-200.6785186118447,386.31769915762857,84.0274025834357,84.0274025834357,12.605036560904688,12.605036560904688,12.605036560904688,12.605036560904688,12.605036560904688,12.605036560904688,0.0,0.0,0.0,96.6324391443404
1971-01-07,84.06860944148616,-171.76331018176165,386.9551157843874,84.06860944148616,84.06860944148616,11.05306741628195,11.05306741628195,11.05306741628195,11.05306741628195,11.05306741628195,11.05306741628195,0.0,0.0,0.0,95.12167685776811
1971-01-08,84.10981629953649,-193.71481106979263,376.84395719303706,84.10981629953649,84.10981629953649,10.730148037014414,10.730148037014414,10.730148037014414,10.730148037014414,10.730148037014414,10.730148037014414,0.0,0.0,0.0,94.8399643365509
1971-01-09,84.15102315758682,-192.8495580463688,388.75633041945196,84.15102315758682,84.15102315758682,12.113089577720967,12.113089577720967,12.113089577720967,12.113089577720967,12.113089577720967,12.113089577720967,0.0,0.0,0.0,96.26411273530779
1971-01-10,84.19223001563714,-161.59544406950909,387.6540426234072,84.19223001563714,84.19223001563714,15.605103206700157,15.605103206700157,15.605103206700157,15.605103206700157,15.605103206700157,15.605103206700157,0.0,0.0,0.0,99.7973332223373
1971-01-11,84.23343687368747,-153.98119340999557,364.78043551559347,84.23343687368747,84.23343687368747,21.52161283048856,21.52161283048856,21.52161283048856,21.52161283048856,21.52161283048856,21.52161283048856,0.0,0.0,0.0,105.75504970417603
1971-01-12,84.27464373173794,-164.3777703427352,376.52449073073274,84.27464373173794,84.27464373173794,30.078897298775185,30.078897298775185,30.078897298775185,30.078897298775185,30.078897298775185,30.078897298775185,0.0,0.0,0.0,114.35354103051313
1972-01-01,105.48818607065083,-158.6062339951934,382.63644698002923,105.48818607065083,105.48818607065083,18.679315594649868,18.679315594649868,18.679315594649868,18.679315594649868,18.679315594649868,18.679315594649868,0.0,0.0,0.0,124.16750166530069
1972-01-02,105.54811133149519,-155.2552553170324,382.57479066928096,105.54811133149519,105.54811133149519,19.94796897670242,19.94796897670242,19.94796897670242,19.94796897670242,19.94796897670242,19.94796897670242,0.0,0.0,0.0,125.4960803081976
1972-01-03,105.60803659233942,-154.05173288938897,398.57722562157136,105.60803659233942,105.60803659233942,19.457304361870545,19.457304361870545,19.457304361870545,19.457304361870545,19.457304361870545,19.457304361870545,0.0,0.0,0.0,125.06534095420996
1972-01-04,105.66796185318408,-146.10900431115743,378.7900271418416,105.66796185318408,105.66796185318408,17.764916927001636,17.764916927001636,17.764916927001636,17.764916927001636,17.764916927001636,17.764916927001636,0.0,0.0,0.0,123.43287878018572
1972-01-05,105.7278871140283,-154.5176274219016,395.71250560116636,105.7278871140283,105.7278871140283,15.45616140263238,15.45616140263238,15.45616140263238,15.45616140263238,15.45616140263238,15.45616140263238,0.0,0.0,0.0,121.18404851666068
1972-01-06,105.78781237487267,-160.06155829287542,408.1103595470776,105.78781237487267,105.78781237487267,13.123505873830144,13.123505873830144,13.123505873830144,13.123505873830144,13.123505873830144,13.123505873830144,0.0,0.0,0.0,118.91131824870281
1972-01-07,105.8477376357172,-143.17922151420694,386.209172575035,105.8477376357172,105.8477376357172,11.345850760885863,11.345850760885863,11.345850760885863,11.345850760885863,11.345850760885863,11.345850760885863,0.0,0.0,0.0,117.19358839660306
1972-01-08,105.90766289656156,-161.20402621082232,399.1152825747549,105.90766289656156,105.90766289656156,10.668440928770403,10.668440928770403,10.668440928770403,10.668440928770403,10.668440928770403,10.668440928770403,0.0,0.0,0.0,116.57610382533197
1972-01-09,105.96758815740579,-159.6516123281716,370.59914077283173,105.96758815740579,105.96758815740579,11.58397861802942,11.58397861802942,11.58397861802942,11.58397861802942,11.58397861802942,11.58397861802942,0.0,0.0,0.0,117.5515667754352
1972-01-10,106.02751341825015,-164.84559695136875,391.7981133250305,106.02751341825015,106.02751341825015,14.51550683336684,14.51550683336684,14.51550683336684,14.51550683336684,14.51550683336684,14.51550683336684,0.0,0.0,0.0,120.543020251617
1972-01-11,106.08743867909467,-152.39928815371184,392.9969808963422,106.08743867909467,106.08743867909467,19.80157812713878,19.80157812713878,19.80157812713878,19.80157812713878,19.80157812713878,19.80157812713878,0.0,0.0,0.0,125.88901680623346
1972-01-12,106.14736393993904,-120.5584819206112,405.2128054260804,106.14736393993904,106.14736393993904,27.684154012082004,27.684154012082004,27.684154012082004,27.684154012082004,27.684154012082004,27.684154012082004,0.0,0.0,0.0,133.83151795202104
1973-01-01,127.4208315396963,-134.61682464706738,407.762338069453,127.4208315396963,127.4208315396963,19.81662307917388,19.81662307917388,19.81662307917388,19.81662307917388,19.81662307917388,19.81662307917388,0.0,0.0,0.0,147.23745461887017
1973-01-02,127.48075680054052,-155.47758789061822,429.9583623044093,127.48075680054052,127.48075680054052,19.715044530450825,19.715044530450825,19.715044530450825,19.715044530450825,19.715044530450825,19.715044530450825,0.0,0.0,0.0,147.19580133099134
1973-01-03,127.54068206138489,-143.0827764057604,418.8611101097857,127.54068206138489,127.54068206138489,18.268945216235114,18.268945216235114,18.268945216235114,18.268945216235114,18.268945216235114,18.268945216235114,0.0,0.0,0.0,145.80962727762
1973-01-04,127.60060732222941,-134.1998177695271,394.9026803493175,127.60060732222941,127.60060732222941,16.05866029843264,16.05866029843264,16.05866029843264,16.05866029843264,16.05866029843264,16.05866029843264,0.0,0.0,0.0,143.65926762066204
1973-01-05,127.66053258307377,-133.9182892926939,404.75232203645334,127.66053258307377,127.66053258307377,13.676827819998476,13.676827819998476,13.676827819998476,13.676827819998476,13.676827819998476,13.676827819998476,0.0,0.0,0.0,141.33736040307224
1973-01-06,127.720457843918,-156.04389135377133,425.8489653056292,127.720457843918,127.720457843918,11.707657131578282,11.707657131578282,11.707657131578282,11.707657131578282,11.707657131578282,11.707657131578282,0.0,0.0,0.0,139.42811497549627
1973-01-07,127.78038310476266,-130.22075990860253,431.23422774963507,127.78038310476266,127.78038310476266,10.706634645404742,10.706634645404742,10.706634645404742,10.706634645404742,10.706634645404742,10.706634645404742,0.0,0.0,0.0,138.4870177501674
1973-01-08,127.84030836560689,-157.2821702305599,420.41507850763617,127.84030836560689,127.84030836560689,11.181281375727247,11.181281375727247,11.181281375727247,11.181281375727247,11.181281375727247,11.181281375727247,0.0,0.0,0.0,139.02158974133414
1973-01-09,127.90023362645125,-133.72832767783456,407.08317158654734,127.90023362645125,127.90023362645125,13.573543030302519,13.573543030302519,13.573543030302519,13.573543030302519,13.573543030302519,13.573543030302519,0.0,0.0,0.0,141.47377665675378
1973-01-10,127.96015888729578,-130.98848747761204,411.35081586639376,127.96015888729578,127.96015888729578,18.244342743337587,18.244342743337587,18.244342743337587,18.244342743337587,18.244342743337587,18.244342743337587,0.0,0.0,0.0,146.20450163063336
1973-01-11,128.02008414814014,-126.08387721621112,431.96053115471324,128.02008414814014,128.02008414814014,25.46076040999985,25.46076040999985,25.46076040999985,25.46076040999985,25.46076040999985,25.46076040999985,0.0,0.0,0.0,153.48084455814
1973-01-12,128.08000940898452,-105.39548847347933,438.63608726447563,128.08000940898452,128.08000940898452,35.38622296630899,35.38622296630899,35.38622296630899,35.38622296630899,35.38622296630899,35.38622296630899,0.0,0.0,0.0,163.46623237529352
1974-01-01,149.2935517478974,-102.70893736334703,438.6079798783121,149.2935517478974,149.2935517478974,19.566768728556266,19.566768728556266,19.566768728556266,19.566768728556266,19.566768728556266,19.566768728556266,0.0,0.0,0.0,168.86032047645367
1974-01-02,149.3534770087416,-96.39600676973929,452.28860931067646,149.3534770087416,149.3534770087416,19.888591263848248,19.888591263848248,19.888591263848248,19.888591263848248,19.888591263848248,19.888591263848248,0.0,0.0,0.0,169.24206827258985
1974-01-03,149.413402269586,-109.67243139906729,451.7196992710584,149.413402269586,149.413402269586,18.725151708711532,18.725151708711532,18.725151708711532,18.725151708711532,18.725151708711532,18.725151708711532,0.0,0.0,0.0,168.13855397829752
1974-01-04,149.4733275304305,-102.74087479260155,454.02707548284997,149.4733275304305,149.4733275304305,16.650478909304727,16.650478909304727,16.650478909304727,16.650478909304727,16.650478909304727,16.650478909304727,0.0,0.0,0.0,166.12380643973523
1974-01-05,149.53325279127486,-132.93167017378542,423.81059649172164,149.53325279127486,149.53325279127486,14.2560820542889,14.2560820542889,14.2560820542889,14.2560820542889,14.2560820542889,14.2560820542889,0.0,0.0,0.0,163.78933484556376
1974-01-06,149.59317805211924,-123.56432646662734,432.20649152916553,149.59317805211924,149.59317805211924,12.130208022420515,12.130208022420515,12.130208022420515,12.130208022420515,12.130208022420515,12.130208022420515,0.0,0.0,0.0,161.72338607453975
1974-01-07,149.65310331296348,-110.19237165990828,445.1134567287185,149.65310331296348,149.65310331296348,10.837379272770233,10.837379272770233,10.837379272770233,10.837379272770233,10.837379272770233,10.837379272770233,0.0,0.0,0.0,160.4904825857337
1974-01-08,149.71302857380815,-105.9574826659278,432.6934018508197,149.71302857380815,149.71302857380815,10.898832375719019,10.898832375719019,10.898832375719019,10.898832375719019,10.898832375719019,10.898832375719019,0.0,0.0,0.0,160.61186094952717
1974-01-09,149.77295383465236,-106.83259128725132,424.4372758761089,149.77295383465236,149.77295383465236,12.774448013785523,12.774448013785523,12.774448013785523,12.774448013785523,12.774448013785523,12.774448013785523,0.0,0.0,0.0,162.5474018484379
1974-01-10,149.83287909549674,-127.18230188449718,471.9011451807049,149.83287909549674,149.83287909549674,16.846716727580272,16.846716727580272,16.846716727580272,16.846716727580272,16.846716727580272,16.846716727580272,0.0,0.0,0.0,166.67959582307702
1974-01-11,149.89280435634126,-113.2077934636228,459.37759718796184,149.89280435634126,149.89280435634126,23.40722224817218,23.40722224817218,23.40722224817218,23.40722224817218,23.40722224817218,23.40722224817218,0.0,0.0,0.0,173.30002660451345
1974-01-12,149.9527296171856,-97.55663530006468,435.9556176647561,149.9527296171856,149.9527296171856,32.64604780492386,32.64604780492386,32.64604780492386,32.64604780492386,32.64604780492386,32.64604780492386,0.0,0.0,0.0,182.59877742210946
1975-01-01,171.16627195609848,-75.39867249090545,479.2209373108593,171.16627195609848,171.16627195609848,19.19029496818407,19.19029496818407,19.19029496818407,19.19029496818407,19.19029496818407,19.19029496818407,0.0,0.0,0.0,190.35656692428256
1975-01-02,171.22619721694286,-94.27645653284037,477.231315433944,171.22619721694286,171.22619721694286,19.96912356589535,19.96912356589535,19.96912356589535,19.96912356589535,19.96912356589535,19.96912356589535,0.0,0.0,0.0,191.19532078283822
1975-01-03,171.2861224777871,-76.5292761020865,478.1158452805434,171.2861224777871,171.2861224777871,19.124320544714926,19.124320544714926,19.124320544714926,19.124320544714926,19.124320544714926,19.124320544714926,0.0,0.0,0.0,190.41044302250202
1975-01-04,171.34604773863146,-109.34550853333482,482.9670298055369,171.34604773863146,171.34604773863146,17.22233087687436,17.22233087687436,17.22233087687436,17.22233087687436,17.22233087687436,17.22233087687436,0.0,0.0,0.0,188.56837861550582
1975-01-05,171.40597299947598,-73.39324981346196,471.7899760943446,171.40597299947598,171.40597299947598,14.85223538712012,14.85223538712012,14.85223538712012,14.85223538712012,14.85223538712012,14.85223538712012,0.0,0.0,0.0,186.2582083865961
1975-01-06,171.46589826032036,-83.43532380424703,446.438467813083,171.46589826032036,171.46589826032036,12.605036560907784,12.605036560907784,12.605036560907784,12.605036560907784,12.605036560907784,12.605036560907784,0.0,0.0,0.0,184.07093482122815
1975-01-07,171.52582352116457,-116.74875484962372,442.17729738237966,171.52582352116457,171.52582352116457,11.053067416278324,11.053067416278324,11.053067416278324,11.053067416278324,11.053067416278324,11.053067416278324,0.0,0.0,0.0,182.5788909374429
1975-01-08,171.58574877266517,-95.90460366083143,460.4225087065144,171.58574877266517,171.58574877266517,10.730148037013041,10.730148037013041,10.730148037013041,10.730148037013041,10.730148037013041,10.730148037013041,0.0,0.0,0.0,182.3158968096782
1975-01-09,171.64567402416546,-111.3439136936577,472.7818635149662,171.64567402416546,171.64567402416546,12.113089577725013,12.113089577725013,12.113089577725013,12.113089577725013,12.113089577725013,12.113089577725013,0.0,0.0,0.0,183.75876360189048
1975-01-10,171.70559927566578,-109.62738188676569,452.25036743469065,171.70559927566578,171.70559927566578,15.605103206695983,15.605103206695983,15.605103206695983,15.605103206695983,15.605103206695983,15.605103206695983,0.0,0.0,0.0,187.31070248236176
1975-01-11,171.76552452716606,-65.34641801837918,477.4803239638473,171.76552452716606,171.76552452716606,21.521612830488763,21.521612830488763,21.521612830488763,21.521612830488763,21.521612830488763,21.521612830488763,0.0,0.0,0.0,193.28713735765484
1975-01-12,171.82544977866667,-59.33379302842372,486.1134744833955,171.82544977866667,171.82544977866667,30.078897298776138,30.078897298776138,30.078897298776138,30.078897298776138,30.078897298776138,30.078897298776138,0.0,0.0,0.0,201.9043470774428
1976-01-01,193.03898880980285,-68.85213226137925,482.2232983060104,193.03898880980285,193.03898880980285,18.679315594645622,18.679315594645622,18.679315594645622,18.679315594645622,18.679315594645622,18.679315594645622,0.0,0.0,0.0,211.71830440444847
1976-01-02,193.0989140613033,-73.80177156599086,489.2557693383834,193.0989140613033,193.0989140613033,19.947968976709582,19.947968976709582,19.947968976709582,19.947968976709582,19.947968976709582,19.947968976709582,0.0,0.0,0.0,213.04688303801288
1976-01-03,193.15883931280376,-59.03979476698524,479.19037895268144,193.15883931280376,193.15883931280376,19.457304361865372,19.457304361865372,19.457304361865372,19.457304361865372,19.457304361865372,19.457304361865372,0.0,0.0,0.0,212.61614367466913
1976-01-04,193.2187645643039,-41.6644435089215,507.4695468193091,193.2187645643039,193.2187645643039,17.76491692700501,17.76491692700501,17.76491692700501,17.76491692700501,17.76491692700501,17.76491692700501,0.0,0.0,0.0,210.98368149130891
1976-01-05,193.27868981580465,-63.75175766139686,492.2176662169539,193.27868981580465,193.27868981580465,15.4561614026325,15.4561614026325,15.4561614026325,15.4561614026325,15.4561614026325,15.4561614026325,0.0,0.0,0.0,208.73485121843714
1976-01-06,193.3386150673048,-62.79273203221999,494.8460701781507,193.3386150673048,193.3386150673048,13.123505873840664,13.123505873840664,13.123505873840664,13.123505873840664,13.123505873840664,13.123505873840664,0.0,0.0,0.0,206.46212094114546
1976-01-07,193.39854031880526,-58.6466021176372,501.8970109872889,193.39854031880526,193.39854031880526,11.345850760885222,11.345850760885222,11.345850760885222,11.345850760885222,11.345850760885222,11.345850760885222,0.0,0.0,0.0,204.74439107969047
1976-01-08,193.4584655703054,-90.16016430175925,446.75085959625363,193.4584655703054,193.4584655703054,10.668440928766339,10.668440928766339,10.668440928766339,10.668440928766339,10.668440928766339,10.668440928766339,0.0,0.0,0.0,204.12690649907174
1976-01-09,193.51839082180615,-57.996006937291966,484.69371465318665,193.51839082180615,193.51839082180615,11.583978618026837,11.583978618026837,11.583978618026837,11.583978618026837,11.583978618026837,11.583978618026837,0.0,0.0,0.0,205.10236943983298
1976-01-10,193.57831607330633,-62.42753135657519,486.58138421414577,193.57831607330633,193.57831607330633,14.515506833367317,14.515506833367317,14.515506833367317,14.515506833367317,14.515506833367317,14.515506833367317,0.0,0.0,0.0,208.09382290667364
1976-01-11,193.63824132480676,-76.7388565035955,483.73421663119717,193.63824132480676,193.63824132480676,19.80157812713651,19.80157812713651,19.80157812713651,19.80157812713651,19.80157812713651,19.80157812713651,0.0,0.0,0.0,213.43981945194326
1976-01-12,193.69816657630722,-45.740928016873305,495.23631547905285,193.69816657630722,193.69816657630722,27.684154012081017,27.684154012081017,27.684154012081017,27.684154012081017,27.684154012081017,27.684154012081017,0.0,0.0,0.0,221.38232058838824
1977-01-01,214.97163085894354,-56.20150639658921,518.1629398742559,214.97163085894354,214.97163085894354,19.816623079172615,19.816623079172615,19.816623079172615,19.816623079172615,19.816623079172615,19.816623079172615,0.0,0.0,0.0,234.78825393811616
1977-01-02,215.03155611044428,-63.38577071253802,508.2029810002308,215.03155611044428,215.03155611044428,19.715044530449717,19.715044530449717,19.715044530449717,19.715044530449717,19.715044530449717,19.715044530449717,0.0,0.0,0.0,234.746600640894
1977-01-03,215.09148136194446,-37.923976209207126,481.4014608171857,215.09148136194446,215.09148136194446,18.268945216227166,18.268945216227166,18.268945216227166,18.268945216227166,18.268945216227166,18.268945216227166,0.0,0.0,0.0,233.36042657817163
1977-01-04,215.1514066134449,-43.166555548152466,470.8113342452276,215.1514066134449,215.1514066134449,16.058660298431455,16.058660298431455,16.058660298431455,16.058660298431455,16.058660298431455,16.058660298431455,0.0,0.0,0.0,231.21006691187634
1977-01-05,215.21133186494535,-35.39105032326675,513.7977234636118,215.21133186494535,215.21133186494535,13.676827820002266,13.676827820002266,13.676827820002266,13.676827820002266,13.676827820002266,13.676827820002266,0.0,0.0,0.0,228.88815968494762
1977-01-06,215.2712571164458,-46.57761149251963,501.46318341407954,215.2712571164458,215.2712571164458,11.707657131577559,11.707657131577559,11.707657131577559,11.707657131577559,11.707657131577559,11.707657131577559,0.0,0.0,0.0,226.97891424802336
1977-01-07,215.33118236794596,-75.55572580298043,496.7101375393839,215.33118236794596,215.33118236794596,10.706634645407616,10.706634645407616,10.706634645407616,10.706634645407616,10.706634645407616,10.706634645407616,0.0,0.0,0.0,226.03781701335356
1977-01-08,215.3911076194467,-56.10857486930765,504.24432068539903,215.3911076194467,215.3911076194467,11.181281375730011,11.181281375730011,11.181281375730011,11.181281375730011,11.181281375730011,11.181281375730011,0.0,0.0,0.0,226.5723889951767
1977-01-09,215.45103287094685,-39.96172238311356,502.09245649867023,215.45103287094685,215.45103287094685,13.5735430303038,13.5735430303038,13.5735430303038,13.5735430303038,13.5735430303038,13.5735430303038,0.0,0.0,0.0,229.02457590125064
1977-01-10,215.5109581224473,-56.191119765044455,501.5448482963185,215.5109581224473,215.5109581224473,18.244342743338684,18.244342743338684,18.244342743338684,18.244342743338684,18.244342743338684,18.244342743338684,0.0,0.0,0.0,233.75530086578598
1977-01-11,215.57088337394745,-29.145129323274105,526.9708191552385,215.57088337394745,215.57088337394745,25.46076040999919,25.46076040999919,25.46076040999919,25.46076040999919,25.46076040999919,25.46076040999919,0.0,0.0,0.0,241.03164378394663
1977-01-12,215.6308086254482,-29.032335894778267,517.430522739722,215.6308086254482,215.6308086254482,35.38622296630899,35.38622296630899,35.38622296630899,35.38622296630899,35.38622296630899,35.38622296630899,0.0,0.0,0.0,251.0170315917572
1978-01-01,236.84434765658438,-14.515005821357276,532.545211881432,236.84434765658438,236.84434765658438,19.566768728554845,19.566768728554845,19.566768728554845,19.566768728554845,19.566768728554845,19.566768728554845,0.0,0.0,0.0,256.4111163851392
1978-01-02,236.90427290808483,-48.68265706976884,543.821905331248,236.90427290808483,236.90427290808483,19.888591263841857,19.888591263841857,19.888591263841857,19.888591263841857,19.888591263841857,19.888591263841857,0.0,0.0,0.0,256.7928641719267
1978-01-03,236.9641981595853,-22.949690866877983,529.6452245564442,236.9641981595853,236.9641981595853,18.725151708719515,18.725151708719515,18.725151708719515,18.725151708719515,18.725151708719515,18.725151708719515,0.0,0.0,0.0,255.68934986830482
1978-01-04,237.02412341108544,-17.027760171601326,540.8028587194291,237.02412341108544,237.02412341108544,16.65047890930759,16.65047890930759,16.65047890930759,16.65047890930759,16.65047890930759,16.65047890930759,0.0,0.0,0.0,253.67460232039303
1978-01-05,237.0840486625859,-35.20780368008212,519.870055696427,237.0840486625859,237.0840486625859,14.256082054285146,14.256082054285146,14.256082054285146,14.256082054285146,14.256082054285146,14.256082054285146,0.0,0.0,0.0,251.34013071687104
1978-01-06,237.14397391408633,-15.455824317998436,519.9605910563907,237.14397391408633,237.14397391408633,12.1302080224286,12.1302080224286,12.1302080224286,12.1302080224286,12.1302080224286,12.1302080224286,0.0,0.0,0.0,249.27418193651494
1978-01-07,237.2038991655865,-52.90747338679759,524.3917317705577,237.2038991655865,237.2038991655865,10.83737927276899,10.83737927276899,10.83737927276899,10.83737927276899,10.83737927276899,10.83737927276899,0.0,0.0,0.0,248.0412784383555
1978-01-08,237.26382441708694,-29.970652689195628,517.8267907929034,237.26382441708694,237.26382441708694,10.898832375720502,10.898832375720502,10.898832375720502,10.898832375720502,10.898832375720502,10.898832375720502,0.0,0.0,0.0,248.16265679280744
1978-01-09,237.3237496685874,-34.41781407988187,533.2391207305856,237.3237496685874,237.3237496685874,12.77444801378598,12.77444801378598,12.77444801378598,12.77444801378598,12.77444801378598,12.77444801378598,0.0,0.0,0.0,250.09819768237338
1978-01-10,237.38367492008786,-29.36906717799656,540.5139730682537,237.38367492008786,237.38367492008786,16.846716727584905,16.846716727584905,16.846716727584905,16.846716727584905,16.846716727584905,16.846716727584905,0.0,0.0,0.0,254.23039164767277
1978-01-11,237.443600171588,-15.038387958072985,534.8977286108471,237.443600171588,237.443600171588,23.4072222481665,23.4072222481665,23.4072222481665,23.4072222481665,23.4072222481665,23.4072222481665,0.0,0.0,0.0,260.8508224197545
1978-01-12,237.50352542308875,2.30725682709024,534.9282733540151,237.50352542308875,237.50352542308875,32.64604780492192,32.64604780492192,32.64604780492192,32.64604780492192,32.64604780492192,32.64604780492192,0.0,0.0,0.0,270.1495732280107
1979-01-01,258.7170644542248,8.4191762591871,571.9499367047624,258.7170644542248,258.7170644542248,19.19029496817755,19.19029496817755,19.19029496817755,19.19029496817755,19.19029496817755,19.19029496817755,0.0,0.0,0.0,277.90735942240235
1979-01-02,258.7769896983072,-0.5766287728518871,551.2574959048994,258.7769896983072,258.7769896983072,19.969123565885116,19.969123565885116,19.969123565885116,19.969123565885116,19.969123565885116,19.969123565885116,0.0,0.0,0.0,278.74611326419233
1979-01-03,258.83691494239025,-14.486796411988076,568.6433117476178,258.83691494239025,258.83691494239025,19.124320544704688,19.124320544704688,19.124320544704688,19.124320544704688,19.124320544704688,19.124320544704688,0.0,0.0,0.0,277.96123548709494
1979-01-04,258.89684018647273,9.021406647987021,563.3167129990484,258.89684018647273,258.89684018647273,17.222330876874516,17.222330876874516,17.222330876874516,17.222330876874516,17.222330876874516,17.222330876874516,0.0,0.0,0.0,276.11917106334727
1979-01-05,258.95676543055544,-1.7387965440664328,542.0993143391734,258.95676543055544,258.95676543055544,14.852235387113867,14.852235387113867,14.852235387113867,14.852235387113867,14.852235387113867,14.852235387113867,0.0,0.0,0.0,273.8090008176693
1979-01-06,259.0166906746382,3.9049906299976875,541.5816664847,259.0166906746382,259.0166906746382,12.605036560901805,12.605036560901805,12.605036560901805,12.605036560901805,12.605036560901805,12.605036560901805,0.0,0.0,0.0,271.62172723554
1979-01-07,259.0766159187206,-18.175109688203683,564.131833682865,259.0766159187206,259.0766159187206,11.053067416290942,11.053067416290942,11.053067416290942,11.053067416290942,11.053067416290942,11.053067416290942,0.0,0.0,0.0,270.1296833350116
1979-01-08,259.1365411628034,-6.269715883100729,535.0771797260712,259.1365411628034,259.1365411628034,10.730148037017088,10.730148037017088,10.730148037017088,10.730148037017088,10.730148037017088,10.730148037017088,0.0,0.0,0.0,269.8666891998205
1979-01-09,259.1964664068858,5.520891704847757,541.562694011365,259.1964664068858,259.1964664068858,12.113089577715254,12.113089577715254,12.113089577715254,12.113089577715254,12.113089577715254,12.113089577715254,0.0,0.0,0.0,271.30955598460105
1979-01-10,259.25639165096885,6.141113501794135,556.8125122131826,259.25639165096885,259.25639165096885,15.605103206699516,15.605103206699516,15.605103206699516,15.605103206699516,15.605103206699516,15.605103206699516,0.0,0.0,0.0,274.8614948576684
1979-01-11,259.3163168950513,4.0119844855258195,545.9387844630182,259.3163168950513,259.3163168950513,21.52161283048585,21.52161283048585,21.52161283048585,21.52161283048585,21.52161283048585,21.52161283048585,0.0,0.0,0.0,280.83792972553715
1979-01-12,259.37624213913375,22.655021230248902,576.631999072778,259.37624213913375,259.37624213913375,30.078897298775587,30.078897298775587,30.078897298775587,30.078897298775587,30.078897298775587,30.078897298775587,0.0,0.0,0.0,289.45513943790934
1980-01-01,280.5897785443926,26.48727731636537,556.6681633468703,280.5897785443926,280.5897785443926,18.679315594657872,18.679315594657872,18.679315594657872,18.679315594657872,18.679315594657872,18.679315594657872,0.0,0.0,0.0,299.2690941390504
1980-01-02,280.649703788475,11.29662773000456,569.8112632803185,280.649703788475,280.649703788475,19.947968976696252,19.947968976696252,19.947968976696252,19.947968976696252,19.947968976696252,19.947968976696252,0.0,0.0,0.0,300.59767276517124
1980-01-03,280.70962903255804,43.19867470661661,580.7998273207752,280.70962903255804,280.70962903255804,19.457304361883587,19.457304361883587,19.457304361883587,19.457304361883587,19.457304361883587,19.457304361883587,0.0,0.0,0.0,300.1669333944416
1980-01-04,280.76955427664046,8.14274316517568,575.0322799771359,280.76955427664046,280.76955427664046,17.764916927002375,17.764916927002375,17.764916927002375,17.764916927002375,17.764916927002375,17.764916927002375,0.0,0.0,0.0,298.53447120364285
1980-01-05,280.82947952072294,0.15737465584862503,569.0049808398979,280.82947952072294,280.82947952072294,15.456161402640218,15.456161402640218,15.456161402640218,15.456161402640218,15.456161402640218,15.456161402640218,0.0,0.0,0.0,296.28564092336313
1980-01-06,280.88940476480565,13.910104868783629,579.7256676031313,280.88940476480565,280.88940476480565,13.123505873830968,13.123505873830968,13.123505873830968,13.123505873830968,13.123505873830968,13.123505873830968,0.0,0.0,0.0,294.01291063863664
1980-01-07,280.9493300088884,28.716221164863796,588.2542609625183,280.9493300088884,280.9493300088884,11.34585076088026,11.34585076088026,11.34585076088026,11.34585076088026,11.34585076088026,11.34585076088026,0.0,0.0,0.0,292.29518076976865
1980-01-08,281.0092552529711,0.029253761646431203,569.3860313324817,281.0092552529711,281.0092552529711,10.668440928765643,10.668440928765643,10.668440928765643,10.668440928765643,10.668440928765643,10.668440928765643,0.0,0.0,0.0,291.67769618173674
1980-01-09,281.0691804970536,1.0120364779478686,583.5020914706629,281.0691804970536,281.0691804970536,11.583978618029034,11.583978618029034,11.583978618029034,11.583978618029034,11.583978618029034,11.583978618029034,0.0,0.0,0.0,292.65315911508264
1980-01-10,281.1291057411363,30.656096589852652,557.8900301247269,281.1291057411363,281.1291057411363,14.51550683335959,14.51550683335959,14.51550683335959,14.51550683335959,14.51550683335959,14.51550683335959,0.0,0.0,0.0,295.6446125744959
1980-01-11,281.18903098521906,38.31939231993635,590.6032376199033,281.18903098521906,281.18903098521906,19.801578127142825,19.801578127142825,19.801578127142825,19.801578127142825,19.801578127142825,19.801578127142825,0.0,0.0,0.0,300.9906091123619
1980-01-12,281.2489562293015,36.01135203799114,599.0945628791524,281.2489562293015,281.2489562293015,27.684154012084424,27.684154012084424,27.684154012084424,27.684154012084424,27.684154012084424,27.684154012084424,0.0,0.0,0.0,308.9331102413859
1981-01-01,302.5224178786428,40.544276000162924,573.7135487660404,302.5224178786428,302.5224178786428,19.816623079161793,19.816623079161793,19.816623079161793,19.816623079161793,19.816623079161793,19.816623079161793,0.0,0.0,0.0,322.33904095780457
1981-01-02,302.5823431227255,45.55880471306619,598.1216886982039,302.5823431227255,302.5823431227255,19.71504453044727,19.71504453044727,19.71504453044727,19.71504453044727,19.71504453044727,19.71504453044727,0.0,0.0,0.0,322.29738765317273
1981-01-03,302.64226836680825,44.18034258659382,628.3003998374481,302.64226836680825,302.64226836680825,18.268945216242596,18.268945216242596,18.268945216242596,18.268945216242596,18.268945216242596,18.268945216242596,0.0,0.0,0.0,320.9112135830508
1981-01-04,302.7021936108907,21.620544538116004,610.51391486665,302.7021936108907,302.7021936108907,16.058660298436383,16.058660298436383,16.058660298436383,16.058660298436383,16.058660298436383,16.058660298436383,0.0,0.0,0.0,318.76085390932707
1981-01-05,302.76211885497344,44.18766046257833,606.2214616977507,302.76211885497344,302.76211885497344,13.67682781999572,13.67682781999572,13.67682781999572,13.67682781999572,13.67682781999572,13.67682781999572,0.0,0.0,0.0,316.43894667496915
1981-01-06,302.82204409905614,29.568162763797282,581.4347940811663,302.82204409905614,302.82204409905614,11.707657131589112,11.707657131589112,11.707657131589112,11.707657131589112,11.707657131589112,11.707657131589112,0.0,0.0,0.0,314.52970123064523
1981-01-07,302.8819693431389,22.79830779575799,590.1340415292394,302.8819693431389,302.8819693431389,10.706634645413697,10.706634645413697,10.706634645413697,10.706634645413697,10.706634645413697,10.706634645413697,0.0,0.0,0.0,313.5886039885526
1981-01-08,302.9418945872213,32.34147057996208,581.67684734202,302.9418945872213,302.9418945872213,11.181281375725781,11.181281375725781,11.181281375725781,11.181281375725781,11.181281375725781,11.181281375725781,0.0,0.0,0.0,314.12317596294713
1981-01-09,303.0018198313038,44.54603162359096,582.2481014794353,303.0018198313038,303.0018198313038,13.57354303029946,13.57354303029946,13.57354303029946,13.57354303029946,13.57354303029946,13.57354303029946,0.0,0.0,0.0,316.57536286160325
1981-01-10,303.06174507538685,37.34587626395135,600.6864891197159,303.06174507538685,303.06174507538685,18.244342743330684,18.244342743330684,18.244342743330684,18.244342743330684,18.244342743330684,18.244342743330684,0.0,0.0,0.0,321.3060878187175
1981-01-11,303.1216703194693,66.25371591894992,602.9901310752322,303.1216703194693,303.1216703194693,25.460760409995746,25.460760409995746,25.460760409995746,25.460760409995746,25.460760409995746,25.460760409995746,0.0,0.0,0.0,328.58243072946505
1981-01-12,303.18159556355204,46.003482481378434,636.1760998079329,303.18159556355204,303.18159556355204,35.38622296630467,35.38622296630467,35.38622296630467,35.38622296630467,35.38622296630467,35.38622296630467,0.0,0.0,0.0,338.5678185298567
1982-01-01,324.3951319688105,66.41210552756485,619.4169774032014,324.3951319688105,324.3951319688105,19.566768728555147,19.566768728555147,19.566768728555147,19.566768728555147,19.566768728555147,19.566768728555147,0.0,0.0,0.0,343.96190069736565
1982-01-02,324.4550572128933,79.47245248904498,615.1175672522166,324.4550572128933,324.4550572128933,19.888591263862914,19.888591263862914,19.888591263862914,19.888591263862914,19.888591263862914,19.888591263862914,0.0,0.0,0.0,344.3436484767562
1982-01-03,324.5149824569757,69.65594422410369,627.2010157699484,324.5149824569757,324.5149824569757,18.725151708714375,18.725151708714375,18.725151708714375,18.725151708714375,18.725151708714375,18.725151708714375,0.0,0.0,0.0,343.24013416569005
1982-01-04,324.57490770105846,82.55042625570199,605.6204161945568,324.57490770105846,324.57490770105846,16.650478909294876,16.650478909294876,16.650478909294876,16.650478909294876,16.650478909294876,16.650478909294876,0.0,0.0,0.0,341.2253866103533
1982-01-05,324.6348329451412,63.45523808944851,602.4526173844905,324.6348329451412,324.6348329451412,14.256082054278545,14.256082054278545,14.256082054278545,14.256082054278545,14.256082054278545,14.256082054278545,0.0,0.0,0.0,338.89091499941975
1982-01-06,324.69475818922365,58.660118537373634,635.6112386317084,324.69475818922365,324.69475818922365,12.130208022426082,12.130208022426082,12.130208022426082,12.130208022426082,12.130208022426082,12.130208022426082,0.0,0.0,0.0,336.8249662116497
1982-01-07,324.7546834333067,54.51836543533368,642.3807422591708,324.7546834333067,324.7546834333067,10.837379272780781,10.837379272780781,10.837379272780781,10.837379272780781,10.837379272780781,10.837379272780781,0.0,0.0,0.0,335.59206270608746
1982-01-08,324.8146086773892,55.49659622156901,608.2990749351785,324.8146086773892,324.8146086773892,10.898832375719751,10.898832375719751,10.898832375719751,10.898832375719751,10.898832375719751,10.898832375719751,0.0,0.0,0.0,335.7134410531089
1982-01-09,324.8396232669099,65.03060220155183,614.028475774417,324.8396232669099,324.8396232669099,12.774448013780926,12.774448013780926,12.774448013780926,12.774448013780926,12.774448013780926,12.774448013780926,0.0,0.0,0.0,337.61407128069084
1982-01-10,324.8646378564305,64.07978619329288,624.9799813278441,324.8646378564305,324.8646378564305,16.84671672758915,16.84671672758915,16.84671672758915,16.84671672758915,16.84671672758915,16.84671672758915,0.0,0.0,0.0,341.7113545840196
1982-01-11,324.88965244595124,43.187358762488074,627.2609950223422,324.88965244595124,324.88965244595124,23.40722224817042,23.40722224817042,23.40722224817042,23.40722224817042,23.40722224817042,23.40722224817042,0.0,0.0,0.0,348.29687469412164
1982-01-12,324.9146670354719,84.66005834136686,618.9402253135208,324.9146670354719,324.9146670354719,32.64604780492741,32.64604780492741,32.64604780492741,32.64604780492741,32.64604780492741,32.64604780492741,0.0,0.0,0.0,357.5607148403993
1983-01-01,333.76983172579077,68.07768313969035,627.7090603734199,333.76983172579077,333.76983172579077,19.190294968173248,19.190294968173248,19.190294968173248,19.190294968173248,19.190294968173248,19.190294968173248,0.0,0.0,0.0,352.960126693964
1983-01-02,333.79484631531136,79.45583458660593,654.3098134087863,333.79484631531136,333.79484631531136,19.969123565890246,19.969123565890246,19.969123565890246,19.969123565890246,19.969123565890246,19.969123565890246,0.0,0.0,0.0,353.7639698812016
1983-01-03,333.819860904832,82.46058679593598,648.1855006375947,333.819860904832,333.819860904832,19.124320544701714,19.124320544701714,19.124320544701714,19.124320544701714,19.124320544701714,19.124320544701714,0.0,0.0,0.0,352.94418144953374
1983-01-04,333.8448754943528,91.69549849202593,626.6145337898324,333.8448754943528,333.8448754943528,17.222330876866973,17.222330876866973,17.222330876866973,17.222330876866973,17.222330876866973,17.222330876866973,0.0,0.0,0.0,351.06720637121975
1983-01-05,333.8698900838734,73.9203764703069,624.5390593873288,333.8698900838734,333.8698900838734,14.852235387108674,14.852235387108674,14.852235387108674,14.852235387108674,14.852235387108674,14.852235387108674,0.0,0.0,0.0,348.72212547098206
1983-01-06,333.894904673394,69.35823710796066,613.5308684155045,333.894904673394,333.894904673394,12.60503656091357,12.60503656091357,12.60503656091357,12.60503656091357,12.60503656091357,12.60503656091357,0.0,0.0,0.0,346.4999412343076
1983-01-07,333.9199192629148,52.27845963294134,636.5018474244378,333.9199192629148,333.9199192629148,11.05306741627199,11.05306741627199,11.05306741627199,11.05306741627199,11.05306741627199,11.05306741627199,0.0,0.0,0.0,344.97298667918676
1983-01-08,333.94493385243544,71.54949192482322,628.5308517650193,333.94493385243544,333.94493385243544,10.730148037012583,10.730148037012583,10.730148037012583,10.730148037012583,10.730148037012583,10.730148037012583,0.0,0.0,0.0,344.67508188944805
1983-01-09,333.9699484419562,79.70413003720942,618.8468276438803,333.9699484419562,333.9699484419562,12.113089577713147,12.113089577713147,12.113089577713147,12.113089577713147,12.113089577713147,12.113089577713147,0.0,0.0,0.0,346.08303801966935
1983-01-10,333.9949630314768,97.50778183228475,640.8080095261782,333.9949630314768,333.9949630314768,15.605103206697246,15.605103206697246,15.605103206697246,15.605103206697246,15.605103206697246,15.605103206697246,0.0,0.0,0.0,349.60006623817407
1983-01-11,334.01997762099757,64.80408385525176,629.2230677417282,334.01997762099757,334.01997762099757,21.521612830492387,21.521612830492387,21.521612830492387,21.521612830492387,21.521612830492387,21.521612830492387,0.0,0.0,0.0,355.5415904514899
1983-01-12,334.0449922105182,67.72469809323403,650.6963041208651,334.0449922105182,334.0449922105182,30.078897298777125,30.078897298777125,30.078897298777125,30.078897298777125,30.078897298777125,30.078897298777125,0.0,0.0,0.0,364.12388950929534
1984-01-01,342.9001569008369,109.5383857967404,634.332476281262,342.9001569008369,342.9001569008369,18.6793155946516,18.6793155946516,18.6793155946516,18.6793155946516,18.6793155946516,18.6793155946516,0.0,0.0,0.0,361.5794724954885
1984-01-02,342.9251714903577,78.4408998212802,631.4551984292468,342.9251714903577,342.9251714903577,19.94796897670711,19.94796897670711,19.94796897670711,19.94796897670711,19.94796897670711,19.94796897670711,0.0,0.0,0.0,362.8731404670648
1984-01-03,342.9501860798783,78.62802692439435,641.5024347555978,342.9501860798783,342.9501860798783,19.457304361870733,19.457304361870733,19.457304361870733,19.457304361870733,19.457304361870733,19.457304361870733,0.0,0.0,0.0,362.407490441749
1984-01-04,342.97520066939893,66.71464675226817,659.6323700146136,342.97520066939893,342.97520066939893,17.764916927002357,17.764916927002357,17.764916927002357,17.764916927002357,17.764916927002357,17.764916927002357,0.0,0.0,0.0,360.74011759640126
1984-01-05,343.0002152589197,95.3034364430858,639.7382938808445,343.0002152589197,343.0002152589197,15.456161402627794,15.456161402627794,15.456161402627794,15.456161402627794,15.456161402627794,15.456161402627794,0.0,0.0,0.0,358.4563766615475
1984-01-06,343.02522984844035,75.61250272630657,632.5298424091159,343.02522984844035,343.02522984844035,13.123505873825886,13.123505873825886,13.123505873825886,13.123505873825886,13.123505873825886,13.123505873825886,0.0,0.0,0.0,356.1487357222662
1984-01-07,343.0502444379611,61.658506626775,593.0326213295483,343.0502444379611,343.0502444379611,11.345850760887547,11.345850760887547,11.345850760887547,11.345850760887547,11.345850760887547,11.345850760887547,0.0,0.0,0.0,354.3960951988487
1984-01-08,343.0752590274817,77.40507438122957,625.1273188708794,343.0752590274817,343.0752590274817,10.668440928764563,10.668440928764563,10.668440928764563,10.668440928764563,10.668440928764563,10.668440928764563,0.0,0.0,0.0,353.74369995624625
1984-01-09,343.1002736170025,105.05872473317572,634.6392573586321,343.1002736170025,343.1002736170025,11.583978618030628,11.583978618030628,11.583978618030628,11.583978618030628,11.583978618030628,11.583978618030628,0.0,0.0,0.0,354.6842522350331
1984-01-10,343.1252882065231,101.8372267233827,630.0077225155104,343.1252882065231,343.1252882065231,14.515506833369624,14.515506833369624,14.515506833369624,14.515506833369624,14.515506833369624,14.515506833369624,0.0,0.0,0.0,357.64079503989274
1984-01-11,343.1503027960437,71.21031785568478,653.8717126832518,343.1503027960437,343.1503027960437,19.801578127136015,19.801578127136015,19.801578127136015,19.801578127136015,19.801578127136015,19.801578127136015,0.0,0.0,0.0,362.9518809231797
1984-01-12,343.1753173855645,89.20559648207242,632.0864240846289,343.1753173855645,343.1753173855645,27.684154012079112,27.684154012079112,27.684154012079112,27.684154012079112,27.684154012079112,27.684154012079112,0.0,0.0,0.0,370.8594713976436
1985-01-01,352.05549666540395,95.81418825584365,647.8290770458315,352.05549666540395,352.05549666540395,19.816623079185817,19.816623079185817,19.816623079185817,19.816623079185817,19.816623079185817,19.816623079185817,0.0,0.0,0.0,371.8721197445898
1985-01-02,352.0805112549246,97.75085650925664,659.7567610258658,352.0805112549246,352.0805112549246,19.71504453046984,19.71504453046984,19.71504453046984,19.71504453046984,19.71504453046984,19.71504453046984,0.0,0.0,0.0,371.7955557853944
1985-01-03,352.1055258444452,79.21738816366259,628.5565302517981,352.1055258444452,352.1055258444452,18.268945216235316,18.268945216235316,18.268945216235316,18.268945216235316,18.268945216235316,18.268945216235316,0.0,0.0,0.0,370.3744710606805
1985-01-04,352.130540433966,78.66949522390149,650.9813638194124,352.130540433966,352.130540433966,16.05866029843402,16.05866029843402,16.05866029843402,16.05866029843402,16.05866029843402,16.05866029843402,0.0,0.0,0.0,368.1892007324
1985-01-05,352.1555550234866,102.57354708099639,643.8040878389463,352.1555550234866,352.1555550234866,13.67682781999278,13.67682781999278,13.67682781999278,13.67682781999278,13.67682781999278,13.67682781999278,0.0,0.0,0.0,365.8323828434794
1985-01-06,352.1805696130074,94.36125906975805,661.9881911937964,352.1805696130074,352.1805696130074,11.70765713157766,11.70765713157766,11.70765713157766,11.70765713157766,11.70765713157766,11.70765713157766,0.0,0.0,0.0,363.88822674458504
1985-01-07,352.20558420252803,105.80240470350903,640.3327609676709,352.20558420252803,352.20558420252803,10.706634645418934,10.706634645418934,10.706634645418934,10.706634645418934,10.706634645418934,10.706634645418934,0.0,0.0,0.0,362.912218847947
1985-01-08,352.2305987920488,84.82140063953256,638.3672676419178,352.2305987920488,352.2305987920488,11.181281375725836,11.181281375725836,11.181281375725836,11.181281375725836,11.181281375725836,11.181281375725836,0.0,0.0,0.0,363.41188016777465
1985-01-09,352.2556133815694,86.99866067675131,651.0801002339248,352.2556133815694,352.2556133815694,13.573543030307297,13.573543030307297,13.573543030307297,13.573543030307297,13.573543030307297,13.573543030307297,0.0,0.0,0.0,365.8291564118767
1985-01-10,352.28062797109004,74.66574241841488,637.7234118973903,352.28062797109004,352.28062797109004,18.2443427433394,18.2443427433394,18.2443427433394,18.2443427433394,18.2443427433394,18.2443427433394,0.0,0.0,0.0,370.52497071442946
1985-01-11,352.3056425606108,115.08578707457401,657.4138710701018,352.3056425606108,352.3056425606108,25.460760409999665,25.460760409999665,25.460760409999665,25.460760409999665,25.460760409999665,25.460760409999665,0.0,0.0,0.0,377.76640297061044
1985-01-12,352.33065715013146,111.38230871444158,670.9106521065269,352.33065715013146,352.33065715013146,35.38622296630086,35.38622296630086,35.38622296630086,35.38622296630086,35.38622296630086,35.38622296630086,0.0,0.0,0.0,387.7168801164323
1986-01-01,361.1858218404501,102.07279713513421,665.9994603350817,361.1858218404501,361.1858218404501,19.56676872855199,19.56676872855199,19.56676872855199,19.56676872855199,19.56676872855199,19.56676872855199,0.0,0.0,0.0,380.7525905690021
1986-01-02,361.21083642997087,94.05287691472823,680.7096231511771,361.21083642997087,361.21083642997087,19.888591263844894,19.888591263844894,19.888591263844894,19.888591263844894,19.888591263844894,19.888591263844894,0.0,0.0,0.0,381.09942769381576
1986-01-03,361.2358510194917,100.89957761852489,672.9114213230883,361.2358510194917,361.2358510194917,18.725151708706647,18.725151708706647,18.725151708706647,18.725151708706647,18.725151708706647,18.725151708706647,0.0,0.0,0.0,379.9610027281983
1986-01-04,361.23160626434486,103.33355001396917,661.7426336802182,361.23160626434486,361.23160626434486,16.6504789093086,16.6504789093086,16.6504789093086,16.6504789093086,16.6504789093086,16.6504789093086,0.0,0.0,0.0,377.8820851736535
1986-01-05,361.2273615091981,104.41371800603159,657.4651903782035,361.2273615091981,361.2273615091981,14.256082054300812,14.256082054300812,14.256082054300812,14.256082054300812,14.256082054300812,14.256082054300812,0.0,0.0,0.0,375.4834435634989
1986-01-06,361.2231167540513,118.90025575719906,673.0625340359592,361.2231167540513,361.2231167540513,12.13020802243848,12.13020802243848,12.13020802243848,12.13020802243848,12.13020802243848,12.13020802243848,0.0,0.0,0.0,373.3533247764898
1986-01-07,361.21887199890455,98.56437793246354,638.5084223411802,361.21887199890455,361.21887199890455,10.837379272774813,10.837379272774813,10.837379272774813,10.837379272774813,10.837379272774813,10.837379272774813,0.0,0.0,0.0,372.05625127167934
1986-01-08,361.2146272437578,99.79655693618714,655.7882842055966,361.2146272437578,361.2146272437578,10.898832375722645,10.898832375722645,10.898832375722645,10.898832375722645,10.898832375722645,10.898832375722645,0.0,0.0,0.0,372.1134596194804
1986-01-09,361.21038248861095,97.92875401471595,649.7451176188127,361.21038248861095,361.21038248861095,12.774448013783271,12.774448013783271,12.774448013783271,12.774448013783271,12.774448013783271,12.774448013783271,0.0,0.0,0.0,373.98483050239423
1986-01-10,361.2061377334642,61.57773232380824,655.501314102032,361.2061377334642,361.2061377334642,16.846716727582155,16.846716727582155,16.846716727582155,16.846716727582155,16.846716727582155,16.846716727582155,0.0,0.0,0.0,378.0528544610463
1986-01-11,361.2018929783174,130.51737687009586,681.3975383596361,361.2018929783174,361.2018929783174,23.407222248173277,23.407222248173277,23.407222248173277,23.407222248173277,23.407222248173277,23.407222248173277,0.0,0.0,0.0,384.6091152264907
1986-01-12,361.1976482231706,139.0565090810182,682.976840892125,361.1976482231706,361.1976482231706,32.64604780492478,32.64604780492478,32.64604780492478,32.64604780492478,32.64604780492478,32.64604780492478,0.0,0.0,0.0,393.84369602809534
1987-01-01,359.69500490120805,113.45847894770156,664.8990235292166,359.69500490120805,359.69500490120805,19.190294968166434,19.190294968166434,19.190294968166434,19.190294968166434,19.190294968166434,19.190294968166434,0.0,0.0,0.0,378.8852998693745
1987-01-02,359.6907601460612,101.99306064006507,647.8626247841522,359.6907601460612,359.6907601460612,19.969123565877545,19.969123565877545,19.969123565877545,19.969123565877545,19.969123565877545,19.969123565877545,0.0,0.0,0.0,379.6598837119388
1987-01-03,359.6865153909144,117.00301414671868,680.6022361622726,359.6865153909144,359.6865153909144,19.12432054471527,19.12432054471527,19.12432054471527,19.12432054471527,19.12432054471527,19.12432054471527,0.0,0.0,0.0,378.81083593562965
1987-01-04,359.6822706357676,80.58153463899146,651.6682634875181,359.6822706357676,359.6822706357676,17.222330876890098,17.222330876890098,17.222330876890098,17.222330876890098,17.222330876890098,17.222330876890098,0.0,0.0,0.0,376.90460151265773
1987-01-05,359.67802588062085,93.40143557583052,661.2317468415524,359.67802588062085,359.67802588062085,14.852235387107008,14.852235387107008,14.852235387107008,14.852235387107008,14.852235387107008,14.852235387107008,0.0,0.0,0.0,374.53026126772784
1987-01-06,359.6737811254741,99.72888995128598,652.916647423242,359.6737811254741,359.6737811254741,12.605036560896824,12.605036560896824,12.605036560896824,12.605036560896824,12.605036560896824,12.605036560896824,0.0,0.0,0.0,372.2788176863709
1987-01-07,359.6695363703273,110.86610679649331,677.8529881686693,359.6695363703273,359.6695363703273,11.053067416282133,11.053067416282133,11.053067416282133,11.053067416282133,11.053067416282133,11.053067416282133,0.0,0.0,0.0,370.72260378660945
1987-01-08,359.6652916151805,85.87793550320346,646.9386598762454,359.6652916151805,359.6652916151805,10.73014803700286,10.73014803700286,10.73014803700286,10.73014803700286,10.73014803700286,10.73014803700286,0.0,0.0,0.0,370.3954396521833
1987-01-09,359.6610468600337,100.11502840528328,654.3609181902398,359.6610468600337,359.6610468600337,12.11308957772937,12.11308957772937,12.11308957772937,12.11308957772937,12.11308957772937,12.11308957772937,0.0,0.0,0.0,371.7741364377631
1987-01-10,359.65680210488694,101.33896898342775,670.5479805225565,359.65680210488694,359.65680210488694,15.605103206709495,15.605103206709495,15.605103206709495,15.605103206709495,15.605103206709495,15.605103206709495,0.0,0.0,0.0,375.2619053115964
1987-01-11,359.65255734974016,108.8505404090373,658.463728323958,359.65255734974016,359.65255734974016,21.52161283048737,21.52161283048737,21.52161283048737,21.52161283048737,21.52161283048737,21.52161283048737,0.0,0.0,0.0,381.1741701802275
1987-01-12,359.6483125945934,105.43591645931983,656.9076452011325,359.6483125945934,359.6483125945934,30.07889729877079,30.07889729877079,30.07889729877079,30.07889729877079,30.07889729877079,30.07889729877079,0.0,0.0,0.0,389.7272098933642
1988-01-01,358.1456692726308,102.38281298209577,654.8480642839604,358.1456692726308,358.1456692726308,18.67931559464496,18.67931559464496,18.67931559464496,18.67931559464496,18.67931559464496,18.67931559464496,0.0,0.0,0.0,376.82498486727576
1988-01-02,358.14142451748404,96.0289041439436,647.4574190497294,358.14142451748404,358.14142451748404,19.947968976703258,19.947968976703258,19.947968976703258,19.947968976703258,19.947968976703258,19.947968976703258,0.0,0.0,0.0,378.0893934941873
1988-01-03,358.13717976233715,111.57821333650556,663.0143344123919,358.13717976233715,358.13717976233715,19.457304361862835,19.457304361862835,19.457304361862835,19.457304361862835,19.457304361862835,19.457304361862835,0.0,0.0,0.0,377.5944841242
1988-01-04,358.1329350071904,107.6667308500976,651.6453808964417,358.1329350071904,358.1329350071904,17.764916927015772,17.764916927015772,17.764916927015772,17.764916927015772,17.764916927015772,17.764916927015772,0.0,0.0,0.0,375.89785193420613
1988-01-05,358.1286902520436,103.2394706666224,649.6136635654791,358.1286902520436,358.1286902520436,15.456161402619644,15.456161402619644,15.456161402619644,15.456161402619644,15.456161402619644,15.456161402619644,0.0,0.0,0.0,373.5848516546633
1988-01-06,358.1244454968968,114.51386975487914,664.1025384664557,358.1244454968968,358.1244454968968,13.123505873823717,13.123505873823717,13.123505873823717,13.123505873823717,13.123505873823717,13.123505873823717,0.0,0.0,0.0,371.2479513707205
1988-01-07,358.12020074175,81.00310135063918,658.7873698882823,358.12020074175,358.12020074175,11.34585076087982,11.34585076087982,11.34585076087982,11.34585076087982,11.34585076087982,11.34585076087982,0.0,0.0,0.0,369.46605150262985
1988-01-08,358.11595598660324,83.68636182479311,643.0054139401487,358.11595598660324,358.11595598660324,10.668440928773718,10.668440928773718,10.668440928773718,10.668440928773718,10.668440928773718,10.668440928773718,0.0,0.0,0.0,368.78439691537693
1988-01-09,358.11171123145647,88.46818875561425,649.574230542609,358.11171123145647,358.11171123145647,11.583978618020813,11.583978618020813,11.583978618020813,11.583978618020813,11.583978618020813,11.583978618020813,0.0,0.0,0.0,369.6956898494773
1988-01-10,358.1074664763097,102.76530125580823,636.840981051109,358.1074664763097,358.1074664763097,14.515506833373598,14.515506833373598,14.515506833373598,14.515506833373598,14.515506833373598,14.515506833373598,0.0,0.0,0.0,372.6229733096833
1988-01-11,358.1032217211629,119.42566715910867,655.5239708105519,358.1032217211629,358.1032217211629,19.801578127134054,19.801578127134054,19.801578127134054,19.801578127134054,19.801578127134054,19.801578127134054,0.0,0.0,0.0,377.904799848297
1988-01-12,358.0989769660161,123.26499373855232,667.3276189799705,358.0989769660161,358.0989769660161,27.684154012072042,27.684154012072042,27.684154012072042,27.684154012072042,27.684154012072042,27.684154012072042,0.0,0.0,0.0,385.78313097808814
1989-01-01,356.59208888890674,89.37906824057454,650.1674910075441,356.59208888890674,356.59208888890674,19.816623079168487,19.816623079168487,19.816623079168487,19.816623079168487,19.816623079168487,19.816623079168487,0.0,0.0,0.0,376.40871196807524
1989-01-02,356.58784413376,112.28052591683063,643.0695830187669,356.58784413376,356.58784413376,19.71504453045775,19.71504453045775,19.71504453045775,19.71504453045775,19.71504453045775,19.71504453045775,0.0,0.0,0.0,376.30288866421773
1989-01-03,356.5835993786132,96.66242592522022,667.105779313966,356.5835993786132,356.5835993786132,18.26894521622251,18.26894521622251,18.26894521622251,18.26894521622251,18.26894521622251,18.26894521622251,0.0,0.0,0.0,374.8525445948357
1989-01-04,356.57935462346643,100.8228749409393,646.5586810330027,356.57935462346643,356.57935462346643,16.058660298457593,16.058660298457593,16.058660298457593,16.058660298457593,16.058660298457593,16.058660298457593,0.0,0.0,0.0,372.638014921924
1989-01-05,356.5751098683196,101.23964790236623,645.1481906958024,356.5751098683196,356.5751098683196,13.676827820005746,13.676827820005746,13.676827820005746,13.676827820005746,13.676827820005746,13.676827820005746,0.0,0.0,0.0,370.25193768832537
1989-01-06,356.57086511317283,84.81152658455468,644.5779837551531,356.57086511317283,356.57086511317283,11.707657131570244,11.707657131570244,11.707657131570244,11.707657131570244,11.707657131570244,11.707657131570244,0.0,0.0,0.0,368.27852224474304
1989-01-07,356.56662035802606,95.3578739220732,647.9377911301061,356.56662035802606,356.56662035802606,10.706634645405018,10.706634645405018,10.706634645405018,10.706634645405018,10.706634645405018,10.706634645405018,0.0,0.0,0.0,367.2732550034311
1989-01-08,356.5623756028793,72.54493765838437,647.7809417324968,356.5623756028793,356.5623756028793,11.181281375713239,11.181281375713239,11.181281375713239,11.181281375713239,11.181281375713239,11.181281375713239,0.0,0.0,0.0,367.7436569785925
1989-01-09,356.5581308477324,82.43152639752756,642.4147647945967,356.5581308477324,356.5581308477324,13.573543030299918,13.573543030299918,13.573543030299918,13.573543030299918,13.573543030299918,13.573543030299918,0.0,0.0,0.0,370.1316738780323
1989-01-10,356.5355449471102,97.43800570942669,646.8543498246693,356.5355449471102,356.5355449471102,18.244342743332385,18.244342743332385,18.244342743332385,18.244342743332385,18.244342743332385,18.244342743332385,0.0,0.0,0.0,374.7798876904426
1989-01-11,356.512959046488,105.1355654371703,659.6548254640412,356.512959046488,356.512959046488,25.460760410002596,25.460760410002596,25.460760410002596,25.460760410002596,25.460760410002596,25.460760410002596,0.0,0.0,0.0,381.9737194564906
1989-01-12,356.49037314586576,95.94078727111882,672.6982688416914,356.49037314586576,356.49037314586576,35.386222966301005,35.386222966301005,35.386222966301005,35.386222966301005,35.386222966301005,35.386222966301005,0.0,0.0,0.0,391.8765961121668
1990-01-01,348.4949643255921,74.96659548916841,659.7488579698195,348.4949643255921,348.4949643255921,19.56676872854493,19.56676872854493,19.56676872854493,19.56676872854493,19.56676872854493,19.56676872854493,0.0,0.0,0.0,368.061733054137
1990-01-02,348.4723784249699,87.87790127714854,654.9554027609311,348.4723784249699,348.4723784249699,19.888591263836414,19.888591263836414,19.888591263836414,19.888591263836414,19.888591263836414,19.888591263836414,0.0,0.0,0.0,368.36096968880634
1990-01-03,348.4497925243475,75.13315041661578,639.3326304021911,348.4497925243475,348.4497925243475,18.725151708724823,18.725151708724823,18.725151708724823,18.725151708724823,18.725151708724823,18.725151708724823,0.0,0.0,0.0,367.1749442330723
1990-01-04,348.4272066237254,89.27729655816107,627.849431968123,348.4272066237254,348.4272066237254,16.650478909331078,16.650478909331078,16.650478909331078,16.650478909331078,16.650478909331078,16.650478909331078,0.0,0.0,0.0,365.07768553305647
1990-01-05,348.40462072310316,81.89122156993022,626.5466403677826,348.40462072310316,348.40462072310316,14.256082054273262,14.256082054273262,14.256082054273262,14.256082054273262,14.256082054273262,14.256082054273262,0.0,0.0,0.0,362.6607027773764
1990-01-06,348.38203482248093,86.04793815838013,653.0316557256255,348.38203482248093,348.38203482248093,12.130208022422146,12.130208022422146,12.130208022422146,12.130208022422146,12.130208022422146,12.130208022422146,0.0,0.0,0.0,360.5122428449031
1990-01-07,348.3594489218586,92.1905792671365,644.3170583259551,348.3594489218586,348.3594489218586,10.837379272767798,10.837379272767798,10.837379272767798,10.837379272767798,10.837379272767798,10.837379272767798,0.0,0.0,0.0,359.1968281946264
1990-01-08,348.33686302123635,77.53877835600893,618.4693518166423,348.33686302123635,348.33686302123635,10.898832375729695,10.898832375729695,10.898832375729695,10.898832375729695,10.898832375729695,10.898832375729695,0.0,0.0,0.0,359.23569539696604
1990-01-09,348.31427712061424,81.13978333929731,629.4750764913784,348.31427712061424,348.31427712061424,12.774448013792371,12.774448013792371,12.774448013792371,12.774448013792371,12.774448013792371,12.774448013792371,0.0,0.0,0.0,361.0887251344066
1990-01-10,348.29169121999183,92.23064155299244,631.7942729145428,348.29169121999183,348.29169121999183,16.846716727581203,16.846716727581203,16.846716727581203,16.846716727581203,16.846716727581203,16.846716727581203,0.0,0.0,0.0,365.13840794757306
1990-01-11,348.26910531936966,101.09874256128514,636.9720481822771,348.26910531936966,348.26910531936966,23.40722224817258,23.40722224817258,23.40722224817258,23.40722224817258,23.40722224817258,23.40722224817258,0.0,0.0,0.0,371.6763275675422
1990-01-12,348.2465194187474,97.73665439376357,633.0776029548373,348.2465194187474,348.2465194187474,32.646047804919284,32.646047804919284,32.646047804919284,32.646047804919284,32.646047804919284,32.646047804919284,0.0,0.0,0.0,380.89256722366673
1991-01-01,340.25111059847376,89.8691938619934,645.9130910277111,340.25111059847376,340.25111059847376,19.190294968177568,19.190294968177568,19.190294968177568,19.190294968177568,19.190294968177568,19.190294968177568,0.0,0.0,0.0,359.4414055666513
1991-01-02,340.2285246978515,90.31163824739392,622.3058648709263,340.2285246978515,340.2285246978515,19.969123565927063,19.969123565927063,19.969123565927063,19.969123565927063,19.969123565927063,19.969123565927063,0.0,0.0,0.0,360.1976482637786
1991-01-03,340.2059387972293,77.48859484920933,637.6852900697401,340.2059387972293,340.2059387972293,19.12432054471753,19.12432054471753,19.12432054471753,19.12432054471753,19.12432054471753,19.12432054471753,0.0,0.0,0.0,359.3302593419468
1991-01-04,340.183352896607,65.95684731148152,644.7673010793743,340.183352896607,340.183352896607,17.222330876881934,17.222330876881934,17.222330876881934,17.222330876881934,17.222330876881934,17.222330876881934,0.0,0.0,0.0,357.40568377348893
1991-01-05,340.16076699598483,76.46808641196861,629.0869002247254,340.16076699598483,340.16076699598483,14.852235387104582,14.852235387104582,14.852235387104582,14.852235387104582,14.852235387104582,14.852235387104582,0.0,0.0,0.0,355.01300238308943
1991-01-06,340.1381810953626,60.68242345518171,619.779572020571,340.1381810953626,340.1381810953626,12.605036560890104,12.605036560890104,12.605036560890104,12.605036560890104,12.605036560890104,12.605036560890104,0.0,0.0,0.0,352.7432176562527
1991-01-07,340.1155951947403,81.7524972484183,635.9185812030441,340.1155951947403,340.1155951947403,11.053067416284202,11.053067416284202,11.053067416284202,11.053067416284202,11.053067416284202,11.053067416284202,0.0,0.0,0.0,351.1686626110245
1991-01-08,340.0930092941181,81.01946573212875,622.4389504460264,340.0930092941181,340.0930092941181,10.730148037031645,10.730148037031645,10.730148037031645,10.730148037031645,10.730148037031645,10.730148037031645,0.0,0.0,0.0,350.82315733114973
1991-01-09,340.07042339349584,70.561394073804,644.0627489988093,340.07042339349584,340.07042339349584,12.113089577732337,12.113089577732337,12.113089577732337,12.113089577732337,12.113089577732337,12.113089577732337,0.0,0.0,0.0,352.1835129712282
1991-01-10,340.04783749287367,78.17557891626922,628.6607899419881,340.04783749287367,340.04783749287367,15.605103206694828,15.605103206694828,15.605103206694828,15.605103206694828,15.605103206694828,15.605103206694828,0.0,0.0,0.0,355.6529406995685
1991-01-11,340.0252515922514,84.01212858329413,653.8470212727524,340.0252515922514,340.0252515922514,21.521612830484038,21.521612830484038,21.521612830484038,21.521612830484038,21.521612830484038,21.521612830484038,0.0,0.0,0.0,361.54686442273544
1991-01-12,340.00266569162915,99.67033569236641,661.0112042622612,340.00266569162915,340.00266569162915,30.078897298777676,30.078897298777676,30.078897298777676,30.078897298777676,30.078897298777676,30.078897298777676,0.0,0.0,0.0,370.08156299040684
1992-01-01,332.0072568713554,74.44648794551023,632.0852650542237,332.0072568713554,332.0072568713554,18.67931559464424,18.67931559464424,18.67931559464424,18.67931559464424,18.67931559464424,18.67931559464424,0.0,0.0,0.0,350.6865724659997
1992-01-02,331.9846709707332,80.01720197317586,637.1930124378131,331.9846709707332,331.9846709707332,19.947968976685512,19.947968976685512,19.947968976685512,19.947968976685512,19.947968976685512,19.947968976685512,0.0,0.0,0.0,351.9326399474187
1992-01-03,331.96208507011096,67.75483065743815,627.3588384686818,331.96208507011096,331.96208507011096,19.457304361854888,19.457304361854888,19.457304361854888,19.457304361854888,19.457304361854888,19.457304361854888,0.0,0.0,0.0,351.41938943196584
1992-01-04,331.93949916948867,74.24189832125647,632.0657815888724,331.93949916948867,331.93949916948867,17.76491692699786,17.76491692699786,17.76491692699786,17.76491692699786,17.76491692699786,17.76491692699786,0.0,0.0,0.0,349.7044160964865
1992-01-05,331.91691326886644,59.17402090667128,603.9421921101982,331.91691326886644,331.91691326886644,15.456161402628572,15.456161402628572,15.456161402628572,15.456161402628572,15.456161402628572,15.456161402628572,0.0,0.0,0.0,347.37307467149503
1992-01-06,331.89432736824426,78.22082427133114,635.1869121584527,331.89432736824426,331.89432736824426,13.123505873854269,13.123505873854269,13.123505873854269,13.123505873854269,13.123505873854269,13.123505873854269,0.0,0.0,0.0,345.0178332420985
1992-01-07,331.87174146762203,67.04760578294895,625.5389689998003,331.87174146762203,331.87174146762203,11.345850760886925,11.345850760886925,11.345850760886925,11.345850760886925,11.345850760886925,11.345850760886925,0.0,0.0,0.0,343.217592228509
1992-01-08,331.84915556699974,79.75133162957839,623.2185518499219,331.84915556699974,331.84915556699974,10.6684409287724,10.6684409287724,10.6684409287724,10.6684409287724,10.6684409287724,10.6684409287724,0.0,0.0,0.0,342.5175964957721
1992-01-09,331.8265696663775,84.98479150598997,613.0512453282676,331.8265696663775,331.8265696663775,11.583978618008654,11.583978618008654,11.583978618008654,11.583978618008654,11.583978618008654,11.583978618008654,0.0,0.0,0.0,343.41054828438615
1992-01-10,331.8039837657553,68.39128707621867,629.7779211472483,331.8039837657553,331.8039837657553,14.5155068333599,14.5155068333599,14.5155068333599,14.5155068333599,14.5155068333599,14.5155068333599,0.0,0.0,0.0,346.31949059911517
1992-01-11,331.781397865133,80.60750856671145,636.1513791923868,331.781397865133,331.781397865133,19.801578127140903,19.801578127140903,19.801578127140903,19.801578127140903,19.801578127140903,19.801578127140903,0.0,0.0,0.0,351.5829759922739
1992-01-12,331.7588119645108,67.45332838133199,629.5990156900107,331.7588119645108,331.7588119645108,27.684154012084605,27.684154012084605,27.684154012084605,27.684154012084605,27.684154012084605,27.684154012084605,0.0,0.0,0.0,359.4429659765954
1993-01-01,323.7408172436149,63.71996114236138,624.8270343888076,323.7408172436149,323.7408172436149,19.816623079176974,19.816623079176974,19.816623079176974,19.816623079176974,19.816623079176974,19.816623079176974,0.0,0.0,0.0,343.5574403227919
1993-01-02,323.7182313429927,51.734801067036685,621.1722701335426,323.7182313429927,323.7182313429927,19.71504453045516,19.71504453045516,19.71504453045516,19.71504453045516,19.71504453045516,19.71504453045516,0.0,0.0,0.0,343.4332758734478
1993-01-03,323.69564544237045,56.60081523511998,614.8531806230405,323.69564544237045,323.69564544237045,18.26894521621429,18.26894521621429,18.26894521621429,18.26894521621429,18.26894521621429,18.26894521621429,0.0,0.0,0.0,341.9645906585847
1993-01-04,323.67305954174805,72.96331522862324,614.0456275053037,323.67305954174805,323.67305954174805,16.05866029841775,16.05866029841775,16.05866029841775,16.05866029841775,16.05866029841775,16.05866029841775,0.0,0.0,0.0,339.7317198401658
1993-01-05,323.6504736583211,49.83749073463175,606.158099842614,323.6504736583211,323.6504736583211,13.676827820022812,13.676827820022812,13.676827820022812,13.676827820022812,13.676827820022812,13.676827820022812,0.0,0.0,0.0,337.32730147834394
1993-01-06,323.62788777489413,68.42918932768116,609.1652735331439,323.62788777489413,323.62788777489413,11.707657131563028,11.707657131563028,11.707657131563028,11.707657131563028,11.707657131563028,11.707657131563028,0.0,0.0,0.0,335.3355449064572
1993-01-07,323.6053018914671,67.53396191855269,610.8928338357971,323.6053018914671,323.6053018914671,10.70663464539837,10.70663464539837,10.70663464539837,10.70663464539837,10.70663464539837,10.70663464539837,0.0,0.0,0.0,334.31193653686546
1993-01-08,323.5827160080402,56.18619821064412,610.2973975345454,323.5827160080402,323.5827160080402,11.181281375733436,11.181281375733436,11.181281375733436,11.181281375733436,11.181281375733436,11.181281375733436,0.0,0.0,0.0,334.76399738377364
1993-01-09,323.56013012461324,80.2342101443321,629.608024871017,323.56013012461324,323.56013012461324,13.573543030314145,13.573543030314145,13.573543030314145,13.573543030314145,13.573543030314145,13.573543030314145,0.0,0.0,0.0,337.1336731549274
1993-01-10,323.53754424118625,87.24583131225496,638.7503460323434,323.53754424118625,323.53754424118625,18.244342743335004,18.244342743335004,18.244342743335004,18.244342743335004,18.244342743335004,18.244342743335004,0.0,0.0,0.0,341.78188698452124
1993-01-11,323.5149583577592,73.35843457544755,642.9593032201495,323.5149583577592,323.5149583577592,25.460760410009698,25.460760410009698,25.460760410009698,25.460760410009698,25.460760410009698,25.460760410009698,0.0,0.0,0.0,348.9757187677689
1993-01-12,323.49237247433234,69.9187017713386,612.5034993721407,323.49237247433234,323.49237247433234,35.38622296630672,35.38622296630672,35.38622296630672,35.38622296630672,35.38622296630672,35.38622296630672,0.0,0.0,0.0,358.87859544063906
1994-01-01,315.49696974118405,51.13790053337784,609.9675827365991,315.49696974118405,315.49696974118405,19.566768728552592,19.566768728552592,19.566768728552592,19.566768728552592,19.566768728552592,19.566768728552592,0.0,0.0,0.0,335.0637384697366
1994-01-02,315.4743838577571,59.00442281687897,623.959757552742,315.4743838577571,315.4743838577571,19.88859126386052,19.88859126386052,19.88859126386052,19.88859126386052,19.88859126386052,19.88859126386052,0.0,0.0,0.0,335.36297512161764
1994-01-03,315.45179797433013,41.94323331053071,620.7140596987335,315.45179797433013,315.45179797433013,18.72515170874934,18.72515170874934,18.72515170874934,18.72515170874934,18.72515170874934,18.72515170874934,0.0,0.0,0.0,334.1769496830795
1994-01-04,315.4292120909032,66.36483421957337,620.3562467225299,315.4292120909032,315.4292120909032,16.65047890930825,16.65047890930825,16.65047890930825,16.65047890930825,16.65047890930825,16.65047890930825,0.0,0.0,0.0,332.0796910002115
1994-01-05,315.40662620747617,57.93673802341149,590.4911741728706,315.40662620747617,315.40662620747617,14.256082054290648,14.256082054290648,14.256082054290648,14.256082054290648,14.256082054290648,14.256082054290648,0.0,0.0,0.0,329.6627082617668
1994-01-06,315.38404032404924,75.61134242035746,612.8739543093441,315.38404032404924,315.38404032404924,12.130208022425249,12.130208022425249,12.130208022425249,12.130208022425249,12.130208022425249,12.130208022425249,0.0,0.0,0.0,327.51424834647446
1994-01-07,315.36145444062225,65.71539518293774,607.0981223256277,315.36145444062225,315.36145444062225,10.83737927275401,10.83737927275401,10.83737927275401,10.83737927275401,10.83737927275401,10.83737927275401,0.0,0.0,0.0,326.19883371337625
1994-01-08,315.3388685571952,41.00412028187834,604.2865692388549,315.3388685571952,315.3388685571952,10.89883237572812,10.89883237572812,10.89883237572812,10.89883237572812,10.89883237572812,10.89883237572812,0.0,0.0,0.0,326.2377009329233
1994-01-09,315.31628267376834,41.658386778567646,608.9320927193689,315.31628267376834,315.31628267376834,12.774448013773126,12.774448013773126,12.774448013773126,12.774448013773126,12.774448013773126,12.774448013773126,0.0,0.0,0.0,328.09073068754145
1994-01-10,315.29369679034136,63.273644518847355,617.9540447462707,315.29369679034136,315.29369679034136,16.8467167275804,16.8467167275804,16.8467167275804,16.8467167275804,16.8467167275804,16.8467167275804,0.0,0.0,0.0,332.14041351792173
1994-01-11,315.2711109069144,49.61520653579723,631.8807519201058,315.2711109069144,315.2711109069144,23.40722224816346,23.40722224816346,23.40722224816346,23.40722224816346,23.40722224816346,23.40722224816346,0.0,0.0,0.0,338.67833315507784
1994-01-12,315.24852502348733,69.6680790330845,611.2079567188697,315.24852502348733,315.24852502348733,32.64604780491932,32.64604780491932,32.64604780491932,32.64604780491932,32.64604780491932,32.64604780491932,0.0,0.0,0.0,347.89457282840664
1995-01-01,307.25312229033926,36.95799983450467,590.1537834300618,307.25312229033926,307.25312229033926,19.190294968169894,19.190294968169894,19.190294968169894,19.190294968169894,19.190294968169894,19.190294968169894,0.0,0.0,0.0,326.44341725850916
1995-01-02,307.2305364069122,43.16662631123403,587.218458964347,307.2305364069122,307.2305364069122,19.96912356588891,19.96912356588891,19.96912356588891,19.96912356588891,19.96912356588891,19.96912356588891,0.0,0.0,0.0,327.19965997280116
1995-01-03,307.2079505234852,38.66224816590742,606.9347573007863,307.2079505234852,307.2079505234852,19.124320544699295,19.124320544699295,19.124320544699295,19.124320544699295,19.124320544699295,19.124320544699295,0.0,0.0,0.0,326.33227106818447
1995-01-04,307.18536464005825,57.46867423523206,587.7302790851437,307.18536464005825,307.18536464005825,17.222330876885636,17.222330876885636,17.222330876885636,17.222330876885636,17.222330876885636,17.222330876885636,0.0,0.0,0.0,324.4076955169439
1995-01-05,307.1627787566312,35.54438410823553,609.4215103522146,307.1627787566312,307.1627787566312,14.852235387116494,14.852235387116494,14.852235387116494,14.852235387116494,14.852235387116494,14.852235387116494,0.0,0.0,0.0,322.0150141437477
1995-01-06,307.14019287320434,53.181575084344225,596.6706420483218,307.14019287320434,307.14019287320434,12.605036560929639,12.605036560929639,12.605036560929639,12.605036560929639,12.605036560929639,12.605036560929639,0.0,0.0,0.0,319.745229434134
1995-01-07,307.1176069897773,33.56884737649388,593.459194676625,307.1176069897773,307.1176069897773,11.053067416252121,11.053067416252121,11.053067416252121,11.053067416252121,11.053067416252121,11.053067416252121,0.0,0.0,0.0,318.17067440602943
1995-01-08,307.0950211063504,37.66592378476669,589.1671533579902,307.0950211063504,307.0950211063504,10.73014803701707,10.73014803701707,10.73014803701707,10.73014803701707,10.73014803701707,10.73014803701707,0.0,0.0,0.0,317.8251691433674
1995-01-09,307.07243522292333,30.853877657862963,593.6689669272232,307.07243522292333,307.07243522292333,12.113089577708662,12.113089577708662,12.113089577708662,12.113089577708662,12.113089577708662,12.113089577708662,0.0,0.0,0.0,319.185524800632
1995-01-10,307.0498493394964,24.758857736783554,607.2267661664677,307.0498493394964,307.0498493394964,15.605103206695928,15.605103206695928,15.605103206695928,15.605103206695928,15.605103206695928,15.605103206695928,0.0,0.0,0.0,322.6549525461923
1995-01-11,307.02726345606953,57.471070647096234,603.7479993673703,307.02726345606953,307.02726345606953,21.521612830485633,21.521612830485633,21.521612830485633,21.521612830485633,21.521612830485633,21.521612830485633,0.0,0.0,0.0,328.5488762865552
1995-01-12,307.0046775726425,61.6208168731124,614.8684054664602,307.0046775726425,307.0046775726425,30.07889729877621,30.07889729877621,30.07889729877621,30.07889729877621,30.07889729877621,30.07889729877621,0.0,0.0,0.0,337.0835748714187
1996-01-01,299.0092748394942,42.027857577890934,596.7925083216958,299.0092748394942,299.0092748394942,18.679315594636567,18.679315594636567,18.679315594636567,18.679315594636567,18.679315594636567,18.679315594636567,0.0,0.0,0.0,317.6885904341308
1996-01-02,298.98668895606727,21.00192632707475,608.3658334026017,298.98668895606727,298.98668895606727,19.947968976703198,19.947968976703198,19.947968976703198,19.947968976703198,19.947968976703198,19.947968976703198,0.0,0.0,0.0,318.93465793277045
1996-01-03,298.9641030726402,27.113481381392678,630.8807795058556,298.9641030726402,298.9641030726402,19.457304361874,19.457304361874,19.457304361874,19.457304361874,19.457304361874,19.457304361874,0.0,0.0,0.0,318.4214074345142
1996-01-04,298.94151718921336,30.169141655561525,589.5077938992844,298.94151718921336,298.94151718921336,17.76491692700458,17.76491692700458,17.76491692700458,17.76491692700458,17.76491692700458,17.76491692700458,0.0,0.0,0.0,316.70643411621796
1996-01-05,298.91893130578643,45.074068912477756,592.9675404792863,298.91893130578643,298.91893130578643,15.456161402615031,15.456161402615031,15.456161402615031,15.456161402615031,15.456161402615031,15.456161402615031,0.0,0.0,0.0,314.37509270840144
1996-01-06,298.8963454223594,47.09302474127978,591.0446749040568,298.8963454223594,298.8963454223594,13.123505873843758,13.123505873843758,13.123505873843758,13.123505873843758,13.123505873843758,13.123505873843758,0.0,0.0,0.0,312.01985129620317
1996-01-07,298.87375953893235,28.770467037152507,584.92303635444,298.87375953893235,298.87375953893235,11.345850760866856,11.345850760866856,11.345850760866856,11.345850760866856,11.345850760866856,11.345850760866856,0.0,0.0,0.0,310.2196102997992
1996-01-08,298.8511736555055,12.621547760317778,568.4385302881633,298.8511736555055,298.8511736555055,10.668440928769506,10.668440928769506,10.668440928769506,10.668440928769506,10.668440928769506,10.668440928769506,0.0,0.0,0.0,309.51961458427496
1996-01-09,298.82858777207844,37.177551809212545,587.4369898506391,298.82858777207844,298.82858777207844,11.583978618015612,11.583978618015612,11.583978618015612,11.583978618015612,11.583978618015612,11.583978618015612,0.0,0.0,0.0,310.41256639009407
1996-01-10,298.8060018886515,13.987543326015182,596.9843548782908,298.8060018886515,298.8060018886515,14.515506833373195,14.515506833373195,14.515506833373195,14.515506833373195,14.515506833373195,14.515506833373195,0.0,0.0,0.0,313.3215087220247
1996-01-11,298.7834160052243,21.887076169268486,596.0649134070368,298.7834160052243,298.7834160052243,19.801578127142495,19.801578127142495,19.801578127142495,19.801578127142495,19.801578127142495,19.801578127142495,0.0,0.0,0.0,318.5849941323668
1996-01-12,298.7608301154898,55.20625100919121,634.7943654397111,298.7608301154898,298.7608301154898,27.684154012076732,27.684154012076732,27.684154012076732,27.684154012076732,27.684154012076732,27.684154012076732,0.0,0.0,0.0,326.4449841275665
1997-01-01,290.7428392596986,51.132317376423835,578.0720672168809,290.7428392596986,290.7428392596986,19.816623079176743,19.816623079176743,19.816623079176743,19.816623079176743,19.816623079176743,19.816623079176743,0.0,0.0,0.0,310.55946233887533
1997-01-02,290.720253369964,35.76837635775901,577.5554938591669,290.720253369964,290.720253369964,19.715044530437087,19.715044530437087,19.715044530437087,19.715044530437087,19.715044530437087,19.715044530437087,0.0,0.0,0.0,310.43529790040105
1997-01-03,290.6976674802293,10.102035218049238,588.0236757826669,290.6976674802293,290.6976674802293,18.268945216206152,18.268945216206152,18.268945216206152,18.268945216206152,18.268945216206152,18.268945216206152,0.0,0.0,0.0,308.96661269643545
1997-01-04,290.6750815904948,30.35893678260648,583.4184108093589,290.6750815904948,290.6750815904948,16.058660298411006,16.058660298411006,16.058660298411006,16.058660298411006,16.058660298411006,16.058660298411006,0.0,0.0,0.0,306.7337418889058
1997-01-05,290.65249570076014,33.59111250361151,579.0522569637541,290.65249570076014,290.65249570076014,13.67682782001503,13.67682782001503,13.67682782001503,13.67682782001503,13.67682782001503,13.67682782001503,0.0,0.0,0.0,304.3293235207752
1997-01-06,290.6299098110255,21.083830169885978,568.060309307002,290.6299098110255,290.6299098110255,11.707657131574932,11.707657131574932,11.707657131574932,11.707657131574932,11.707657131574932,11.707657131574932,0.0,0.0,0.0,302.33756694260046
1997-01-07,290.60732392129086,20.614110178443838,582.7474231125243,290.60732392129086,290.60732392129086,10.706634645417541,10.706634645417541,10.706634645417541,10.706634645417541,10.706634645417541,10.706634645417541,0.0,0.0,0.0,301.3139585667084
1997-01-08,290.58473803155636,7.293540458590001,590.9581028370197,290.58473803155636,290.58473803155636,11.181281375725561,11.181281375725561,11.181281375725561,11.181281375725561,11.181281375725561,11.181281375725561,0.0,0.0,0.0,301.76601940728193
1997-01-09,290.56215214182157,30.60473662020875,599.1636537428006,290.56215214182157,290.56215214182157,13.573543030302298,13.573543030302298,13.573543030302298,13.573543030302298,13.573543030302298,13.573543030302298,0.0,0.0,0.0,304.13569517212386
1997-01-10,290.53956625208707,24.96249831647172,584.7440848356526,290.53956625208707,290.53956625208707,18.244342743332954,18.244342743332954,18.244342743332954,18.244342743332954,18.244342743332954,18.244342743332954,0.0,0.0,0.0,308.78390899542
1997-01-11,290.5169803623524,20.018100189091523,599.2055851276282,290.5169803623524,290.5169803623524,25.46076040999234,25.46076040999234,25.46076040999234,25.46076040999234,25.46076040999234,25.46076040999234,0.0,0.0,0.0,315.97774077234476
1997-01-12,290.4943944726178,62.205978850915734,591.2924889034562,290.4943944726178,290.4943944726178,35.38622296630906,35.38622296630906,35.38622296630906,35.38622296630906,35.38622296630906,35.38622296630906,0.0,0.0,0.0,325.88061743892683
1998-01-01,282.4989895065614,37.052117191926314,571.6817827377752,282.4989895065614,282.4989895065614,19.566768728540424,19.566768728540424,19.566768728540424,19.566768728540424,19.566768728540424,19.566768728540424,0.0,0.0,0.0,302.0657582351018
1998-01-02,282.4764036168267,24.22818056673096,581.3853002657164,282.4764036168267,282.4764036168267,19.888591263858117,19.888591263858117,19.888591263858117,19.888591263858117,19.888591263858117,19.888591263858117,0.0,0.0,0.0,302.36499488068483
1998-01-03,282.45381772709203,38.63541736352436,575.5418039308207,282.45381772709203,282.45381772709203,18.725151708704523,18.725151708704523,18.725151708704523,18.725151708704523,18.725151708704523,18.725151708704523,0.0,0.0,0.0,301.17896943579655
1998-01-04,282.4312318373574,20.434809545475122,575.5779199541505,282.4312318373574,282.4312318373574,16.650478909305807,16.650478909305807,16.650478909305807,16.650478909305807,16.650478909305807,16.650478909305807,0.0,0.0,0.0,299.08171074666325
1998-01-05,282.4086459476229,39.0318920144647,563.7118929322294,282.4086459476229,282.4086459476229,14.256082054278426,14.256082054278426,14.256082054278426,14.256082054278426,14.256082054278426,14.256082054278426,0.0,0.0,0.0,296.6647280019013
1998-01-06,282.38606005788813,-16.70941420017897,568.8805547993859,282.38606005788813,282.38606005788813,12.130208022421835,12.130208022421835,12.130208022421835,12.130208022421835,12.130208022421835,12.130208022421835,0.0,0.0,0.0,294.51626808030994
1998-01-07,282.3634741681536,2.3938906630044454,563.1112640862256,282.3634741681536,282.3634741681536,10.837379272782906,10.837379272782906,10.837379272782906,10.837379272782906,10.837379272782906,10.837379272782906,0.0,0.0,0.0,293.2008534409365
1998-01-08,282.34088827841896,26.743977814346103,582.8535038016939,282.34088827841896,282.34088827841896,10.898832375710889,10.898832375710889,10.898832375710889,10.898832375710889,10.898832375710889,10.898832375710889,0.0,0.0,0.0,293.2397206541298
1998-01-09,282.3183023886843,23.187136927751354,566.0847225127108,282.3183023886843,282.3183023886843,12.774448013788563,12.774448013788563,12.774448013788563,12.774448013788563,12.774448013788563,12.774448013788563,0.0,0.0,0.0,295.09275040247286
1998-01-10,282.2957164989497,8.587540257316556,584.4673895653149,282.2957164989497,282.2957164989497,16.84671672757249,16.84671672757249,16.84671672757249,16.84671672757249,16.84671672757249,16.84671672757249,0.0,0.0,0.0,299.14243322652214
1998-01-11,282.2731306092152,14.401413877898083,590.222385798745,282.2731306092152,282.2731306092152,23.40722224817071,23.40722224817071,23.40722224817071,23.40722224817071,23.40722224817071,23.40722224817071,0.0,0.0,0.0,305.68035285738586
1998-01-12,282.2505447194805,31.114792988550487,600.3051007500007,282.2505447194805,282.2505447194805,32.64604780491888,32.64604780491888,32.64604780491888,32.64604780491888,32.64604780491888,32.64604780491888,0.0,0.0,0.0,314.89659252439935
1999-01-01,274.2551397534239,30.777307557631627,567.7550187505906,274.2551397534239,274.2551397534239,19.190294968168175,19.190294968168175,19.190294968168175,19.190294968168175,19.190294968168175,19.190294968168175,0.0,0.0,0.0,293.4454347215921
1999-01-02,274.2325538636894,3.2852562216401417,567.4528224826735,274.2325538636894,274.2325538636894,19.969123565886306,19.969123565886306,19.969123565886306,19.969123565886306,19.969123565886306,19.969123565886306,0.0,0.0,0.0,294.20167742957574
1999-01-03,274.20996797395463,20.673730175758017,571.7320781832118,274.20996797395463,274.20996797395463,19.124320544718724,19.124320544718724,19.124320544718724,19.124320544718724,19.124320544718724,19.124320544718724,0.0,0.0,0.0,293.33428851867336
1999-01-04,274.18738208422013,8.87216680117486,581.6804221722587,274.18738208422013,274.18738208422013,17.222330876903314,17.222330876903314,17.222330876903314,17.222330876903314,17.222330876903314,17.222330876903314,0.0,0.0,0.0,291.40971296112343
1999-01-05,274.1647961944855,30.73757569349471,572.7627531135357,274.1647961944855,274.1647961944855,14.852235387134227,14.852235387134227,14.852235387134227,14.852235387134227,14.852235387134227,14.852235387134227,0.0,0.0,0.0,289.01703158161973
1999-01-06,274.14221030475085,20.70635800019813,548.1589303200897,274.14221030475085,274.14221030475085,12.605036560890259,12.605036560890259,12.605036560890259,12.605036560890259,12.605036560890259,12.605036560890259,0.0,0.0,0.0,286.7472468656411
1999-01-07,274.1196244150162,12.251016605885967,560.2717283936469,274.1196244150162,274.1196244150162,11.053067416276292,11.053067416276292,11.053067416276292,11.053067416276292,11.053067416276292,11.053067416276292,0.0,0.0,0.0,285.17269183129247
1999-01-08,274.0970385252817,34.5062761181768,571.560165864059,274.0970385252817,274.0970385252817,10.730148037014487,10.730148037014487,10.730148037014487,10.730148037014487,10.730148037014487,10.730148037014487,0.0,0.0,0.0,284.82718656229616
1999-01-09,274.07445263554706,0.8103665313303243,554.0492408187373,274.07445263554706,274.07445263554706,12.113089577728601,12.113089577728601,12.113089577728601,12.113089577728601,12.113089577728601,12.113089577728601,0.0,0.0,0.0,286.18754221327566
1999-01-10,274.0518667458124,12.627500146043676,570.4464211753904,274.0518667458124,274.0518667458124,15.605103206701806,15.605103206701806,15.605103206701806,15.605103206701806,15.605103206701806,15.605103206701806,0.0,0.0,0.0,289.6569699525142
1999-01-11,274.0292808560777,0.9443916684406923,578.9188172796369,274.0292808560777,274.0292808560777,21.521612830482535,21.521612830482535,21.521612830482535,21.521612830482535,21.521612830482535,21.521612830482535,0.0,0.0,0.0,295.55089368656024
1999-01-12,274.0066949663431,36.99565247360534,577.0223514820057,274.0066949663431,274.0066949663431,30.07889729877731,30.07889729877731,30.07889729877731,30.07889729877731,30.07889729877731,30.07889729877731,0.0,0.0,0.0,304.0855922651204
2000-01-01,266.0112900002867,-3.4676733839435885,543.3111613745913,266.0112900002867,266.0112900002867,18.679315594647683,18.679315594647683,18.679315594647683,18.679315594647683,18.679315594647683,18.679315594647683,0.0,0.0,0.0,284.69060559493437
2000-01-02,265.988704110552,21.20384395154285,560.859045635944,265.988704110552,265.988704110552,19.947968976733616,19.947968976733616,19.947968976733616,19.947968976733616,19.947968976733616,19.947968976733616,0.0,0.0,0.0,285.9366730872856
2000-01-03,265.9661182208174,-3.0550487193725084,566.0189709186852,265.9661182208174,265.9661182208174,19.45730436189307,19.45730436189307,19.45730436189307,19.45730436189307,19.45730436189307,19.45730436189307,0.0,0.0,0.0,285.4234225827105
2000-01-04,265.94353233108274,9.903304457298866,557.3238699093052,265.94353233108274,265.94353233108274,17.764916927044958,17.764916927044958,17.764916927044958,17.764916927044958,17.764916927044958,17.764916927044958,0.0,0.0,0.0,283.7084492581277
2000-01-05,265.92094644134806,2.4238757602639316,563.3483025458719,265.92094644134806,265.92094644134806,15.456161402603705,15.456161402603705,15.456161402603705,15.456161402603705,15.456161402603705,15.456161402603705,0.0,0.0,0.0,281.37710784395176
2000-01-06,265.99659558318643,-19.792546097067156,544.8935643677411,265.99659558318643,265.99659558318643,13.123505873839914,13.123505873839914,13.123505873839914,13.123505873839914,13.123505873839914,13.123505873839914,0.0,0.0,0.0,279.12010145702635
2000-01-07,266.07224472502475,2.5328745646061224,557.1272921049766,266.07224472502475,266.07224472502475,11.345850760880792,11.345850760880792,11.345850760880792,11.345850760880792,11.345850760880792,11.345850760880792,0.0,0.0,0.0,277.41809548590555
2000-01-08,266.1478938668631,2.819531622824962,555.7628069299734,266.1478938668631,266.1478938668631,10.66844092876676,10.66844092876676,10.66844092876676,10.66844092876676,10.66844092876676,10.66844092876676,0.0,0.0,0.0,276.81633479562987
2000-01-09,266.2235430087014,6.041682590930393,544.5996422355129,266.2235430087014,266.2235430087014,11.583978618016767,11.583978618016767,11.583978618016767,11.583978618016767,11.583978618016767,11.583978618016767,0.0,0.0,0.0,277.8075216267182
2000-01-10,266.2991921505395,3.4235995378902015,547.3177367097583,266.2991921505395,266.2991921505395,14.515506833366858,14.515506833366858,14.515506833366858,14.515506833366858,14.515506833366858,14.515506833366858,0.0,0.0,0.0,280.8146989839064
2000-01-11,266.3748412923781,-14.709066323587011,536.4206620515499,266.3748412923781,266.3748412923781,19.80157812713072,19.80157812713072,19.80157812713072,19.80157812713072,19.80157812713072,19.80157812713072,0.0,0.0,0.0,286.1764194195088
2000-01-12,266.45049043421614,24.50566603749802,595.9672802625183,266.45049043421614,266.45049043421614,27.684154012077794,27.684154012077794,27.684154012077794,27.684154012077794,27.684154012077794,27.684154012077794,0.0,0.0,0.0,294.1346444462939
2001-01-01,293.30593578681874,35.633630288648185,600.3805806600378,293.30593578681874,293.30593578681874,19.816623079204085,19.816623079204085,19.816623079204085,19.816623079204085,19.816623079204085,19.816623079204085,0.0,0.0,0.0,313.1225588660228
2001-01-02,293.38158492865705,23.473071116178286,576.6573892900019,293.38158492865705,293.38158492865705,19.715044530434493,19.715044530434493,19.715044530434493,19.715044530434493,19.715044530434493,19.715044530434493,0.0,0.0,0.0,313.09662945909156
2001-01-03,293.45723407049513,30.271419257413964,594.9750542420096,293.45723407049513,293.45723407049513,18.26894521620574,18.26894521620574,18.26894521620574,18.26894521620574,18.26894521620574,18.26894521620574,0.0,0.0,0.0,311.72617928670087
2001-01-04,293.53288321233373,16.03508502609697,582.6094778809902,293.53288321233373,293.53288321233373,16.058660298439303,16.058660298439303,16.058660298439303,16.058660298439303,16.058660298439303,16.058660298439303,0.0,0.0,0.0,309.591543510773
2001-01-05,293.6085323541718,31.842981701052846,580.5298504445808,293.6085323541718,293.6085323541718,13.676827820011459,13.676827820011459,13.676827820011459,13.676827820011459,13.676827820011459,13.676827820011459,0.0,0.0,0.0,307.28536017418327
2001-01-06,293.6841814960101,13.87020834073769,572.4632761930359,293.6841814960101,293.6841814960101,11.707657131563211,11.707657131563211,11.707657131563211,11.707657131563211,11.707657131563211,11.707657131563211,0.0,0.0,0.0,305.39183862757335
2001-01-07,293.7598306378488,35.7014028056068,587.9527239658055,293.7598306378488,293.7598306378488,10.706634645383446,10.706634645383446,10.706634645383446,10.706634645383446,10.706634645383446,10.706634645383446,0.0,0.0,0.0,304.4664652832322
2001-01-08,293.8354797796868,23.939710764107524,572.86279031544,293.8354797796868,293.8354797796868,11.181281375715326,11.181281375715326,11.181281375715326,11.181281375715326,11.181281375715326,11.181281375715326,0.0,0.0,0.0,305.01676115540215
2001-01-09,293.9111289215252,40.915574970847864,570.6741074616414,293.9111289215252,293.9111289215252,13.573543030301053,13.573543030301053,13.573543030301053,13.573543030301053,13.573543030301053,13.573543030301053,0.0,0.0,0.0,307.4846719518262
2001-01-10,293.9867780633638,26.278904909095292,583.8991566706625,293.9867780633638,293.9867780633638,18.244342743324182,18.244342743324182,18.244342743324182,18.244342743324182,18.244342743324182,18.244342743324182,0.0,0.0,0.0,312.23112080668795
2001-01-11,294.0624272052018,29.59792193777566,621.1914271814882,294.0624272052018,294.0624272052018,25.46076041000604,25.46076041000604,25.46076041000604,25.46076041000604,25.46076041000604,25.46076041000604,0.0,0.0,0.0,319.52318761520786
2001-01-12,294.13807634704017,48.35079381119219,614.0082979108739,294.13807634704017,294.13807634704017,35.386222966298114,35.386222966298114,35.386222966298114,35.386222966298114,35.386222966298114,35.386222966298114,0.0,0.0,0.0,329.5242993133383
2002-01-01,320.9178725578044,62.01441099059214,642.7974928868105,320.9178725578044,320.9178725578044,19.566768728546265,19.566768728546265,19.566768728546265,19.566768728546265,19.566768728546265,19.566768728546265,0.0,0.0,0.0,340.48464128635067
2002-01-02,320.99352169964243,71.43563370897887,622.2339780486839,320.99352169964243,320.99352169964243,19.888591263834815,19.888591263834815,19.888591263834815,19.888591263834815,19.888591263834815,19.888591263834815,0.0,0.0,0.0,340.88211296347725
2002-01-03,321.0691708414808,70.34108641417119,624.4185879116252,321.0691708414808,321.0691708414808,18.725151708712087,18.725151708712087,18.725151708712087,18.725151708712087,18.725151708712087,18.725151708712087,0.0,0.0,0.0,339.7943225501929
2002-01-04,321.1448199833194,67.53981009537918,635.8093167975085,321.1448199833194,321.1448199833194,16.650478909314906,16.650478909314906,16.650478909314906,16.650478909314906,16.650478909314906,16.650478909314906,0.0,0.0,0.0,337.7952988926343
2002-01-05,321.2204691251575,67.74644869136168,616.7014777428684,321.2204691251575,321.2204691251575,14.256082054276128,14.256082054276128,14.256082054276128,14.256082054276128,14.256082054276128,14.256082054276128,0.0,0.0,0.0,335.4765511794336
2002-01-06,321.2961182669958,30.956059498200943,600.6644422004064,321.2961182669958,321.2961182669958,12.130208022411844,12.130208022411844,12.130208022411844,12.130208022411844,12.130208022411844,12.130208022411844,0.0,0.0,0.0,333.42632628940765
2002-01-07,321.3717674088338,21.63046669704604,614.7931809966437,321.3717674088338,321.3717674088338,10.837379272773969,10.837379272773969,10.837379272773969,10.837379272773969,10.837379272773969,10.837379272773969,0.0,0.0,0.0,332.20914668160776
2002-01-08,321.4474165506725,50.910532234290585,607.855155444405,321.4474165506725,321.4474165506725,10.898832375715449,10.898832375715449,10.898832375715449,10.898832375715449,10.898832375715449,10.898832375715449,0.0,0.0,0.0,332.34624892638794
2002-01-09,321.52306569251084,67.60540608023784,625.7952541018615,321.52306569251084,321.52306569251084,12.77444801380356,12.77444801380356,12.77444801380356,12.77444801380356,12.77444801380356,12.77444801380356,0.0,0.0,0.0,334.2975137063144
2002-01-10,321.59871483434887,54.38042191620158,633.0508087527624,321.59871483434887,321.59871483434887,16.846716727583257,16.846716727583257,16.846716727583257,16.846716727583257,16.846716727583257,16.846716727583257,0.0,0.0,0.0,338.44543156193214
2002-01-11,321.67436397618746,83.90460712681232,636.3002329022423,321.67436397618746,321.67436397618746,23.407222248173312,23.407222248173312,23.407222248173312,23.407222248173312,23.407222248173312,23.407222248173312,0.0,0.0,0.0,345.08158622436076
2002-01-12,321.75001311802583,89.31054259814039,626.4978954382382,321.75001311802583,321.75001311802583,32.64604780491844,32.64604780491844,32.64604780491844,32.64604780491844,32.64604780491844,32.64604780491844,0.0,0.0,0.0,354.3960609229443
2003-01-01,348.52980932879007,83.15471942644194,632.1234853066168,348.52980932879007,348.52980932879007,19.190294968151235,19.190294968151235,19.190294968151235,19.190294968151235,19.190294968151235,19.190294968151235,0.0,0.0,0.0,367.7201042969413
2003-01-02,348.6054584706281,79.03633426664803,660.360437366711,348.6054584706281,348.6054584706281,19.969123565881528,19.969123565881528,19.969123565881528,19.969123565881528,19.969123565881528,19.969123565881528,0.0,0.0,0.0,368.57458203650964
2003-01-03,348.68110761246646,84.77120727547349,636.7663287033882,348.68110761246646,348.68110761246646,19.124320544694026,19.124320544694026,19.124320544694026,19.124320544694026,19.124320544694026,19.124320544694026,0.0,0.0,0.0,367.80542815716046
2003-01-04,348.7567567543045,90.79432655370904,666.5228437904475,348.7567567543045,348.7567567543045,17.222330876859505,17.222330876859505,17.222330876859505,17.222330876859505,17.222330876859505,17.222330876859505,0.0,0.0,0.0,365.979087631164
2003-01-05,348.83240589614314,77.43703265231342,634.6694258461455,348.83240589614314,348.83240589614314,14.85223538711209,14.85223538711209,14.85223538711209,14.85223538711209,14.85223538711209,14.85223538711209,0.0,0.0,0.0,363.68464128325525
2003-01-06,348.90805503798146,89.1416235068754,643.4750276330557,348.90805503798146,348.90805503798146,12.60503656088786,12.60503656088786,12.60503656088786,12.60503656088786,12.60503656088786,12.60503656088786,0.0,0.0,0.0,361.5130915988693
2003-01-07,348.9837041798195,104.01365073885563,629.6099858162096,348.9837041798195,348.9837041798195,11.053067416318024,11.053067416318024,11.053067416318024,11.053067416318024,11.053067416318024,11.053067416318024,0.0,0.0,0.0,360.0367715961375
2003-01-08,349.05935332165814,91.93788408574484,618.6910342734542,349.05935332165814,349.05935332165814,10.730148037019944,10.730148037019944,10.730148037019944,10.730148037019944,10.730148037019944,10.730148037019944,0.0,0.0,0.0,359.7895013586781
2003-01-09,349.1350024634965,79.09347360508941,647.2721379012379,349.1350024634965,349.1350024634965,12.113089577741109,12.113089577741109,12.113089577741109,12.113089577741109,12.113089577741109,12.113089577741109,0.0,0.0,0.0,361.2480920412376
2003-01-10,349.21065160533453,87.98885259642532,640.3117030386414,349.21065160533453,349.21065160533453,15.605103206707353,15.605103206707353,15.605103206707353,15.605103206707353,15.605103206707353,15.605103206707353,0.0,0.0,0.0,364.81575481204186
2003-01-11,349.28630074717285,101.2404820199284,654.8916677500227,349.28630074717285,349.28630074717285,21.521612830467923,21.521612830467923,21.521612830467923,21.521612830467923,21.521612830467923,21.521612830467923,0.0,0.0,0.0,370.80791357764076
2003-01-12,349.3619498890103,98.8499013892084,633.1375142470741,349.3619498890103,349.3619498890103,30.078897298768812,30.078897298768812,30.078897298768812,30.078897298768812,30.078897298768812,30.078897298768812,0.0,0.0,0.0,379.4408471877791
2004-01-01,440.34162678306683,207.52343742682365,735.3011388128518,440.34162678306683,440.34162678306683,18.67931559462332,18.67931559462332,18.67931559462332,18.67931559462332,18.67931559462332,18.67931559462332,0.0,0.0,0.0,459.0209423776902
2004-01-02,440.5986315200571,174.1567957379278,725.8763731360627,440.5986315200571,440.5986315200571,19.947968976667827,19.947968976667827,19.947968976667827,19.947968976667827,19.947968976667827,19.947968976667827,0.0,0.0,0.0,460.5466004967249
2004-01-03,440.8556362570451,183.18785350955153,729.2599741619684,440.8556362570451,440.8556362570451,19.45730436184788,19.45730436184788,19.45730436184788,19.45730436184788,19.45730436184788,19.45730436184788,0.0,0.0,0.0,460.312940618893
2004-01-04,441.1126409940342,191.86582333104244,734.1635422352846,441.1126409940342,441.1126409940342,17.764916927011104,17.764916927011104,17.764916927011104,17.764916927011104,17.764916927011104,17.764916927011104,0.0,0.0,0.0,458.8775579210453
2004-01-05,441.36964573102335,173.89089787783684,742.4396035430228,441.36964573102335,441.36964573102335,15.45616140264204,15.45616140264204,15.45616140264204,15.45616140264204,15.45616140264204,15.45616140264204,0.0,0.0,0.0,456.8258071336654
2004-01-06,441.62665046801243,176.1809249086409,732.2124613235887,441.62665046801243,441.62665046801243,13.123505873829723,13.123505873829723,13.123505873829723,13.123505873829723,13.123505873829723,13.123505873829723,0.0,0.0,0.0,454.75015634184217
2004-01-07,441.8836552050004,184.57112828076131,731.4520903944344,441.8836552050004,441.8836552050004,11.345850760907561,11.345850760907561,11.345850760907561,11.345850760907561,11.345850760907561,11.345850760907561,0.0,0.0,0.0,453.229505965908
2004-01-08,442.14065994198955,182.20919197486552,743.026449442571,442.14065994198955,442.14065994198955,10.668440928757274,10.668440928757274,10.668440928757274,10.668440928757274,10.668440928757274,10.668440928757274,0.0,0.0,0.0,452.8091008707468
2004-01-09,442.39766467897863,178.28276245821976,736.0827113568488,442.39766467897863,442.39766467897863,11.583978618009223,11.583978618009223,11.583978618009223,11.583978618009223,11.583978618009223,11.583978618009223,0.0,0.0,0.0,453.98164329698784
2004-01-10,442.65466941596776,192.8228541574576,735.2497110996459,442.65466941596776,442.65466941596776,14.515506833378742,14.515506833378742,14.515506833378742,14.515506833378742,14.515506833378742,14.515506833378742,0.0,0.0,0.0,457.1701762493465
2004-01-11,442.91167415295575,194.39645733500205,740.0980408217256,442.91167415295575,442.91167415295575,19.801578127136217,19.801578127136217,19.801578127136217,19.801578127136217,19.801578127136217,19.801578127136217,0.0,0.0,0.0,462.713252280092
2004-01-12,443.168678889946,194.60223290797094,738.2453189923061,443.168678889946,443.168678889946,27.684154012064354,27.684154012064354,27.684154012064354,27.684154012064354,27.684154012064354,27.684154012064354,0.0,0.0,0.0,470.8528329020104
2005-01-01,534.4053605209905,313.6697698595496,843.5148315776834,534.4053605209905,534.4053605209905,19.816623079170483,19.816623079170483,19.816623079170483,19.816623079170483,19.816623079170483,19.816623079170483,0.0,0.0,0.0,554.2219836001609
2005-01-02,534.6623652579796,296.26094900243476,859.2127047944243,534.6623652579796,534.6623652579796,19.71504453044271,19.71504453044271,19.71504453044271,19.71504453044271,19.71504453044271,19.71504453044271,0.0,0.0,0.0,554.3774097884223
2005-01-03,534.9193699949687,257.17170877257473,812.9117761451787,534.9193699949687,534.9193699949687,18.268945216264466,18.268945216264466,18.268945216264466,18.268945216264466,18.268945216264466,18.268945216264466,0.0,0.0,0.0,553.1883152112332
2005-01-04,535.1763747319567,269.69826176766145,831.3236647362393,535.1763747319567,535.1763747319567,16.058660298456754,16.058660298456754,16.058660298456754,16.058660298456754,16.058660298456754,16.058660298456754,0.0,0.0,0.0,551.2350350304134
2005-01-05,535.433379468947,276.0201192057151,827.5873330794892,535.433379468947,535.433379468947,13.676827820050462,13.676827820050462,13.676827820050462,13.676827820050462,13.676827820050462,13.676827820050462,0.0,0.0,0.0,549.1102072889975
2005-01-06,535.690384205935,266.66145152346644,801.9463409318311,535.690384205935,535.690384205935,11.707657131553049,11.707657131553049,11.707657131553049,11.707657131553049,11.707657131553049,11.707657131553049,0.0,0.0,0.0,547.3980413374879
2005-01-07,535.947388942924,269.00249196954076,810.2670679599443,535.947388942924,535.947388942924,10.706634645422962,10.706634645422962,10.706634645422962,10.706634645422962,10.706634645422962,10.706634645422962,0.0,0.0,0.0,546.654023588347
2005-01-08,536.2043936799132,280.57200306275126,826.9590834560618,536.2043936799132,536.2043936799132,11.181281375734478,11.181281375734478,11.181281375734478,11.181281375734478,11.181281375734478,11.181281375734478,0.0,0.0,0.0,547.3856750556477
2005-01-09,536.4613984169023,274.6561534564148,827.9359740349123,536.4613984169023,536.4613984169023,13.573543030297886,13.573543030297886,13.573543030297886,13.573543030297886,13.573543030297886,13.573543030297886,0.0,0.0,0.0,550.0349414472001
2005-01-10,536.7184031538902,274.0442384610575,843.4705537825134,536.7184031538902,536.7184031538902,18.244342743328286,18.244342743328286,18.244342743328286,18.244342743328286,18.244342743328286,18.244342743328286,0.0,0.0,0.0,554.9627458972185
2005-01-11,536.9754078908794,294.1779103532278,849.9029029496065,536.9754078908794,536.9754078908794,25.460760410002997,25.460760410002997,25.460760410002997,25.460760410002997,25.460760410002997,25.460760410002997,0.0,0.0,0.0,562.4361683008824
2005-01-12,537.2324126278685,285.3457064124289,851.0432460252038,537.2324126278685,537.2324126278685,35.386222966295186,35.386222966295186,35.386222966295186,35.386222966295186,35.386222966295186,35.386222966295186,0.0,0.0,0.0,572.6186355941637
2006-01-01,628.212089521925,357.6000751901211,917.6171968808441,628.212089521925,628.212089521925,19.566768728565428,19.566768728565428,19.566768728565428,19.566768728565428,19.566768728565428,19.566768728565428,0.0,0.0,0.0,647.7788582504904
2006-01-02,628.4690942589153,385.6165556716405,931.1940623866888,628.4690942589153,628.4690942589153,19.888591263850806,19.888591263850806,19.888591263850806,19.888591263850806,19.888591263850806,19.888591263850806,0.0,0.0,0.0,648.3576855227661
2006-01-03,628.7260989959033,366.519347363621,934.1936052063044,628.7260989959033,628.7260989959033,18.725151708740896,18.725151708740896,18.725151708740896,18.725151708740896,18.725151708740896,18.725151708740896,0.0,0.0,0.0,647.4512507046442
2006-01-04,628.9831037328923,361.18454674828223,919.0843134379168,628.9831037328923,628.9831037328923,16.65047890928977,16.65047890928977,16.65047890928977,16.65047890928977,16.65047890928977,16.65047890928977,0.0,0.0,0.0,645.6335826421821
2006-01-05,629.2401084698804,338.91148314949476,923.177410766104,629.2401084698804,629.2401084698804,14.25608205429368,14.25608205429368,14.25608205429368,14.25608205429368,14.25608205429368,14.25608205429368,0.0,0.0,0.0,643.496190524174
2006-01-06,629.4971132068695,360.9323040130397,910.6864132835742,629.4971132068695,629.4971132068695,12.13020802244595,12.13020802244595,12.13020802244595,12.13020802244595,12.13020802244595,12.13020802244595,0.0,0.0,0.0,641.6273212293154
2006-01-07,629.7541179438585,357.02614734480125,926.8664936172015,629.7541179438585,629.7541179438585,10.837379272754413,10.837379272754413,10.837379272754413,10.837379272754413,10.837379272754413,10.837379272754413,0.0,0.0,0.0,640.591497216613
2006-01-08,630.0111226808466,386.94958518992064,930.5956247146739,630.0111226808466,630.0111226808466,10.898832375702941,10.898832375702941,10.898832375702941,10.898832375702941,10.898832375702941,10.898832375702941,0.0,0.0,0.0,640.9099550565495
2006-01-09,630.2681274178368,368.00917308662696,915.6323505904938,630.2681274178368,630.2681274178368,12.774448013755272,12.774448013755272,12.774448013755272,12.774448013755272,12.774448013755272,12.774448013755272,0.0,0.0,0.0,643.0425754315921
2006-01-10,630.5251321548247,364.25095544686684,944.662610387748,630.5251321548247,630.5251321548247,16.846716727570474,16.846716727570474,16.846716727570474,16.846716727570474,16.846716727570474,16.846716727570474,0.0,0.0,0.0,647.3718488823952
2006-01-11,630.7821368918139,374.9674835198237,938.3866892347694,630.7821368918139,630.7821368918139,23.40722224816775,23.40722224816775,23.40722224816775,23.40722224816775,23.40722224816775,23.40722224816775,0.0,0.0,0.0,654.1893591399817
2006-01-12,631.0391416288019,400.0813290835205,944.4799115036332,631.0391416288019,631.0391416288019,32.646047804901336,32.646047804901336,32.646047804901336,32.646047804901336,32.646047804901336,32.646047804901336,0.0,0.0,0.0,663.6851894337032
2007-01-01,722.0188185228595,454.4533072185835,1002.1778321859654,722.0188185228595,722.0188185228595,19.190294968202323,19.190294968202323,19.190294968202323,19.190294968202323,19.190294968202323,19.190294968202323,0.0,0.0,0.0,741.2091134910619
2007-01-02,722.2758232598487,465.40328164085963,1026.9335151624518,722.2758232598487,722.2758232598487,19.969123565891454,19.969123565891454,19.969123565891454,19.969123565891454,19.969123565891454,19.969123565891454,0.0,0.0,0.0,742.2449468257402
2007-01-03,722.5328279968378,449.719594972521,1013.044161734643,722.5328279968378,722.5328279968378,19.124320544702226,19.124320544702226,19.124320544702226,19.124320544702226,19.124320544702226,19.124320544702226,0.0,0.0,0.0,741.65714854154
2007-01-04,722.7898327338269,463.2600736432631,1012.3202748946923,722.7898327338269,722.7898327338269,17.222330876887266,17.222330876887266,17.222330876887266,17.222330876887266,17.222330876887266,17.222330876887266,0.0,0.0,0.0,740.0121636107141
2007-01-05,723.0468374708149,470.62105309804485,1025.7577801715138,723.0468374708149,723.0468374708149,14.852235387129504,14.852235387129504,14.852235387129504,14.852235387129504,14.852235387129504,14.852235387129504,0.0,0.0,0.0,737.8990728579445
2007-01-06,723.3038422078051,461.8652911028055,1006.93668886914,723.3038422078051,723.3038422078051,12.605036560925537,12.605036560925537,12.605036560925537,12.605036560925537,12.605036560925537,12.605036560925537,0.0,0.0,0.0,735.9088787687307
2007-01-07,723.5608469447931,471.0700194544681,1022.5080187913178,723.5608469447931,723.5608469447931,11.053067416262722,11.053067416262722,11.053067416262722,11.053067416262722,11.053067416262722,11.053067416262722,0.0,0.0,0.0,734.6139143610558
2007-01-08,723.8178516817823,455.93343825945084,996.3423737746549,723.8178516817823,723.8178516817823,10.730148036981966,10.730148036981966,10.730148036981966,10.730148036981966,10.730148036981966,10.730148036981966,0.0,0.0,0.0,734.5479997187642
2007-01-09,724.0748564187702,449.8907393507552,1035.128287461137,724.0748564187702,724.0748564187702,12.113089577703736,12.113089577703736,12.113089577703736,12.113089577703736,12.113089577703736,12.113089577703736,0.0,0.0,0.0,736.1879459964739
2007-01-10,724.3318611557605,453.24366530628794,1019.6391252219619,724.3318611557605,724.3318611557605,15.605103206689774,15.605103206689774,15.605103206689774,15.605103206689774,15.605103206689774,15.605103206689774,0.0,0.0,0.0,739.9369643624503
2007-01-11,724.5888658927485,475.00218076521844,1030.4367548665014,724.5888658927485,724.5888658927485,21.521612830496508,21.521612830496508,21.521612830496508,21.521612830496508,21.521612830496508,21.521612830496508,0.0,0.0,0.0,746.110478723245
2007-01-12,724.8458706297375,477.14650364377167,1037.268782389545,724.8458706297375,724.8458706297375,30.07889729878434,30.07889729878434,30.07889729878434,30.07889729878434,30.07889729878434,30.07889729878434,0.0,0.0,0.0,754.9247679285219
2008-01-01,815.8255475237941,558.436895886754,1107.6607633980366,815.8255475237941,815.8255475237941,18.679315594666626,18.679315594666626,18.679315594666626,18.679315594666626,18.679315594666626,18.679315594666626,0.0,0.0,0.0,834.5048631184607
2008-01-02,816.0825522607832,563.9609689138323,1113.769238467987,816.0825522607832,816.0825522607832,19.94796897669841,19.94796897669841,19.94796897669841,19.94796897669841,19.94796897669841,19.94796897669841,0.0,0.0,0.0,836.0305212374817
2008-01-03,816.3395569977712,564.2461335555629,1118.30577265305,816.3395569977712,816.3395569977712,19.457304361895535,19.457304361895535,19.457304361895535,19.457304361895535,19.457304361895535,19.457304361895535,0.0,0.0,0.0,835.7968613596668
2008-01-04,816.5965617347615,553.6922367698568,1110.8545376632756,816.5965617347615,816.5965617347615,17.764916927019353,17.764916927019353,17.764916927019353,17.764916927019353,17.764916927019353,17.764916927019353,0.0,0.0,0.0,834.3614786617809
2008-01-05,816.8535664717494,541.2918918675439,1124.6544692893274,816.8535664717494,816.8535664717494,15.45616140260777,15.45616140260777,15.45616140260777,15.45616140260777,15.45616140260777,15.45616140260777,0.0,0.0,0.0,832.3097278743572
2008-01-06,817.1105712087385,559.9459817210061,1108.8607003804962,817.1105712087385,817.1105712087385,13.12350587381622,13.12350587381622,13.12350587381622,13.12350587381622,13.12350587381622,13.12350587381622,0.0,0.0,0.0,830.2340770825548
2008-01-07,817.3675759457277,559.9754833298978,1105.1269482794016,817.3675759457277,817.3675759457277,11.345850760868853,11.345850760868853,11.345850760868853,11.345850760868853,11.345850760868853,11.345850760868853,0.0,0.0,0.0,828.7134267065966
2008-01-08,817.6245806827168,553.8729730170056,1092.144039715553,817.6245806827168,817.6245806827168,10.66844092880448,10.66844092880448,10.66844092880448,10.66844092880448,10.66844092880448,10.66844092880448,0.0,0.0,0.0,828.2930216115212
2008-01-09,817.8815854197047,558.8064584665043,1107.9278349287829,817.8815854197047,817.8815854197047,11.583978618041211,11.583978618041211,11.583978618041211,11.583978618041211,11.583978618041211,11.583978618041211,0.0,0.0,0.0,829.4655640377459
2008-01-10,818.138590156695,548.4743706117097,1112.3652155594077,818.138590156695,818.138590156695,14.515506833373085,14.515506833373085,14.515506833373085,14.515506833373085,14.515506833373085,14.515506833373085,0.0,0.0,0.0,832.6540969900682
2008-01-11,818.395594893683,565.6467617835765,1120.6936026470194,818.395594893683,818.395594893683,19.80157812714689,19.80157812714689,19.80157812714689,19.80157812714689,19.80157812714689,19.80157812714689,0.0,0.0,0.0,838.1971730208298
2008-01-12,818.6525996306721,573.8513127061487,1112.7797248630907,818.6525996306721,818.6525996306721,27.68415401207153,27.68415401207153,27.68415401207153,27.68415401207153,27.68415401207153,27.68415401207153,0.0,0.0,0.0,846.3367536427436
2009-01-01,909.8892812617178,658.5995271981827,1204.271315721422,909.8892812617178,909.8892812617178,19.816623079159733,19.816623079159733,19.816623079159733,19.816623079159733,19.816623079159733,19.816623079159733,0.0,0.0,0.0,929.7059043408775
2009-01-02,910.1462859987057,648.1496791593646,1215.3780885756626,910.1462859987057,910.1462859987057,19.715044530398046,19.715044530398046,19.715044530398046,19.715044530398046,19.715044530398046,19.715044530398046,0.0,0.0,0.0,929.8613305291037
2009-01-03,910.403290735696,648.3110064648273,1204.4041129725053,910.403290735696,910.403290735696,18.268945216210557,18.268945216210557,18.268945216210557,18.268945216210557,18.268945216210557,18.268945216210557,0.0,0.0,0.0,928.6722359519066
2009-01-04,910.660295472684,646.4966942697939,1208.0995251116283,910.660295472684,910.660295472684,16.058660298393615,16.058660298393615,16.058660298393615,16.058660298393615,16.058660298393615,16.058660298393615,0.0,0.0,0.0,926.7189557710776
2009-01-05,910.917300209673,654.7333331961937,1178.1881685459734,910.917300209673,910.917300209673,13.676827820017959,13.676827820017959,13.676827820017959,13.676827820017959,13.676827820017959,13.676827820017959,0.0,0.0,0.0,924.594128029691
2009-01-06,911.174304946661,641.7923249976808,1183.862529468818,911.174304946661,911.174304946661,11.707657131589553,11.707657131589553,11.707657131589553,11.707657131589553,11.707657131589553,11.707657131589553,0.0,0.0,0.0,922.8819620782506
2009-01-07,911.4313096836513,633.7196770141765,1189.4899785050686,911.4313096836513,911.4313096836513,10.706634645427192,10.706634645427192,10.706634645427192,10.706634645427192,10.706634645427192,10.706634645427192,0.0,0.0,0.0,922.1379443290786
2009-01-08,911.6883144206392,656.5557586167018,1210.745947711419,911.6883144206392,911.6883144206392,11.18128137574858,11.18128137574858,11.18128137574858,11.18128137574858,11.18128137574858,11.18128137574858,0.0,0.0,0.0,922.8695957963878
2009-01-09,911.9453191576284,654.957355797434,1212.8079457990596,911.9453191576284,911.9453191576284,13.573543030307114,13.573543030307114,13.573543030307114,13.573543030307114,13.573543030307114,13.573543030307114,0.0,0.0,0.0,925.5188621879355
2009-01-10,912.2023238946175,644.1482557713006,1219.8276524893838,912.2023238946175,912.2023238946175,18.244342743333704,18.244342743333704,18.244342743333704,18.244342743333704,18.244342743333704,18.244342743333704,0.0,0.0,0.0,930.4466666379512
2009-01-11,912.4593286316067,653.0304092249189,1206.2200886057658,912.4593286316067,912.4593286316067,25.460760409988676,25.460760409988676,25.460760409988676,25.460760409988676,25.460760409988676,25.460760409988676,0.0,0.0,0.0,937.9200890415954
2009-01-12,912.7163333685946,670.3300394199782,1207.4721920825903,912.7163333685946,912.7163333685946,35.38622296629896,35.38622296629896,35.38622296629896,35.38622296629896,35.38622296629896,35.38622296629896,0.0,0.0,0.0,948.1025563348936
2010-01-01,1003.6960102626523,744.9041780930099,1316.901935207316,1003.6960102626523,1003.6960102626523,19.566768728532157,19.566768728532157,19.566768728532157,19.566768728532157,19.566768728532157,19.566768728532157,0.0,0.0,0.0,1023.2627789911844
2010-01-02,1003.9530149996414,748.3700519719221,1297.7045562218425,1003.9530149996414,1003.9530149996414,19.888591263839846,19.888591263839846,19.888591263839846,19.888591263839846,19.888591263839846,19.888591263839846,0.0,0.0,0.0,1023.8416062634813
2010-01-03,1004.2100197366293,750.8649206591335,1287.965167550681,1004.2100197366293,1004.2100197366293,18.725151708697375,18.725151708697375,18.725151708697375,18.725151708697375,18.725151708697375,18.725151708697375,0.0,0.0,0.0,1022.9351714453267
2010-01-04,1004.4670244736196,731.3210625027805,1309.0494531362094,1004.4670244736196,1004.4670244736196,16.650478909309303,16.650478909309303,16.650478909309303,16.650478909309303,16.650478909309303,16.650478909309303,0.0,0.0,0.0,1021.1175033829289
2010-01-05,1004.7240292106076,730.6985447477322,1300.5969938117585,1004.7240292106076,1004.7240292106076,14.256082054310864,14.256082054310864,14.256082054310864,14.256082054310864,14.256082054310864,14.256082054310864,0.0,0.0,0.0,1018.9801112649184
2010-01-06,1004.9810339475968,753.8067043462047,1284.216548962542,1004.9810339475968,1004.9810339475968,12.130208022470606,12.130208022470606,12.130208022470606,12.130208022470606,12.130208022470606,12.130208022470606,0.0,0.0,0.0,1017.1112419700673
2010-01-07,1005.2380386845858,731.6949489699773,1300.678339810179,1005.2380386845858,1005.2380386845858,10.837379272811837,10.837379272811837,10.837379272811837,10.837379272811837,10.837379272811837,10.837379272811837,0.0,0.0,0.0,1016.0754179573977
2010-01-08,1005.495043421575,733.8076852904619,1303.8564406179635,1005.495043421575,1005.495043421575,10.898832375726197,10.898832375726197,10.898832375726197,10.898832375726197,10.898832375726197,10.898832375726197,0.0,0.0,0.0,1016.3938757973012
2010-01-09,1005.752048158563,736.3525895015385,1281.1580631744494,1005.752048158563,1005.752048158563,12.774448013770252,12.774448013770252,12.774448013770252,12.774448013770252,12.774448013770252,12.774448013770252,0.0,0.0,0.0,1018.5264961723332
2010-01-10,1006.009052895552,729.6347925370948,1301.9348082666106,1006.009052895552,1006.009052895552,16.84671672757066,16.84671672757066,16.84671672757066,16.84671672757066,16.84671672757066,16.84671672757066,0.0,0.0,0.0,1022.8557696231227
2010-01-11,1006.2660576325412,744.9147531325502,1306.2854756608453,1006.2660576325412,1006.2660576325412,23.40722224817086,23.40722224817086,23.40722224817086,23.40722224817086,23.40722224817086,23.40722224817086,0.0,0.0,0.0,1029.673279880712
2010-01-12,1006.5230623695292,774.8696463145789,1323.3857169395217,1006.5230623695292,1006.5230623695292,32.64604780491947,32.64604780491947,32.64604780491947,32.64604780491947,32.64604780491947,32.64604780491947,0.0,0.0,0.0,1039.1691101744486
2011-01-01,1097.5027392635868,849.9491285641014,1381.8537466546343,1097.5027392635868,1097.5027392635868,19.190294968149452,19.190294968149452,19.190294968149452,19.190294968149452,19.190294968149452,19.190294968149452,0.0,0.0,0.0,1116.6930342317362
2011-01-02,1097.759744000576,835.2483563608192,1370.4874576500408,1097.759744000576,1097.759744000576,19.96912356589911,19.96912356589911,19.96912356589911,19.96912356589911,19.96912356589911,19.96912356589911,0.0,0.0,0.0,1117.728867566475
2011-01-03,1098.0167487375638,844.2918468520621,1411.0949291220907,1098.0167487375638,1098.0167487375638,19.124320544721385,19.124320544721385,19.124320544721385,19.124320544721385,19.124320544721385,19.124320544721385,0.0,0.0,0.0,1117.1410692822851
2011-01-04,1098.2737534745543,838.6022697089953,1393.880263985162,1098.2737534745543,1098.2737534745543,17.22233087690739,17.22233087690739,17.22233087690739,17.22233087690739,17.22233087690739,17.22233087690739,0.0,0.0,0.0,1115.4960843514616
2011-01-05,1098.5307582115422,838.4376215941609,1408.2143050594646,1098.5307582115422,1098.5307582115422,14.852235387146909,14.852235387146909,14.852235387146909,14.852235387146909,14.852235387146909,14.852235387146909,0.0,0.0,0.0,1113.3829935986892
2011-01-06,1098.7877629485313,842.3839328020314,1407.663060050858,1098.7877629485313,1098.7877629485313,12.605036560891797,12.605036560891797,12.605036560891797,12.605036560891797,12.605036560891797,12.605036560891797,0.0,0.0,0.0,1111.3927995094232
2011-01-07,1099.0447676855192,820.256648164527,1383.7799603834123,1099.0447676855192,1099.0447676855192,11.05306741627122,11.05306741627122,11.05306741627122,11.05306741627122,11.05306741627122,11.05306741627122,0.0,0.0,0.0,1110.0978351017905
2011-01-08,1099.3017724225094,839.2550205464206,1365.6089153220337,1099.3017724225094,1099.3017724225094,10.730148037009872,10.730148037009872,10.730148037009872,10.730148037009872,10.730148037009872,10.730148037009872,0.0,0.0,0.0,1110.0319204595194
2011-01-09,1099.5587771594974,830.505672438448,1389.8156331439834,1099.5587771594974,1099.5587771594974,12.113089577735378,12.113089577735378,12.113089577735378,12.113089577735378,12.113089577735378,12.113089577735378,0.0,0.0,0.0,1111.6718667372327
2011-01-10,1099.8157818964867,845.4061907396402,1417.0558929559697,1099.8157818964867,1099.8157818964867,15.60510320668928,15.60510320668928,15.60510320668928,15.60510320668928,15.60510320668928,15.60510320668928,0.0,0.0,0.0,1115.420885103176
2011-01-11,1100.0727866334757,835.174807954699,1386.5128209186914,1100.0727866334757,1100.0727866334757,21.521612830464885,21.521612830464885,21.521612830464885,21.521612830464885,21.521612830464885,21.521612830464885,0.0,0.0,0.0,1121.5943994639406
2011-01-12,1100.3297913704648,856.1148619733182,1413.4168946703085,1100.3297913704648,1100.3297913704648,30.078897298765334,30.078897298765334,30.078897298765334,30.078897298765334,30.078897298765334,30.078897298765334,0.0,0.0,0.0,1130.40868866923
2012-01-01,1191.30946826452,946.8726982763802,1483.3741941898063,1191.30946826452,1191.30946826452,18.679315594644695,18.679315594644695,18.679315594644695,18.679315594644695,18.679315594644695,18.679315594644695,0.0,0.0,0.0,1209.9887838591649
2012-01-02,1191.5664730015105,940.4283734215941,1493.4101074140185,1191.5664730015105,1191.5664730015105,19.947968976735723,19.947968976735723,19.947968976735723,19.947968976735723,19.947968976735723,19.947968976735723,0.0,0.0,0.0,1211.5144419782462
2012-01-03,1191.8234777384985,941.0732327561669,1495.4700010792571,1191.8234777384985,1191.8234777384985,19.457304361947568,19.457304361947568,19.457304361947568,19.457304361947568,19.457304361947568,19.457304361947568,0.0,0.0,0.0,1211.280782100446
2012-01-04,1192.0804824754875,913.8663232960804,1508.9806450775295,1192.0804824754875,1192.0804824754875,17.764916926984956,17.764916926984956,17.764916926984956,17.764916926984956,17.764916926984956,17.764916926984956,0.0,0.0,0.0,1209.8453994024726
2012-01-05,1192.3374872124766,923.3818861133699,1480.135243058497,1192.3374872124766,1192.3374872124766,15.456161402645977,15.456161402645977,15.456161402645977,15.456161402645977,15.456161402645977,15.456161402645977,0.0,0.0,0.0,1207.7936486151225
2012-01-06,1192.5944919494657,918.0158911060671,1496.5426357857336,1192.5944919494657,1192.5944919494657,13.123505873806002,13.123505873806002,13.123505873806002,13.123505873806002,13.123505873806002,13.123505873806002,0.0,0.0,0.0,1205.7179978232716
2012-01-07,1192.8514966864536,940.3156422637727,1491.6412172357414,1192.8514966864536,1192.8514966864536,11.345850760893573,11.345850760893573,11.345850760893573,11.345850760893573,11.345850760893573,11.345850760893573,0.0,0.0,0.0,1204.1973474473473
2012-01-08,1193.108501423444,935.1296305305642,1485.4813882830763,1193.108501423444,1193.108501423444,10.668440928779596,10.668440928779596,10.668440928779596,10.668440928779596,10.668440928779596,10.668440928779596,0.0,0.0,0.0,1203.7769423522236
2012-01-09,1193.365506160432,916.6175174579415,1464.5823749677977,1193.365506160432,1193.365506160432,11.583978618008306,11.583978618008306,11.583978618008306,11.583978618008306,11.583978618008306,11.583978618008306,0.0,0.0,0.0,1204.9494847784404
2012-01-10,1193.622510897421,919.5895722418538,1485.1969278194722,1193.622510897421,1193.622510897421,14.515506833372188,14.515506833372188,14.515506833372188,14.515506833372188,14.515506833372188,14.515506833372188,0.0,0.0,0.0,1208.1380177307933
2012-01-11,1193.879515634409,939.4804937564869,1491.5876482321582,1193.879515634409,1193.879515634409,19.801578127110616,19.801578127110616,19.801578127110616,19.801578127110616,19.801578127110616,19.801578127110616,0.0,0.0,0.0,1213.6810937615196
2012-01-12,1194.1365203713995,950.7961379736823,1503.2261209052606,1194.1365203713995,1194.1365203713995,27.684154012076366,27.684154012076366,27.684154012076366,27.684154012076366,27.684154012076366,27.684154012076366,0.0,0.0,0.0,1221.8206743834758
2013-01-01,1285.373202002445,1015.3213462927649,1588.3966504047623,1285.373202002445,1285.373202002445,19.81662307919373,19.81662307919373,19.81662307919373,19.81662307919373,19.81662307919373,19.81662307919373,0.0,0.0,0.0,1305.1898250816387
2013-01-02,1285.630206739434,1024.6274576612257,1575.113143237752,1285.630206739434,1285.630206739434,19.71504453043526,19.71504453043526,19.71504453043526,19.71504453043526,19.71504453043526,19.71504453043526,0.0,0.0,0.0,1305.3452512698693
2013-01-03,1285.8872114764222,1023.0710669639909,1577.8733958209123,1285.8872114764222,1285.8872114764222,18.26894521624109,18.26894521624109,18.26894521624109,18.26894521624109,18.26894521624109,18.26894521624109,0.0,0.0,0.0,1304.1561566926632
2013-01-04,1286.1442162134113,1018.3410756061506,1576.0741295051457,1286.1442162134113,1286.1442162134113,16.058660298434432,16.058660298434432,16.058660298434432,16.058660298434432,16.058660298434432,16.058660298434432,0.0,0.0,0.0,1302.2028765118457
2013-01-05,1286.4012209504003,1002.3807833767064,1595.3626455839847,1286.4012209504003,1286.4012209504003,13.676827820034852,13.676827820034852,13.676827820034852,13.676827820034852,13.676827820034852,13.676827820034852,0.0,0.0,0.0,1300.078048770435
2013-01-06,1286.6582256873894,1009.6415635213422,1590.4316443937987,1286.6582256873894,1286.6582256873894,11.707657131530938,11.707657131530938,11.707657131530938,11.707657131530938,11.707657131530938,11.707657131530938,0.0,0.0,0.0,1298.3658828189205
2013-01-07,1286.9152304243773,1021.5638886362987,1581.5503001688444,1286.9152304243773,1286.9152304243773,10.70663464537537,10.70663464537537,10.70663464537537,10.70663464537537,10.70663464537537,10.70663464537537,0.0,0.0,0.0,1297.6218650697526
2013-01-08,1287.1722351613664,1009.1773271557213,1573.650174793217,1287.1722351613664,1287.1722351613664,11.181281375688755,11.181281375688755,11.181281375688755,11.181281375688755,11.181281375688755,11.181281375688755,0.0,0.0,0.0,1298.3535165370552
2013-01-09,1287.4292398983557,1020.201891944335,1574.3765266768362,1287.4292398983557,1287.4292398983557,13.573543030303085,13.573543030303085,13.573543030303085,13.573543030303085,13.573543030303085,13.573543030303085,0.0,0.0,0.0,1301.0027829286587
2013-01-10,1287.6862446353437,1051.4309852660924,1578.7099026647338,1287.6862446353437,1287.6862446353437,18.244342743355972,18.244342743355972,18.244342743355972,18.244342743355972,18.244342743355972,18.244342743355972,0.0,0.0,0.0,1305.9305873786996
2013-01-11,1287.9432493723339,1015.5054654938226,1579.95967749862,1287.9432493723339,1287.9432493723339,25.460760409994393,25.460760409994393,25.460760409994393,25.460760409994393,25.460760409994393,25.460760409994393,0.0,0.0,0.0,1313.4040097823283
2013-01-12,1288.2002541093218,1039.1210218094157,1619.6908218144765,1288.2002541093218,1288.2002541093218,35.38622296631467,35.38622296631467,35.38622296631467,35.38622296631467,35.38622296631467,35.38622296631467,0.0,0.0,0.0,1323.5864770756364
2014-01-01,1379.1799310033784,1134.5260954091134,1664.8537084743605,1379.1799310033784,1379.1799310033784,19.56676872856509,19.56676872856509,19.56676872856509,19.56676872856509,19.56676872856509,19.56676872856509,0.0,0.0,0.0,1398.7466997319436
2014-01-02,1379.4369357403687,1121.3421055143572,1693.3130175074723,1379.4369357403687,1379.4369357403687,19.8885912638152,19.8885912638152,19.8885912638152,19.8885912638152,19.8885912638152,19.8885912638152,0.0,0.0,0.0,1399.3255270041839
2014-01-03,1379.6939404773566,1115.913412160098,1681.5795061181996,1379.6939404773566,1379.6939404773566,18.725151708724727,18.725151708724727,18.725151708724727,18.725151708724727,18.725151708724727,18.725151708724727,0.0,0.0,0.0,1398.4190921860813
2014-01-04,1379.9509452143457,1111.8570617648934,1668.3893251140366,1379.9509452143457,1379.9509452143457,16.65047890927348,16.65047890927348,16.65047890927348,16.65047890927348,16.65047890927348,16.65047890927348,0.0,0.0,0.0,1396.6014241236192
2014-01-05,1380.2079499513347,1095.6151842346426,1680.9798470461217,1380.2079499513347,1380.2079499513347,14.256082054260572,14.256082054260572,14.256082054260572,14.256082054260572,14.256082054260572,14.256082054260572,0.0,0.0,0.0,1394.4640320055953
2014-01-06,1380.464954688324,1100.0426413722098,1668.0392895036682,1380.464954688324,1380.464954688324,12.130208022411772,12.130208022411772,12.130208022411772,12.130208022411772,12.130208022411772,12.130208022411772,0.0,0.0,0.0,1392.5951627107358
2014-01-07,1380.721959425312,1125.2770367188107,1678.0256546458825,1380.721959425312,1380.721959425312,10.837379272778694,10.837379272778694,10.837379272778694,10.837379272778694,10.837379272778694,10.837379272778694,0.0,0.0,0.0,1391.5593386980906
2014-01-08,1380.978964162301,1120.3791845104233,1680.3618660765214,1380.978964162301,1380.978964162301,10.89883237571272,10.89883237571272,10.89883237571272,10.89883237571272,10.89883237571272,10.89883237571272,0.0,0.0,0.0,1391.8777965380139
2014-01-09,1381.2359688992901,1111.2442026953454,1671.1740484969346,1381.2359688992901,1381.2359688992901,12.7744480137862,12.7744480137862,12.7744480137862,12.7744480137862,12.7744480137862,12.7744480137862,0.0,0.0,0.0,1394.0104169130764
2014-01-10,1381.4929736362792,1113.6891585170881,1706.4400591394797,1381.4929736362792,1381.4929736362792,16.84671672760056,16.84671672760056,16.84671672760056,16.84671672760056,16.84671672760056,16.84671672760056,0.0,0.0,0.0,1398.3396903638798
2014-01-11,1381.7499783732674,1135.9311243083425,1680.9549782415484,1381.7499783732674,1381.7499783732674,23.407222248167052,23.407222248167052,23.407222248167052,23.407222248167052,23.407222248167052,23.407222248167052,0.0,0.0,0.0,1405.1572006214344
2014-01-12,1382.0069831102576,1144.2504776471292,1700.2861804873744,1382.0069831102576,1382.0069831102576,32.64604780491507,32.64604780491507,32.64604780491507,32.64604780491507,32.64604780491507,32.64604780491507,0.0,0.0,0.0,1414.6530309151726
2015-01-01,1472.9866600043129,1215.6442291908113,1765.0459791769633,1472.9866600043129,1472.9866600043129,19.190294968191118,19.190294968191118,19.190294968191118,19.190294968191118,19.190294968191118,19.190294968191118,0.0,0.0,0.0,1492.176954972504
2015-01-02,1473.2436647413033,1200.731567880691,1782.3021565484726,1473.2436647413033,1473.2436647413033,19.969123565884157,19.969123565884157,19.969123565884157,19.969123565884157,19.969123565884157,19.969123565884157,0.0,0.0,0.0,1493.2127883071873
2015-01-03,1473.5006694782912,1224.8873613297087,1773.9014072731252,1473.5006694782912,1473.5006694782912,19.12432054466576,19.12432054466576,19.12432054466576,19.12432054466576,19.12432054466576,19.12432054466576,0.0,0.0,0.0,1492.624990022957
2015-01-04,1473.7576742152803,1212.1162753655371,1769.7230969132322,1473.7576742152803,1473.7576742152803,17.22233087684142,17.22233087684142,17.22233087684142,17.22233087684142,17.22233087684142,17.22233087684142,0.0,0.0,0.0,1490.9800050921217
2015-01-05,1474.0146789522682,1209.045284967833,1761.3937148524024,1474.0146789522682,1474.0146789522682,14.85223538709626,14.85223538709626,14.85223538709626,14.85223538709626,14.85223538709626,14.85223538709626,0.0,0.0,0.0,1488.8669143393645
2015-01-06,1474.2716836892585,1210.920324979775,1768.3571570498018,1474.2716836892585,1474.2716836892585,12.605036560931799,12.605036560931799,12.605036560931799,12.605036560931799,12.605036560931799,12.605036560931799,0.0,0.0,0.0,1486.8767202501901
2015-01-07,1474.5286884262464,1203.0553210059968,1776.8516549572068,1474.5286884262464,1474.5286884262464,11.053067416287261,11.053067416287261,11.053067416287261,11.053067416287261,11.053067416287261,11.053067416287261,0.0,0.0,0.0,1485.5817558425335
2015-01-08,1474.7856931632357,1206.714129470448,1768.5255298886798,1474.7856931632357,1474.7856931632357,10.730148037049334,10.730148037049334,10.730148037049334,10.730148037049334,10.730148037049334,10.730148037049334,0.0,0.0,0.0,1485.515841200285
2015-01-09,1475.0426979002248,1210.5407061301225,1763.9256337705658,1475.0426979002248,1475.0426979002248,12.113089577734096,12.113089577734096,12.113089577734096,12.113089577734096,12.113089577734096,12.113089577734096,0.0,0.0,0.0,1487.155787477959
2015-01-10,1475.2997026372138,1222.9055878592394,1767.4348347356258,1475.2997026372138,1475.2997026372138,15.605103206687797,15.605103206687797,15.605103206687797,15.605103206687797,15.605103206687797,15.605103206687797,0.0,0.0,0.0,1490.9048058439016
2015-01-11,1475.5567073742018,1228.905831559535,1755.0355521564325,1475.5567073742018,1475.5567073742018,21.521612830494917,21.521612830494917,21.521612830494917,21.521612830494917,21.521612830494917,21.521612830494917,0.0,0.0,0.0,1497.0783202046966
2015-01-12,1475.8137121111909,1218.5496172651976,1781.2258572543697,1475.8137121111909,1475.8137121111909,30.07889729877017,30.07889729877017,30.07889729877017,30.07889729877017,30.07889729877017,30.07889729877017,0.0,0.0,0.0,1505.892609409961
2016-01-01,1566.7933890052486,1311.7502760524485,1862.6736422619279,1566.7933890052486,1566.7933890052486,18.679315594620224,18.679315594620224,18.679315594620224,18.679315594620224,18.679315594620224,18.679315594620224,0.0,0.0,0.0,1585.4727045998688
2016-01-02,1567.0503937422366,1294.1784855551068,1878.4607836963376,1567.0503937422366,1567.0503937422366,19.947968976715625,19.947968976715625,19.947968976715625,19.947968976715625,19.947968976715625,19.947968976715625,0.0,0.0,0.0,1586.9983627189522
2016-01-03,1567.3073984792268,1312.9838491920955,1857.6609314046814,1567.3073984792268,1567.3073984792268,19.457304361861464,19.457304361861464,19.457304361861464,19.457304361861464,19.457304361861464,19.457304361861464,0.0,0.0,0.0,1586.7647028410881
2016-01-04,1567.5644032162147,1314.0997221750663,1871.4780930349789,1567.5644032162147,1567.5644032162147,17.764916927014344,17.764916927014344,17.764916927014344,17.764916927014344,17.764916927014344,17.764916927014344,0.0,0.0,0.0,1585.329320143229
2016-01-05,1567.821407953204,1318.2436251753747,1863.3702873202958,1567.821407953204,1567.821407953204,15.456161402622886,15.456161402622886,15.456161402622886,15.456161402622886,15.456161402622886,15.456161402622886,0.0,0.0,0.0,1583.277569355827
2016-01-06,1568.078412690193,1313.259519301023,1862.023959410752,1568.078412690193,1568.078412690193,13.123505873804133,13.123505873804133,13.123505873804133,13.123505873804133,13.123505873804133,13.123505873804133,0.0,0.0,0.0,1581.2019185639972
2016-01-07,1568.335417427181,1286.874302568433,1866.152387139419,1568.335417427181,1568.335417427181,11.345850760925508,11.345850760925508,11.345850760925508,11.345850760925508,11.345850760925508,11.345850760925508,0.0,0.0,0.0,1579.6812681881065
2016-01-08,1568.59242216417,1292.9074548566098,1856.7681560399833,1568.59242216417,1568.59242216417,10.66844092874387,10.66844092874387,10.66844092874387,10.66844092874387,10.66844092874387,10.66844092874387,0.0,0.0,0.0,1579.260863092914
2016-01-09,1568.849426901158,1306.9466965597583,1838.570427710163,1568.849426901158,1568.849426901158,11.583978618028047,11.583978618028047,11.583978618028047,11.583978618028047,11.583978618028047,11.583978618028047,0.0,0.0,0.0,1580.4334055191862
2016-01-10,1569.1064316381485,1308.184955709421,1873.6828743044957,1569.1064316381485,1569.1064316381485,14.515506833384054,14.515506833384054,14.515506833384054,14.515506833384054,14.515506833384054,14.515506833384054,0.0,0.0,0.0,1583.6219384715325
2016-01-11,1569.3634363751364,1311.1253892494094,1857.2269226863102,1569.3634363751364,1569.3634363751364,19.80157812713964,19.80157812713964,19.80157812713964,19.80157812713964,19.80157812713964,19.80157812713964,0.0,0.0,0.0,1589.165014502276
2016-01-12,1569.6204411121255,1313.2488871294647,1875.7152621560808,1569.6204411121255,1569.6204411121255,27.684154012071055,27.684154012071055,27.684154012071055,27.684154012071055,27.684154012071055,27.684154012071055,0.0,0.0,0.0,1597.3045951241966
2017-01-01,1660.857122743171,1418.5484306549997,1955.543011544045,1660.857122743171,1660.857122743171,19.81662307915456,19.81662307915456,19.81662307915456,19.81662307915456,19.81662307915456,19.81662307915456,0.0,0.0,0.0,1680.6737458223256
2017-01-02,1661.1141274801603,1408.6494170488245,1965.853923850584,1661.1141274801603,1661.1141274801603,19.715044530487006,19.715044530487006,19.715044530487006,19.715044530487006,19.715044530487006,19.715044530487006,0.0,0.0,0.0,1680.8291720106472
2017-01-03,1661.3711322171494,1395.9528061842611,1958.9062139330715,1661.3711322171494,1661.3711322171494,18.268945216237665,18.268945216237665,18.268945216237665,18.268945216237665,18.268945216237665,18.268945216237665,0.0,0.0,0.0,1679.640077433387
2017-01-04,1661.6281369541384,1395.4461945286278,1941.1399961780533,1661.6281369541384,1661.6281369541384,16.058660298490427,16.058660298490427,16.058660298490427,16.058660298490427,16.058660298490427,16.058660298490427,0.0,0.0,0.0,1677.6867972526288
2017-01-05,1661.8851416911264,1399.4809869213007,1946.4925653149808,1661.8851416911264,1661.8851416911264,13.676827820002165,13.676827820002165,13.676827820002165,13.676827820002165,13.676827820002165,13.676827820002165,0.0,0.0,0.0,1675.5619695111286
2017-01-06,1662.1421464281168,1412.1135772859732,1950.775932177674,1662.1421464281168,1662.1421464281168,11.707657131571754,11.707657131571754,11.707657131571754,11.707657131571754,11.707657131571754,11.707657131571754,0.0,0.0,0.0,1673.8498035596886
2017-01-07,1662.3991511651047,1404.3765931278501,1954.629029137103,1662.3991511651047,1662.3991511651047,10.706634645423604,10.706634645423604,10.706634645423604,10.706634645423604,10.706634645423604,10.706634645423604,0.0,0.0,0.0,1673.1057858105282
2017-01-08,1662.6561559020938,1383.620725269282,1942.2105251603014,1662.6561559020938,1662.6561559020938,11.181281375721111,11.181281375721111,11.181281375721111,11.181281375721111,11.181281375721111,11.181281375721111,0.0,0.0,0.0,1673.8374372778148
2017-01-09,1662.913160639083,1393.4413466227852,1957.4940281800557,1662.913160639083,1662.913160639083,13.573543030307645,13.573543030307645,13.573543030307645,13.573543030307645,13.573543030307645,13.573543030307645,0.0,0.0,0.0,1676.4867036693906
2017-01-10,1663.170165376072,1400.9084730310622,1976.9837645320779,1663.170165376072,1663.170165376072,18.244342743314917,18.244342743314917,18.244342743314917,18.244342743314917,18.244342743314917,18.244342743314917,0.0,0.0,0.0,1681.414508119387
2017-01-11,1663.42717011306,1399.8230586024606,1990.8670154782808,1663.42717011306,1663.42717011306,25.460760409992744,25.460760409992744,25.460760409992744,25.460760409992744,25.460760409992744,25.460760409992744,0.0,0.0,0.0,1688.8879305230525
2017-01-12,1663.6841748500492,1421.7107034831074,1988.8181252823604,1663.6841748500492,1663.6841748500492,35.386222966275845,35.386222966275845,35.386222966275845,35.386222966275845,35.386222966275845,35.386222966275845,0.0,0.0,0.0,1699.070397816325
2018-01-01,1754.6638517441056,1489.5670263331372,2067.122992741503,1754.6638517441056,1754.6638517441056,19.566768728547483,19.566768728547483,19.566768728547483,19.566768728547483,19.566768728547483,19.566768728547483,0.0,0.0,0.0,1774.230620472653
2018-01-02,1754.9208564810947,1495.0265331772384,2058.6217629393113,1754.9208564810947,1754.9208564810947,19.888591263865642,19.888591263865642,19.888591263865642,19.888591263865642,19.888591263865642,19.888591263865642,0.0,0.0,0.0,1774.8094477449604
2018-01-03,1755.1778612180838,1499.0971381391942,2045.8482860835759,1755.1778612180838,1755.1778612180838,18.725151708744995,18.725151708744995,18.725151708744995,18.725151708744995,18.725151708744995,18.725151708744995,0.0,0.0,0.0,1773.9030129268288
2018-01-04,1755.434865955073,1492.0731730608998,2049.7397393985443,1755.434865955073,1755.434865955073,16.65047890928441,16.65047890928441,16.65047890928441,16.65047890928441,16.65047890928441,16.65047890928441,0.0,0.0,0.0,1772.0853448643575
2018-01-05,1755.691870692061,1484.942555308808,2039.8365255423957,1755.691870692061,1755.691870692061,14.256082054356707,14.256082054356707,14.256082054356707,14.256082054356707,14.256082054356707,14.256082054356707,0.0,0.0,0.0,1769.9479527464177
2018-01-06,1755.94887542905,1488.6090027592115,2040.7674594172447,1755.94887542905,1755.94887542905,12.130208022437975,12.130208022437975,12.130208022437975,12.130208022437975,12.130208022437975,12.130208022437975,0.0,0.0,0.0,1768.079083451488
2018-01-07,1756.2058801660392,1498.4691106688667,2031.9565271083493,1756.2058801660392,1756.2058801660392,10.837379272773402,10.837379272773402,10.837379272773402,10.837379272773402,10.837379272773402,10.837379272773402,0.0,0.0,0.0,1767.0432594388126
2018-01-08,1756.4628849030282,1508.1992258763303,2050.310669707882,1756.4628849030282,1756.4628849030282,10.898832375697888,10.898832375697888,10.898832375697888,10.898832375697888,10.898832375697888,10.898832375697888,0.0,0.0,0.0,1767.361717278726
2018-01-09,1756.7198896400162,1495.793827723541,2034.9558223495658,1756.7198896400162,1756.7198896400162,12.7744480137849,12.7744480137849,12.7744480137849,12.7744480137849,12.7744480137849,12.7744480137849,0.0,0.0,0.0,1769.494337653801
2018-01-10,1756.9768943770066,1496.7863934742384,2063.9886953398095,1756.9768943770066,1756.9768943770066,16.84671672758051,16.84671672758051,16.84671672758051,16.84671672758051,16.84671672758051,16.84671672758051,0.0,0.0,0.0,1773.8236111045871
2018-01-11,1757.2338991139945,1519.8814252067716,2059.193548520908,1757.2338991139945,1757.2338991139945,23.40722224817661,23.40722224817661,23.40722224817661,23.40722224817661,23.40722224817661,23.40722224817661,0.0,0.0,0.0,1780.6411213621711
2018-01-12,1757.4909038509836,1517.174021579543,2052.4061258391866,1757.4909038509836,1757.4909038509836,32.64604780493598,32.64604780493598,32.64604780493598,32.64604780493598,32.64604780493598,32.64604780493598,0.0,0.0,0.0,1790.1369516559196
2019-01-01,1848.4705807450414,1579.2938636805607,2133.341968043594,1848.4705807450414,1848.4705807450414,19.190294968233125,19.190294968233125,19.190294968233125,19.190294968233125,19.190294968233125,19.190294968233125,0.0,0.0,0.0,1867.6608757132744
2019-01-02,1848.7275854820293,1605.990444146681,2172.1179235528757,1848.7275854820293,1848.7275854820293,19.96912356589391,19.96912356589391,19.96912356589391,19.96912356589391,19.96912356589391,19.96912356589391,0.0,0.0,0.0,1868.6967090479232
2019-01-03,1848.9845902190173,1593.6123073165204,2134.2993123721108,1848.9845902190173,1848.9845902190173,19.124320544703952,19.124320544703952,19.124320544703952,19.124320544703952,19.124320544703952,19.124320544703952,0.0,0.0,0.0,1868.1089107637213
2019-01-04,1849.2415949560075,1595.6490237149399,2165.6569690452297,1849.2415949560075,1849.2415949560075,17.222330876900433,17.222330876900433,17.222330876900433,17.222330876900433,17.222330876900433,17.222330876900433,0.0,0.0,0.0,1866.463925832908
2019-01-05,1849.4985996929954,1582.320023770292,2140.4348665382236,1849.4985996929954,1849.4985996929954,14.852235387111174,14.852235387111174,14.852235387111174,14.852235387111174,14.852235387111174,14.852235387111174,0.0,0.0,0.0,1864.3508350801067
2019-01-06,1849.7556044299845,1597.0494425640832,2143.2543046959245,1849.7556044299845,1849.7556044299845,12.605036560849461,12.605036560849461,12.605036560849461,12.605036560849461,12.605036560849461,12.605036560849461,0.0,0.0,0.0,1862.3606409908339
2019-01-07,1850.0126091669738,1598.434254891821,2129.23769544,1850.0126091669738,1850.0126091669738,11.05306741623923,11.05306741623923,11.05306741623923,11.05306741623923,11.05306741623923,11.05306741623923,0.0,0.0,0.0,1861.065676583213
2019-01-08,1850.2696139039629,1573.3504498453756,2127.4835484813734,1850.2696139039629,1850.2696139039629,10.73014803704397,10.73014803704397,10.73014803704397,10.73014803704397,10.73014803704397,10.73014803704397,0.0,0.0,0.0,1860.999761941007
2019-01-09,1850.5266186409508,1580.1346757985223,2144.183547745107,1850.5266186409508,1850.5266186409508,12.113089577737977,12.113089577737977,12.113089577737977,12.113089577737977,12.113089577737977,12.113089577737977,0.0,0.0,0.0,1862.6397082186888
2019-01-10,1850.7836233779399,1598.7597596678827,2150.3886971274414,1850.7836233779399,1850.7836233779399,15.605103206689115,15.605103206689115,15.605103206689115,15.605103206689115,15.605103206689115,15.605103206689115,0.0,0.0,0.0,1866.388726584629
2019-01-11,1851.040628114929,1585.6990470242267,2135.6411062718694,1851.040628114929,1851.040628114929,21.521612830477483,21.521612830477483,21.521612830477483,21.521612830477483,21.521612830477483,21.521612830477483,0.0,0.0,0.0,1872.5622409454065
2019-01-12,1851.2976328519183,1603.8746693029047,2152.4895088040003,1851.2976328519183,1851.2976328519183,30.078897298774304,30.078897298774304,30.078897298774304,30.078897298774304,30.078897298774304,30.078897298774304,0.0,0.0,0.0,1881.3765301506926
2020-01-01,1942.2773097459758,1680.7183845760626,2252.133360589736,1942.2773097459758,1942.2773097459758,18.679315594629323,18.679315594629323,18.679315594629323,18.679315594629323,18.679315594629323,18.679315594629323,0.0,0.0,0.0,1960.9566253406051
2020-01-02,1942.5343144829637,1678.2679614686579,2233.204141430825,1942.5343144829637,1942.5343144829637,19.947968976771083,19.947968976771083,19.947968976771083,19.947968976771083,19.947968976771083,19.947968976771083,0.0,0.0,0.0,1962.4822834597348
2020-01-03,1942.7913192199528,1698.7421549079822,2244.4092448747,1942.7913192199528,1942.7913192199528,19.457304361869387,19.457304361869387,19.457304361869387,19.457304361869387,19.457304361869387,19.457304361869387,0.0,0.0,0.0,1962.2486235818221
2020-01-04,1943.048323956941,1666.0323222799907,2245.1880388504205,1943.048323956941,1943.048323956941,17.76491692701215,17.76491692701215,17.76491692701215,17.76491692701215,17.76491692701215,17.76491692701215,0.0,0.0,0.0,1960.813240883953
2020-01-05,1943.3053286939312,1686.802644094317,2251.0288136050294,1943.3053286939312,1943.3053286939312,15.456161402609986,15.456161402609986,15.456161402609986,15.456161402609986,15.456161402609986,15.456161402609986,0.0,0.0,0.0,1958.7614900965411
2020-01-06,1943.5623334309191,1690.6879741337495,2241.6574751389817,1943.5623334309191,1943.5623334309191,13.123505873836736,13.123505873836736,13.123505873836736,13.123505873836736,13.123505873836736,13.123505873836736,0.0,0.0,0.0,1956.685839304756
2020-01-07,1943.8193381679082,1674.1868827088924,2225.15429906344,1943.8193381679082,1943.8193381679082,11.345850760896905,11.345850760896905,11.345850760896905,11.345850760896905,11.345850760896905,11.345850760896905,0.0,0.0,0.0,1955.165188928805
2020-01-08,1944.0763429048973,1682.5943920016728,2233.460594466169,1944.0763429048973,1944.0763429048973,10.668440928776171,10.668440928776171,10.668440928776171,10.668440928776171,10.668440928776171,10.668440928776171,0.0,0.0,0.0,1954.7447838336734
2020-01-09,1944.3333476418866,1692.9919744628774,2216.905081832067,1944.3333476418866,1944.3333476418866,11.583978618027844,11.583978618027844,11.583978618027844,11.583978618027844,11.583978618027844,11.583978618027844,0.0,0.0,0.0,1955.9173262599145
2020-01-10,1944.5903523788745,1685.122309026268,2228.6682133859995,1944.5903523788745,1944.5903523788745,14.515506833385482,14.515506833385482,14.515506833385482,14.515506833385482,14.515506833385482,14.515506833385482,0.0,0.0,0.0,1959.10585921226
2020-01-11,1944.8473571158636,1703.5780364414886,2250.118488626941,1944.8473571158636,1944.8473571158636,19.80157812714614,19.80157812714614,19.80157812714614,19.80157812714614,19.80157812714614,19.80157812714614,0.0,0.0,0.0,1964.6489352430096
2020-01-12,1945.1043618528527,1698.2158085198328,2261.4648946627326,1945.1043618528527,1945.1043618528527,27.6841540120649,27.6841540120649,27.6841540120649,27.6841540120649,27.6841540120649,27.6841540120649,0.0,0.0,0.0,1972.7885158649176
2021-01-01,2036.3410434838984,1766.2129791452548,2332.298900764191,2036.3410434838984,2036.3410434838984,19.816623079183913,19.816623079183913,19.816623079183913,19.816623079183913,19.816623079183913,19.816623079183913,0.0,0.0,0.0,2056.1576665630823
2021-01-02,2036.5980482208874,1772.6825640983018,2331.2135931092243,2036.5980482208874,2036.5980482208874,19.715044530434664,19.715044530434664,19.715044530434664,19.715044530434664,19.715044530434664,19.715044530434664,0.0,0.0,0.0,2056.313092751322
2021-01-03,2036.8550529578754,1778.2400501251302,2327.7889406441614,2036.8550529578754,2036.8550529578754,18.26894521624404,18.26894521624404,18.26894521624404,18.26894521624404,18.26894521624404,18.26894521624404,0.0,0.0,0.0,2055.1239981741196
2021-01-04,2037.1120576948656,1768.5621785977205,2328.4029473750293,2037.1120576948656,2037.1120576948656,16.058660298459404,16.058660298459404,16.058660298459404,16.058660298459404,16.058660298459404,16.058660298459404,0.0,0.0,0.0,2053.170717993325
2021-01-05,2037.3690624318538,1779.1578834109598,2329.614483178553,2037.3690624318538,2037.3690624318538,13.676827819991674,13.676827819991674,13.676827819991674,13.676827819991674,13.676827819991674,13.676827819991674,0.0,0.0,0.0,2051.0458902518453
2021-01-06,2037.6260671688428,1770.49729027134,2322.6370663902217,2037.6260671688428,2037.6260671688428,11.70765713156452,11.70765713156452,11.70765713156452,11.70765713156452,11.70765713156452,11.70765713156452,0.0,0.0,0.0,2049.3337243004075
2021-01-07,2037.8830719058308,1788.2179346715359,2322.009904333631,2037.8830719058308,2037.8830719058308,10.706634645413239,10.706634645413239,10.706634645413239,10.706634645413239,10.706634645413239,10.706634645413239,0.0,0.0,0.0,2048.589706551244
2021-01-08,2038.140076642821,1778.6935685204267,2343.958486739446,2038.140076642821,2038.140076642821,11.181281375736255,11.181281375736255,11.181281375736255,11.181281375736255,11.181281375736255,11.181281375736255,0.0,0.0,0.0,2049.321358018557
2021-01-09,2038.397081379809,1789.3756945608957,2333.3089810647352,2038.397081379809,2038.397081379809,13.573543030305686,13.573543030305686,13.573543030305686,13.573543030305686,13.573543030305686,13.573543030305686,0.0,0.0,0.0,2051.9706244101144
2021-01-10,2038.654086116798,1767.0437770916244,2319.861504706101,2038.654086116798,2038.654086116798,18.2443427433166,18.2443427433166,18.2443427433166,18.2443427433166,18.2443427433166,18.2443427433166,0.0,0.0,0.0,2056.8984288601146
2021-01-11,2038.9110908537873,1783.8883903981964,2341.3355842680526,2038.9110908537873,2038.9110908537873,25.460760409992268,25.460760409992268,25.460760409992268,25.460760409992268,25.460760409992268,25.460760409992268,0.0,0.0,0.0,2064.3718512637797
2021-01-12,2039.1680955907764,1809.0348735376053,2350.3082215613476,2039.1680955907764,2039.1680955907764,35.38622296631134,35.38622296631134,35.38622296631134,35.38622296631134,35.38622296631134,35.38622296631134,0.0,0.0,0.0,2074.5543185570878
2022-01-01,2130.147772484833,1875.7812819401913,2445.788664002758,2130.147772484833,2130.147772484833,19.566768728549707,19.566768728549707,19.566768728549707,19.566768728549707,19.566768728549707,19.566768728549707,0.0,0.0,0.0,2149.7145412133823
2022-01-02,2130.404777221822,1882.5843059027677,2428.5227153523074,2130.404777221822,2130.404777221822,19.888591263850934,19.888591263850934,19.888591263850934,19.888591263850934,19.888591263850934,19.888591263850934,0.0,0.0,0.0,2150.293368485673
2022-01-03,2130.66178195881,1861.2708778725016,2433.269560731685,2130.66178195881,2130.66178195881,18.725151708707585,18.725151708707585,18.725151708707585,18.725151708707585,18.725151708707585,18.725151708707585,0.0,0.0,0.0,2149.3869336675175
2022-01-04,2130.918786695799,1871.3300909558818,2429.6711908814236,2130.918786695799,2130.918786695799,16.650478909313943,16.650478909313943,16.650478909313943,16.650478909313943,16.650478909313943,16.650478909313943,0.0,0.0,0.0,2147.569265605113
2022-01-05,2131.175791432788,1872.942762085473,2414.380229793919,2131.175791432788,2131.175791432788,14.25608205430386,14.25608205430386,14.25608205430386,14.25608205430386,14.25608205430386,14.25608205430386,0.0,0.0,0.0,2145.431873487092
2022-01-06,2131.4327961697772,1871.263886632638,2420.572416428695,2131.4327961697772,2131.4327961697772,12.13020802242393,12.13020802242393,12.13020802242393,12.13020802242393,12.13020802242393,12.13020802242393,0.0,0.0,0.0,2143.5630041922013
2022-01-07,2131.6898009067654,1866.2839447475635,2422.593624470746,2131.6898009067654,2131.6898009067654,10.837379272747345,10.837379272747345,10.837379272747345,10.837379272747345,10.837379272747345,10.837379272747345,0.0,0.0,0.0,2142.527180179513
2022-01-08,2131.9468056437554,1878.732116965617,2402.8873003184076,2131.9468056437554,2131.9468056437554,10.898832375690526,10.898832375690526,10.898832375690526,10.898832375690526,10.898832375690526,10.898832375690526,0.0,0.0,0.0,2142.845638019446
2022-01-09,2132.2038103807436,1871.6244274790176,2428.376938796797,2132.2038103807436,2132.2038103807436,12.774448013760546,12.774448013760546,12.774448013760546,12.774448013760546,12.774448013760546,12.774448013760546,0.0,0.0,0.0,2144.978258394504
2022-01-10,2132.4608151177326,1856.2945650913139,2420.229775510016,2132.4608151177326,2132.4608151177326,16.846716727590636,16.846716727590636,16.846716727590636,16.846716727590636,16.846716727590636,16.846716727590636,0.0,0.0,0.0,2149.3075318453234
2022-01-11,2132.717819854721,1877.5790875328921,2436.9270255634515,2132.717819854721,2132.717819854721,23.4072222481724,23.4072222481724,23.4072222481724,23.4072222481724,23.4072222481724,23.4072222481724,0.0,0.0,0.0,2156.125042102893
2022-01-12,2132.974824591711,1870.5344406349177,2456.9537374820993,2132.974824591711,2132.974824591711,32.64604780490229,32.64604780490229,32.64604780490229,32.64604780490229,32.64604780490229,32.64604780490229,0.0,0.0,0.0,2165.620872396613
2023-01-01,2223.954501485767,1955.8957977927037,2522.6480678853227,2223.954501485767,2223.954501485767,19.190294968157307,19.190294968157307,19.190294968157307,19.190294968157307,19.190294968157307,19.190294968157307,0.0,0.0,0.0,2243.1447964539243
2023-01-02,2224.2115062227567,1983.0540908925948,2540.925956273321,2224.2115062227567,2224.2115062227567,19.969123565858602,19.969123565858602,19.969123565858602,19.969123565858602,19.969123565858602,19.969123565858602,0.0,0.0,0.0,2244.1806297886155
2023-01-03,2224.468510959746,1971.3556280270561,2522.7211891330835,2224.468510959746,2224.468510959746,19.124320544691678,19.124320544691678,19.124320544691678,19.124320544691678,19.124320544691678,19.124320544691678,0.0,0.0,0.0,2243.5928315044375
2023-01-04,2224.7255156967335,1974.281185038903,2497.042075472743,2224.7255156967335,2224.7255156967335,17.222330876863992,17.222330876863992,17.222330876863992,17.222330876863992,17.222330876863992,17.222330876863992,0.0,0.0,0.0,2241.9478465735974
2023-01-05,2224.982520433724,1976.4458588181112,2526.892726413069,2224.982520433724,2224.982520433724,14.852235387140125,14.852235387140125,14.852235387140125,14.852235387140125,14.852235387140125,14.852235387140125,0.0,0.0,0.0,2239.834755820864
2023-01-06,2225.2395251707117,1964.888899479338,2525.1016871475504,2225.2395251707117,2225.2395251707117,12.605036560913726,12.605036560913726,12.605036560913726,12.605036560913726,12.605036560913726,12.605036560913726,0.0,0.0,0.0,2237.844561731625
2023-01-07,2225.496529907701,1958.5587260868808,2524.4986328247965,2225.496529907701,2225.496529907701,11.053067416266423,11.053067416266423,11.053067416266423,11.053067416266423,11.053067416266423,11.053067416266423,0.0,0.0,0.0,2236.5495973239676
2023-01-08,2225.753534644689,1949.0663813481785,2510.265651455912,2225.753534644689,2225.753534644689,10.730148036990682,10.730148036990682,10.730148036990682,10.730148036990682,10.730148036990682,10.730148036990682,0.0,0.0,0.0,2236.4836826816795
2023-01-09,2226.010539381678,1965.790286265898,2513.217562069809,2226.010539381678,2226.010539381678,12.11308957773135,12.11308957773135,12.11308957773135,12.11308957773135,12.11308957773135,12.11308957773135,0.0,0.0,0.0,2238.1236289594094
2023-01-10,2226.267544118667,1949.9653712829863,2513.2381676261566,2226.267544118667,2226.267544118667,15.60510320666619,15.60510320666619,15.60510320666619,15.60510320666619,15.60510320666619,15.60510320666619,0.0,0.0,0.0,2241.872647325333
2023-01-11,2226.524548855655,1973.8134640690332,2532.871971558845,2226.524548855655,2226.524548855655,21.521612830460526,21.521612830460526,21.521612830460526,21.521612830460526,21.521612830460526,21.521612830460526,0.0,0.0,0.0,2248.0461616861157
2023-01-12,2226.781553592645,2005.3762668432669,2530.155490076778,2226.781553592645,2226.781553592645,30.078897298764417,30.078897298764417,30.078897298764417,30.078897298764417,30.078897298764417,30.078897298764417,0.0,0.0,0.0,2256.8604508914095
2024-01-01,2317.761230486702,2057.8398980927204,2620.4521355607935,2317.761230486702,2317.761230486702,18.67931559464478,18.67931559464478,18.67931559464478,18.67931559464478,18.67931559464478,18.67931559464478,0.0,0.0,0.0,2336.440546081347
2024-01-02,2318.0182352236898,2068.4906010367995,2619.402235269953,2318.0182352236898,2318.0182352236898,19.9479689767158,19.9479689767158,19.9479689767158,19.9479689767158,19.9479689767158,19.9479689767158,0.0,0.0,0.0,2337.9662042004056
2024-01-03,2318.27523996068,2060.2585261712934,2608.02238800107,2318.27523996068,2318.27523996068,19.45730436187594,19.45730436187594,19.45730436187594,19.45730436187594,19.45730436187594,19.45730436187594,0.0,0.0,0.0,2337.7325443225564
2024-01-04,2318.532244697668,2068.6969191592757,2625.914430703878,2318.532244697668,2318.532244697668,17.764916926977772,17.764916926977772,17.764916926977772,17.764916926977772,17.764916926977772,17.764916926977772,0.0,0.0,0.0,2336.2971616246455
2024-01-05,2318.7892494346574,2064.212269495718,2605.3223144228036,2318.7892494346574,2318.7892494346574,15.456161402598532,15.456161402598532,15.456161402598532,15.456161402598532,15.456161402598532,15.456161402598532,0.0,0.0,0.0,2334.245410837256
2024-01-06,2319.0462541716465,2074.2643678474174,2610.529441510298,2319.0462541716465,2319.0462541716465,13.12350587378876,13.12350587378876,13.12350587378876,13.12350587378876,13.12350587378876,13.12350587378876,0.0,0.0,0.0,2332.1697600454354
2024-01-07,2319.3032589086356,2075.033632246435,2605.1221866103137,2319.3032589086356,2319.3032589086356,11.345850760893335,11.345850760893335,11.345850760893335,11.345850760893335,11.345850760893335,11.345850760893335,0.0,0.0,0.0,2330.649109669529
2024-01-08,2319.5602636456233,2038.6089634064895,2609.5806011248983,2319.5602636456233,2319.5602636456233,10.66844092873292,10.66844092873292,10.66844092873292,10.66844092873292,10.66844092873292,10.66844092873292,0.0,0.0,0.0,2330.228704574356
2024-01-09,2319.8172683826137,2063.834542692685,2604.936606533727,2319.8172683826137,2319.8172683826137,11.583978617995891,11.583978617995891,11.583978617995891,11.583978617995891,11.583978617995891,11.583978617995891,0.0,0.0,0.0,2331.4012470006096
2024-01-10,2320.074273119602,2065.9828033750805,2615.57647840059,2320.074273119602,2320.074273119602,14.515506833377096,14.515506833377096,14.515506833377096,14.515506833377096,14.515506833377096,14.515506833377096,0.0,0.0,0.0,2334.589779952979
2024-01-11,2320.331277856591,2050.059145396066,2586.1029867827942,2320.331277856591,2320.331277856591,19.801578127137937,19.801578127137937,19.801578127137937,19.801578127137937,19.801578127137937,19.801578127137937,0.0,0.0,0.0,2340.132855983729
2024-01-12,2320.5882825935787,2085.6412019811974,2625.9124869502857,2320.5882825935787,2320.5882825935787,27.684154012060436,27.684154012060436,27.684154012060436,27.684154012060436,27.684154012060436,27.684154012060436,0.0,0.0,0.0,2348.272436605639
2025-01-01,2411.824964224624,2167.5557625201072,2702.592887488034,2411.824964224624,2411.824964224624,19.816623079129783,19.816623079129783,19.816623079129783,19.816623079129783,19.816623079129783,19.816623079129783,0.0,0.0,0.0,2431.641587303754
2025-01-02,2412.0819689616146,2163.914224478511,2712.703830307827,2412.0819689616146,2412.0819689616146,19.71504453046082,19.71504453046082,19.71504453046082,19.71504453046082,19.71504453046082,19.71504453046082,0.0,0.0,0.0,2431.7970134920756
2025-01-03,2412.338973698603,2142.5346968907265,2700.646514482751,2412.338973698603,2412.338973698603,18.268945216188847,18.268945216188847,18.268945216188847,18.268945216188847,18.268945216188847,18.268945216188847,0.0,0.0,0.0,2430.6079189147918
2025-01-04,2412.595978435592,2142.9842001012235,2714.7506614651224,2412.595978435592,2412.595978435592,16.05866029848738,16.05866029848738,16.05866029848738,16.05866029848738,16.05866029848738,16.05866029848738,0.0,0.0,0.0,2428.654638734079
2025-01-05,2412.8529831725796,2143.0527776981794,2703.40790743015,2412.8529831725796,2412.8529831725796,13.676827820039328,13.676827820039328,13.676827820039328,13.676827820039328,13.676827820039328,13.676827820039328,0.0,0.0,0.0,2426.529810992619
2025-01-06,2413.10998790957,2154.4540149343975,2686.7957493280896,2413.10998790957,2413.10998790957,11.707657131549615,11.707657131549615,11.707657131549615,11.707657131549615,11.707657131549615,11.707657131549615,0.0,0.0,0.0,2424.8176450411197
2025-01-07,2413.366992646558,2153.490533424356,2703.762574926732,2413.366992646558,2413.366992646558,10.706634645386101,10.706634645386101,10.706634645386101,10.706634645386101,10.706634645386101,10.706634645386101,0.0,0.0,0.0,2424.0736272919444
2025-01-08,2413.6239973835472,2124.9655140757045,2699.4070683288332,2413.6239973835472,2413.6239973835472,11.181281375736347,11.181281375736347,11.181281375736347,11.181281375736347,11.181281375736347,11.181281375736347,0.0,0.0,0.0,2424.8052787592837
2025-01-09,2413.8810021205363,2148.685428165286,2704.725187450107,2413.8810021205363,2413.8810021205363,13.573543030289919,13.573543030289919,13.573543030289919,13.573543030289919,13.573543030289919,13.573543030289919,0.0,0.0,0.0,2427.454545150826
2025-01-10,2414.1380068575254,2144.3881537074503,2691.5035794420005,2414.1380068575254,2414.1380068575254,18.244342743328723,18.244342743328723,18.244342743328723,18.244342743328723,18.244342743328723,18.244342743328723,0.0,0.0,0.0,2432.382349600854
2025-01-11,2414.395011594513,2150.0019479974967,2720.0302039575986,2414.395011594513,2414.395011594513,25.460760410020907,25.460760410020907,25.460760410020907,25.460760410020907,25.460760410020907,25.460760410020907,0.0,0.0,0.0,2439.855772004534
2025-01-12,2414.6520163315035,2146.963048700767,2732.3830013496463,2414.6520163315035,2414.6520163315035,35.386222966303464,35.386222966303464,35.386222966303464,35.386222966303464,35.386222966303464,35.386222966303464,0.0,0.0,0.0,2450.038239297807
2026-01-01,2505.63169322556,2226.9528222509903,2785.636245575634,2505.63169322556,2505.63169322556,19.566768728523147,19.566768728523147,19.566768728523147,19.566768728523147,19.566768728523147,19.566768728523147,0.0,0.0,0.0,2525.198461954083
2026-01-02,2505.888697962548,2234.7490224308344,2789.794619347265,2505.888697962548,2505.888697962548,19.888591263819883,19.888591263819883,19.888591263819883,19.888591263819883,19.888591263819883,19.888591263819883,0.0,0.0,0.0,2525.777289226368
2026-01-03,2506.1457026995386,2260.2996545752853,2827.016652636936,2506.1457026995386,2506.1457026995386,18.72515170874086,18.72515170874086,18.72515170874086,18.72515170874086,18.72515170874086,18.72515170874086,0.0,0.0,0.0,2524.8708544082792
2026-01-04,2506.4027074365263,2245.8108201448576,2816.8064672893297,2506.4027074365263,2506.4027074365263,16.65047890927735,16.65047890927735,16.65047890927735,16.65047890927735,16.65047890927735,16.65047890927735,0.0,0.0,0.0,2523.0531863458036
2026-01-05,2506.6597121735153,2244.954630001536,2795.741963812648,2506.6597121735153,2506.6597121735153,14.2560820542734,14.2560820542734,14.2560820542734,14.2560820542734,14.2560820542734,14.2560820542734,0.0,0.0,0.0,2520.915794227789
2026-01-06,2506.9167169105035,2230.9260242714004,2786.12806810874,2506.9167169105035,2506.9167169105035,12.130208022433763,12.130208022433763,12.130208022433763,12.130208022433763,12.130208022433763,12.130208022433763,0.0,0.0,0.0,2519.046924932937
2026-01-07,2507.1737216474926,2243.070202026854,2811.7400302357423,2507.1737216474926,2507.1737216474926,10.837379272769667,10.837379272769667,10.837379272769667,10.837379272769667,10.837379272769667,10.837379272769667,0.0,0.0,0.0,2518.0111009202624
2026-01-08,2507.430726384483,2231.4193925815616,2774.808427243172,2507.430726384483,2507.430726384483,10.89883237571032,10.89883237571032,10.89883237571032,10.89883237571032,10.89883237571032,10.89883237571032,0.0,0.0,0.0,2518.3295587601933
2026-01-09,2507.6877311214694,2231.0072103646894,2803.0399448555854,2507.6877311214694,2507.6877311214694,12.774448013771442,12.774448013771442,12.774448013771442,12.774448013771442,12.774448013771442,12.774448013771442,0.0,0.0,0.0,2520.4621791352406
2026-01-10,2507.94473585846,2267.690497975032,2811.812492110317,2507.94473585846,2507.94473585846,16.84671672760922,16.84671672760922,16.84671672760922,16.84671672760922,16.84671672760922,16.84671672760922,0.0,0.0,0.0,2524.791452586069
2026-01-11,2508.201740595449,2245.778501243214,2824.3029395414123,2508.201740595449,2508.201740595449,23.40722224817723,23.40722224817723,23.40722224817723,23.40722224817723,23.40722224817723,23.40722224817723,0.0,0.0,0.0,2531.608962843626
2026-01-12,2508.458745332437,2281.6641275643733,2817.475835116648,2508.458745332437,2508.458745332437,32.64604780491372,32.64604780491372,32.64604780491372,32.64604780491372,32.64604780491372,32.64604780491372,0.0,0.0,0.0,2541.104793137351
2026-01-13,2508.715750069426,2264.184618330599,2841.203336911113,2508.715750069426,2508.715750069426,44.64442259675334,44.64442259675334,44.64442259675334,44.64442259675334,44.64442259675334,44.64442259675334,0.0,0.0,0.0,2553.3601726661796
2026-01-14,2508.972754806414,2276.4156637736864,2822.4135461063042,2508.972754806414,2508.972754806414,59.37082827033362,59.37082827033362,59.37082827033362,59.37082827033362,59.37082827033362,59.37082827033362,0.0,0.0,0.0,2568.3435830767476
2026-01-15,2509.2297595434034,2319.7967684718597,2854.268507301277,2509.2297595434034,2509.2297595434034,76.68068162856724,76.68068162856724,76.68068162856724,76.68068162856724,76.68068162856724,76.68068162856724,0.0,0.0,0.0,2585.9104411719704
2026-01-16,2509.4867642803933,2311.7732218641763,2894.5017336227124,2509.4867642803933,2509.4867642803933,96.31960294520023,96.31960294520023,96.31960294520023,96.31960294520023,96.31960294520023,96.31960294520023,0.0,0.0,0.0,2605.8063672255935
2026-01-17,2509.74376901738,2359.8806041552634,2915.7141847777157,2509.74376901738,2509.74376901738,117.93017231647777,117.93017231647777,117.93017231647777,117.93017231647777,117.93017231647777,117.93017231647777,0.0,0.0,0.0,2627.673941333858
2026-01-18,2510.0007737543706,2377.1135560864986,2952.4772008102705,2510.0007737543706,2510.0007737543706,141.06197257463543,141.06197257463543,141.06197257463543,141.06197257463543,141.06197257463543,141.06197257463543,0.0,0.0,0.0,2651.062746329006
2026-01-19,2510.2577784913597,2402.1014618072295,2969.392659259445,2510.2577784913597,2510.2577784913597,165.18461945661497,165.18461945661497,165.18461945661497,165.18461945661497,165.18461945661497,165.18461945661497,0.0,0.0,0.0,2675.4423979479748
2026-01-20,2510.514783228348,2451.6770401573135,2980.716535805313,2510.514783228348,2510.514783228348,189.70339081994058,189.70339081994058,189.70339081994058,189.70339081994058,189.70339081994058,189.70339081994058,0.0,0.0,0.0,2700.2181740482883
2026-01-21,2510.771787965337,2451.211690788438,2999.8165734047507,2510.771787965337,2510.771787965337,213.97698931665215,213.97698931665215,213.97698931665215,213.97698931665215,213.97698931665215,213.97698931665215,0.0,0.0,0.0,2724.748777281989
2026-01-22,2511.028792702327,2479.045106367487,3040.6106757464395,2511.028792702327,2511.028792702327,237.3369093277475,237.3369093277475,237.3369093277475,237.3369093277475,237.3369093277475,237.3369093277475,0.0,0.0,0.0,2748.3657020300743
2026-01-23,2511.2857974393137,2512.303595558788,3045.5505055144577,2511.2857974393137,2511.2857974393137,259.10783096412916,259.10783096412916,259.10783096412916,259.10783096412916,259.10783096412916,259.10783096412916,0.0,0.0,0.0,2770.393628403443
2026-01-24,2511.542802176304,2502.9750782457068,3063.3403396302274,2511.542802176304,2511.542802176304,278.62843294961806,278.62843294961806,278.62843294961806,278.62843294961806,278.62843294961806,278.62843294961806,0.0,0.0,0.0,2790.171235125922
2026-01-25,2511.799806913293,2527.320406261813,3081.7617624142176,2511.799806913293,2511.799806913293,295.27200309669985,295.27200309669985,295.27200309669985,295.27200309669985,295.27200309669985,295.27200309669985,0.0,0.0,0.0,2807.071810009993
2026-01-26,2512.0568116502814,2562.6900387260484,3090.4769499675945,2512.0568116502814,2512.0568116502814,308.46623023767233,308.46623023767233,308.46623023767233,308.46623023767233,308.46623023767233,308.46623023767233,0.0,0.0,0.0,2820.5230418879537
2026-01-27,2512.3138163872704,2535.315973442892,3125.1151236976048,2512.3138163872704,2512.3138163872704,317.7115847089197,317.7115847089197,317.7115847089197,317.7115847089197,317.7115847089197,317.7115847089197,0.0,0.0,0.0,2830.0254010961903
2026-01-28,2512.5708211242604,2555.5485683101715,3120.2231159863313,2512.5708211242604,2512.5708211242604,322.59773511422037,322.59773511422037,322.59773511422037,322.59773511422037,322.59773511422037,322.59773511422037,0.0,0.0,0.0,2835.168556238481
2026-01-29,2512.827825861247,2543.597804233566,3110.0055484118107,2512.827825861247,2512.827825861247,322.81750590600365,322.81750590600365,322.81750590600365,322.81750590600365,322.81750590600365,322.81750590600365,0.0,0.0,0.0,2835.645331767251
2026-01-30,2513.0848305982377,2570.2853532514196,3096.358002322723,2513.0848305982377,2513.0848305982377,318.1779516498801,318.1779516498801,318.1779516498801,318.1779516498801,318.1779516498801,318.1779516498801,0.0,0.0,0.0,2831.2627822481177
2026-01-31,2513.3418353352245,2552.0948344971143,3091.6947384378896,2513.3418353352245,2513.3418353352245,308.6082075887137,308.6082075887137,308.6082075887137,308.6082075887137,308.6082075887137,308.6082075887137,0.0,0.0,0.0,2821.9500429239383
2026-02-01,2513.598840072215,2527.335654863696,3085.0017466382587,2513.598840072215,2513.598840072215,294.1638698350341,294.1638698350341,294.1638698350341,294.1638698350341,294.1638698350341,294.1638698350341,0.0,0.0,0.0,2807.762709907249
2026-02-02,2513.855844809204,2513.3905822680454,3064.776168714657,2513.855844809204,2513.855844809204,275.0277594621883,275.0277594621883,275.0277594621883,275.0277594621883,275.0277594621883,275.0277594621883,0.0,0.0,0.0,2788.8836042713924
2026-02-03,2514.112849546191,2499.305700633686,3046.665037665559,2514.112849546191,2514.112849546191,251.50702998202541,251.50702998202541,251.50702998202541,251.50702998202541,251.50702998202541,251.50702998202541,0.0,0.0,0.0,2765.619879528216
2026-02-04,2514.3698542831808,2477.646531750453,3014.430648871483,2514.3698542831808,2514.3698542831808,224.026684123701,224.026684123701,224.026684123701,224.026684123701,224.026684123701,224.026684123701,0.0,0.0,0.0,2738.3965384068815
2026-02-05,2514.6268590201703,2436.7217799427385,2998.8947013172165,2514.6268590201703,2514.6268590201703,193.1196703593416,193.1196703593416,193.1196703593416,193.1196703593416,193.1196703593416,193.1196703593416,0.0,0.0,0.0,2707.7465293795117
2026-02-06,2514.883863757158,2373.656585294187,2966.5146775530675,2514.883863757158,2514.883863757158,159.41382922464277,159.41382922464277,159.41382922464277,159.41382922464277,159.41382922464277,159.41382922464277,0.0,0.0,0.0,2674.2976929818005
2026-02-07,2515.140868494147,2370.5159645765357,2903.229436665373,2515.140868494147,2515.140868494147,123.61605125233316,123.61605125233316,123.61605125233316,123.61605125233316,123.61605125233316,123.61605125233316,0.0,0.0,0.0,2638.7569197464804
2026-02-08,2515.3978732311375,2325.3421033263726,2876.9506582649487,2515.3978732311375,2515.3978732311375,86.49408961556115,86.49408961556115,86.49408961556115,86.49408961556115,86.49408961556115,86.49408961556115,0.0,0.0,0.0,2601.891962846699
2026-02-09,2515.6548779681243,2267.393582385302,2849.230400829906,2515.6548779681243,2515.6548779681243,48.85653901537955,48.85653901537955,48.85653901537955,48.85653901537955,48.85653901537955,48.85653901537955,0.0,0.0,0.0,2564.5114169835038
2026-02-10,2515.9118827051147,2252.5568265185548,2808.214409337275,2515.9118827051147,2515.9118827051147,11.53154596268213,11.53154596268213,11.53154596268213,11.53154596268213,11.53154596268213,11.53154596268213,0.0,0.0,0.0,2527.443428667797
2026-02-11,2516.168887442104,2220.8040375521755,2762.8358805453577,2516.168887442104,2516.168887442104,-24.65514715162338,-24.65514715162338,-24.65514715162338,-24.65514715162338,-24.65514715162338,-24.65514715162338,0.0,0.0,0.0,2491.5137402904807
2026-02-12,2516.4258921790915,2183.036348075152,2746.1258611708586,2516.4258921790915,2516.4258921790915,-58.90220198091225,-58.90220198091225,-58.90220198091225,-58.90220198091225,-58.90220198091225,-58.90220198091225,0.0,0.0,0.0,2457.5236901981793
2026-02-13,2516.6828969160806,2130.326223459073,2697.876567630128,2516.6828969160806,2516.6828969160806,-90.4541040977295,-90.4541040977295,-90.4541040977295,-90.4541040977295,-90.4541040977295,-90.4541040977295,0.0,0.0,0.0,2426.228792818351
2026-02-14,2516.939901653069,2099.306852318181,2680.987035444594,2516.939901653069,2516.939901653069,-118.62139496398673,-118.62139496398673,-118.62139496398673,-118.62139496398673,-118.62139496398673,-118.62139496398673,0.0,0.0,0.0,2398.318506689082
2026-02-15,2517.196906390058,2111.1593411773833,2647.215472770333,2517.196906390058,2517.196906390058,-142.79914186794366,-142.79914186794366,-142.79914186794366,-142.79914186794366,-142.79914186794366,-142.79914186794366,0.0,0.0,0.0,2374.3977645221144
2026-02-16,2517.4539111270483,2056.6047197262833,2645.4029767784314,2517.4539111270483,2517.4539111270483,-162.4831219560139,-162.4831219560139,-162.4831219560139,-162.4831219560139,-162.4831219560139,-162.4831219560139,0.0,0.0,0.0,2354.9707891710345
2026-02-17,2517.710915864035,2066.787248855219,2621.9283237466652,2517.710915864035,2517.710915864035,-177.28326180077195,-177.28326180077195,-177.28326180077195,-177.28326180077195,-177.28326180077195,-177.28326180077195,0.0,0.0,0.0,2340.427654063263
2026-02-18,2517.967920601025,2049.781240137002,2612.4274884093857,2517.967920601025,2517.967920601025,-186.93395241370217,-186.93395241370217,-186.93395241370217,-186.93395241370217,-186.93395241370217,-186.93395241370217,0.0,0.0,0.0,2331.033968187323
2026-02-19,2518.224925338014,2041.0730725424924,2602.929530046054,2518.224925338014,2518.224925338014,-191.30094892261044,-191.30094892261044,-191.30094892261044,-191.30094892261044,-191.30094892261044,-191.30094892261044,0.0,0.0,0.0,2326.9239764154036
2026-02-20,2518.4819300750023,2046.9134623727953,2618.8063797043314,2518.4819300750023,2518.4819300750023,-190.3846617164182,-190.3846617164182,-190.3846617164182,-190.3846617164182,-190.3846617164182,-190.3846617164182,0.0,0.0,0.0,2328.097268358584
2026-02-21,2518.7389348119914,2037.3135355166944,2616.1333027296987,2518.7389348119914,2518.7389348119914,-184.3197488530196,-184.3197488530196,-184.3197488530196,-184.3197488530196,-184.3197488530196,-184.3197488530196,0.0,0.0,0.0,2334.419185958972
2026-02-22,2518.995939548982,2068.668169808018,2633.9320756206707,2518.995939548982,2518.995939548982,-173.37102496233544,-173.37102496233544,-173.37102496233544,-173.37102496233544,-173.37102496233544,-173.37102496233544,0.0,0.0,0.0,2345.6249145866464
2026-02-23,2519.2529442859686,2077.3608303939845,2665.7102915687765,2519.2529442859686,2519.2529442859686,-157.92580669376665,-157.92580669376665,-157.92580669376665,-157.92580669376665,-157.92580669376665,-157.92580669376665,0.0,0.0,0.0,2361.327137592202
2026-02-24,2519.5099490229586,2093.029514212731,2693.8474865483718,2519.5099490229586,2519.5099490229586,-138.48291593502185,-138.48291593502185,-138.48291593502185,-138.48291593502185,-138.48291593502185,-138.48291593502185,0.0,0.0,0.0,2381.0270330879366
2026-02-25,2519.766953759948,2121.7135292739554,2667.8115734190665,2519.766953759948,2519.766953759948,-115.63865664842929,-115.63865664842929,-115.63865664842929,-115.63865664842929,-115.63865664842929,-115.63865664842929,0.0,0.0,0.0,2404.128297111519
2026-02-26,2520.023958496936,2147.1669153472253,2726.791726731536,2520.023958496936,2520.023958496936,-90.07016652003479,-90.07016652003479,-90.07016652003479,-90.07016652003479,-90.07016652003479,-90.07016652003479,0.0,0.0,0.0,2429.953791976901
2026-02-27,2520.280963233925,2189.0111671360505,2732.5439458948745,2520.280963233925,2520.280963233925,-62.51661824551373,-62.51661824551373,-62.51661824551373,-62.51661824551373,-62.51661824551373,-62.51661824551373,0.0,0.0,0.0,2457.7643449884113
2026-02-28,2520.5379679709154,2209.7113384125173,2759.5715867038316,2520.5379679709154,2520.5379679709154,-33.75880509666668,-33.75880509666668,-33.75880509666668,-33.75880509666668,-33.75880509666668,-33.75880509666668,0.0,0.0,0.0,2486.779162874249
2026-03-01,2520.794972707902,2241.55373127526,2784.370128793108,2520.794972707902,2520.794972707902,-4.597689729049358,-4.597689729049358,-4.597689729049358,-4.597689729049358,-4.597689729049358,-4.597689729049358,0.0,0.0,0.0,2516.197282978853
2026-03-02,2521.0519774448926,2269.741089280511,2838.203147288967,2521.0519774448926,2521.0519774448926,24.167477235553314,24.167477235553314,24.167477235553314,24.167477235553314,24.167477235553314,24.167477235553314,0.0,0.0,0.0,2545.219454680446
2026-03-03,2521.308982181879,2288.516243743864,2857.3688604678605,2521.308982181879,2521.308982181879,51.76085222650671,51.76085222650671,51.76085222650671,51.76085222650671,51.76085222650671,51.76085222650671,0.0,0.0,0.0,2573.0698344083858
2026-03-04,2521.5659869188685,2318.3928536613207,2879.6420826180506,2521.5659869188685,2521.5659869188685,77.45089835903718,77.45089835903718,77.45089835903718,77.45089835903718,77.45089835903718,77.45089835903718,0.0,0.0,0.0,2599.0168852779057
2026-03-05,2521.8229916558585,2348.178818542543,2891.3669452070753,2521.8229916558585,2521.8229916558585,100.56990578947371,100.56990578947371,100.56990578947371,100.56990578947371,100.56990578947371,100.56990578947371,0.0,0.0,0.0,2622.392897445332
2026-03-06,2522.0799963928453,2370.113020802118,2922.3193675771145,2522.0799963928453,2522.0799963928453,120.53159065612232,120.53159065612232,120.53159065612232,120.53159065612232,120.53159065612232,120.53159065612232,0.0,0.0,0.0,2642.6115870489675
2026-03-07,2522.3370011298357,2395.9947885074066,2925.6813781633327,2522.3370011298357,2522.3370011298357,136.84628763634947,136.84628763634947,136.84628763634947,136.84628763634947,136.84628763634947,136.84628763634947,0.0,0.0,0.0,2659.1832887661853
2026-03-08,2522.594005866825,2406.87973613539,2951.2652471642086,2522.594005866825,2522.594005866825,149.13332201979995,149.13332201979995,149.13332201979995,149.13332201979995,149.13332201979995,149.13332201979995,0.0,0.0,0.0,2671.7273278866246
2026-03-09,2522.851010603813,2402.421597705612,2953.0136591728774,2522.851010603813,2522.851010603813,157.13022967031108,157.13022967031108,157.13022967031108,157.13022967031108,157.13022967031108,157.13022967031108,0.0,0.0,0.0,2679.981240274124
2026-03-10,2523.108015340802,2420.764391966148,2967.5030091069675,2523.108015340802,2523.108015340802,160.6985849031986,160.6985849031986,160.6985849031986,160.6985849031986,160.6985849031986,160.6985849031986,0.0,0.0,0.0,2683.8066002440005
2026-03-11,2523.365020077792,2400.8541164759595,2996.9290861405248,2523.365020077792,2523.365020077792,159.8262944467131,159.8262944467131,159.8262944467131,159.8262944467131,159.8262944467131,159.8262944467131,0.0,0.0,0.0,2683.1913145245053
2026-03-12,2523.622024814779,2409.9958477663095,2962.722089352064,2523.622024814779,2523.622024814779,154.62631743255355,154.62631743255355,154.62631743255355,154.62631743255355,154.62631743255355,154.62631743255355,0.0,0.0,0.0,2678.2483422473324
2026-03-13,2523.8790295517692,2395.975004768038,2946.1602649072925,2523.8790295517692,2523.8790295517692,145.33187380215995,145.33187380215995,145.33187380215995,145.33187380215995,145.33187380215995,145.33187380215995,0.0,0.0,0.0,2669.210903353929
2026-03-14,2524.1360342887583,2399.0274575007443,2924.7453866398737,2524.1360342887583,2524.1360342887583,132.28830366223642,132.28830366223642,132.28830366223642,132.28830366223642,132.28830366223642,132.28830366223642,0.0,0.0,0.0,2656.424337950995
2026-03-15,2524.3930390257465,2376.278410906744,2926.653049121391,2524.3930390257465,2524.3930390257465,115.94183508051941,115.94183508051941,115.94183508051941,115.94183508051941,115.94183508051941,115.94183508051941,0.0,0.0,0.0,2640.334874106266
2026-03-16,2524.6500437627355,2329.5994716286164,2910.3712022421737,2524.6500437627355,2524.6500437627355,96.8256048560914,96.8256048560914,96.8256048560914,96.8256048560914,96.8256048560914,96.8256048560914,0.0,0.0,0.0,2621.475648618827
2026-03-17,2524.9070484997255,2321.587362340792,2868.5545560932947,2524.9070484997255,2524.9070484997255,75.54335343985154,75.54335343985154,75.54335343985154,75.54335343985154,75.54335343985154,75.54335343985154,0.0,0.0,0.0,2600.450401939577
2026-03-18,2525.1640532367123,2311.8239148539697,2863.1513909804758,2525.1640532367123,2525.1640532367123,52.75127924489291,52.75127924489291,52.75127924489291,52.75127924489291,52.75127924489291,52.75127924489291,0.0,0.0,0.0,2577.915332481605
2026-03-19,2525.421057973703,2275.918141110224,2837.0878824616157,2525.421057973703,2525.421057973703,29.138587277383976,29.138587277383976,29.138587277383976,29.138587277383976,29.138587277383976,29.138587277383976,0.0,0.0,0.0,2554.5596452510867
2026-03-20,2525.6780627106896,2241.745413242422,2816.279207997965,2525.6780627106896,2525.6780627106896,5.4073009585552985,5.4073009585552985,5.4073009585552985,5.4073009585552985,5.4073009585552985,5.4073009585552985,0.0,0.0,0.0,2531.085363669245
2026-03-21,2525.93506744768,2235.7918923300285,2787.2320473459886,2525.93506744768,2525.93506744768,-17.748076706392478,-17.748076706392478,-17.748076706392478,-17.748076706392478,-17.748076706392478,-17.748076706392478,0.0,0.0,0.0,2508.1869907412874
2026-03-22,2526.192072184669,2207.3198365512276,2767.531707334472,2526.192072184669,2526.192072184669,-39.660466252893585,-39.660466252893585,-39.660466252893585,-39.660466252893585,-39.660466252893585,-39.660466252893585,0.0,0.0,0.0,2486.5316059317756
2026-03-23,2526.449076921657,2177.2273608077794,2749.1895516258824,2526.449076921657,2526.449076921657,-59.70910959997981,-59.70910959997981,-59.70910959997981,-59.70910959997981,-59.70910959997981,-59.70910959997981,0.0,0.0,0.0,2466.739967321677
2026-03-24,2526.706081658646,2174.5589138670466,2734.251006648153,2526.706081658646,2526.706081658646,-77.33692625195843,-77.33692625195843,-77.33692625195843,-77.33692625195843,-77.33692625195843,-77.33692625195843,0.0,0.0,0.0,2449.3691554066872
2026-03-25,2526.9630863956363,2161.395340045717,2712.7502486117437,2526.9630863956363,2526.9630863956363,-92.06584007506464,-92.06584007506464,-92.06584007506464,-92.06584007506464,-92.06584007506464,-92.06584007506464,0.0,0.0,0.0,2434.897246320572
2026-03-26,2527.220091132623,2156.207819376569,2702.7761722201444,2527.220091132623,2527.220091132623,-103.50965131733048,-103.50965131733048,-103.50965131733048,-103.50965131733048,-103.50965131733048,-103.50965131733048,0.0,0.0,0.0,2423.710439815293
2026-03-27,2527.4770958696135,2159.4433887344526,2696.5181441550985,2527.4770958696135,2527.4770958696135,-111.38410297031263,-111.38410297031263,-111.38410297031263,-111.38410297031263,-111.38410297031263,-111.38410297031263,0.0,0.0,0.0,2416.092992899301
2026-03-28,2527.7341006066026,2140.705965704888,2678.265104522866,2527.7341006066026,2527.7341006066026,-115.51387474242172,-115.51387474242172,-115.51387474242172,-115.51387474242172,-115.51387474242172,-115.51387474242172,0.0,0.0,0.0,2412.220225864181
2026-03-29,2527.9911053435903,2138.4026664631274,2704.4679631820177,2527.9911053435903,2527.9911053435903,-115.83632931824499,-115.83632931824499,-115.83632931824499,-115.83632931824499,-115.83632931824499,-115.83632931824499,0.0,0.0,0.0,2412.154776025345
2026-03-30,2528.24811008058,2138.4645444248504,2680.412738795304,2528.24811008058,2528.24811008058,-112.40193150350831,-112.40193150350831,-112.40193150350831,-112.40193150350831,-112.40193150350831,-112.40193150350831,0.0,0.0,0.0,2415.8461785770714
2026-03-31,2528.505114817569,2140.5327108758756,2709.763294809443,2528.505114817569,2528.505114817569,-105.37135847731138,-105.37135847731138,-105.37135847731138,-105.37135847731138,-105.37135847731138,-105.37135847731138,0.0,0.0,0.0,2423.1337563402576
2026-04-01,2528.7621195545566,2160.852588510482,2711.6688304220334,2528.7621195545566,2528.7621195545566,-95.00941581990399,-95.00941581990399,-95.00941581990399,-95.00941581990399,-95.00941581990399,-95.00941581990399,0.0,0.0,0.0,2433.7527037346526
2026-04-02,2529.0191242915457,2161.459078721151,2722.2522053527878,2529.0191242915457,2529.0191242915457,-81.6759664443645,-81.6759664443645,-81.6759664443645,-81.6759664443645,-81.6759664443645,-81.6759664443645,0.0,0.0,0.0,2447.3431578471814
2026-04-03,2529.276129028536,2196.2239768568475,2754.072711861801,2529.276129028536,2529.276129028536,-65.81416534646443,-65.81416534646443,-65.81416534646443,-65.81416534646443,-65.81416534646443,-65.81416534646443,0.0,0.0,0.0,2463.4619636820717
2026-04-04,2529.533133765523,2203.725291809032,2746.560907253237,2529.533133765523,2529.533133765523,-47.93636972081312,-47.93636972081312,-47.93636972081312,-47.93636972081312,-47.93636972081312,-47.93636972081312,0.0,0.0,0.0,2481.5967640447097
2026-04-05,2529.7901385025134,2245.016820115677,2769.3808993175785,2529.7901385025134,2529.7901385025134,-28.608159279133403,-28.608159279133403,-28.608159279133403,-28.608159279133403,-28.608159279133403,-28.608159279133403,0.0,0.0,0.0,2501.18197922338
2026-04-06,2530.0471432395,2245.1198593125,2808.0940149209896,2530.0471432395,2530.0471432395,-8.430953695974834,-8.430953695974834,-8.430953695974834,-8.430953695974834,-8.430953695974834,-8.430953695974834,0.0,0.0,0.0,2521.6161895435253
2026-04-07,2530.30414797649,2246.4468675454186,2786.53897244999,2530.30414797649,2530.30414797649,11.976248460402502,11.976248460402502,11.976248460402502,11.976248460402502,11.976248460402502,11.976248460402502,0.0,0.0,0.0,2542.2803964368927
2026-04-08,2530.5611527134793,2273.5765206884494,2826.7369426358214,2530.5611527134793,2530.5611527134793,31.99546317918585,31.99546317918585,31.99546317918585,31.99546317918585,31.99546317918585,31.99546317918585,0.0,0.0,0.0,2562.556615892665
2026-04-09,2530.8181574504674,2310.0210272562194,2868.1114495803504,2530.8181574504674,2530.8181574504674,51.028095165935945,51.028095165935945,51.028095165935945,51.028095165935945,51.028095165935945,51.028095165935945,0.0,0.0,0.0,2581.8462526164035
2026-04-10,2531.0751621874565,2319.636117949784,2885.6435534728466,2531.0751621874565,2531.0751621874565,68.51255176680766,68.51255176680766,68.51255176680766,68.51255176680766,68.51255176680766,68.51255176680766,0.0,0.0,0.0,2599.587713954264
2026-04-11,2531.332166924447,2346.444967416016,2891.7582282724625,2531.332166924447,2531.332166924447,83.9405823326259,83.9405823326259,83.9405823326259,83.9405823326259,83.9405823326259,83.9405823326259,0.0,0.0,0.0,2615.272749257073
2026-04-12,2531.5891716614337,2352.594796532813,2915.3048449958396,2531.5891716614337,2531.5891716614337,96.87187030692145,96.87187030692145,96.87187030692145,96.87187030692145,96.87187030692145,96.87187030692145,0.0,0.0,0.0,2628.4610419683554
2026-04-13,2531.8461763984237,2366.8865083875735,2919.3877328484687,2531.8461763984237,2531.8461763984237,106.9464606205395,106.9464606205395,106.9464606205395,106.9464606205395,106.9464606205395,106.9464606205395,0.0,0.0,0.0,2638.7926370189634
2026-04-14,2532.1031811354133,2361.7209387028593,2934.378036320162,2532.1031811354133,2532.1031811354133,113.89467223998625,113.89467223998625,113.89467223998625,113.89467223998625,113.89467223998625,113.89467223998625,0.0,0.0,0.0,2645.9978533753997
2026-04-15,2532.360185872401,2366.138302984932,2912.5778046319524,2532.360185872401,2532.360185872401,117.54422289655098,117.54422289655098,117.54422289655098,117.54422289655098,117.54422289655098,117.54422289655098,0.0,0.0,0.0,2649.9044087689517
2026-04-16,2532.61719060939,2380.9382885077252,2928.0411423113114,2532.61719060939,2532.61719060939,117.82437777513148,117.82437777513148,117.82437777513148,117.82437777513148,117.82437777513148,117.82437777513148,0.0,0.0,0.0,2650.4415683845214
2026-04-17,2532.8741953463805,2368.6131033651236,2917.30401253533,2532.8741953463805,2532.8741953463805,114.76702371509978,114.76702371509978,114.76702371509978,114.76702371509978,114.76702371509978,114.76702371509978,0.0,0.0,0.0,2647.64121906148
2026-04-18,2533.1312000833673,2377.425410092603,2901.3811866503042,2533.1312000833673,2533.1312000833673,108.50466257825676,108.50466257825676,108.50466257825676,108.50466257825676,108.50466257825676,108.50466257825676,0.0,0.0,0.0,2641.635862661624
2026-04-19,2533.3882048203573,2353.4574807499903,2907.025846336922,2533.3882048203573,2533.3882048203573,99.26540913420206,99.26540913420206,99.26540913420206,99.26540913420206,99.26540913420206,99.26540913420206,0.0,0.0,0.0,2632.653613954559
2026-04-20,2533.645209557347,2339.1654102689613,2890.977372028745,2533.645209557347,2533.645209557347,87.36516737627335,87.36516737627335,87.36516737627335,87.36516737627335,87.36516737627335,87.36516737627335,0.0,0.0,0.0,2621.01037693362
2026-04-21,2533.9022142943345,2327.507712104359,2873.512882516123,2533.9022142943345,2533.9022142943345,73.19724200565005,73.19724200565005,73.19724200565005,73.19724200565005,73.19724200565005,73.19724200565005,0.0,0.0,0.0,2607.0994562999845
2026-04-22,2534.1592190313236,2316.538050976504,2872.9969333065046,2534.1592190313236,2534.1592190313236,57.219716476071234,57.219716476071234,57.219716476071234,57.219716476071234,57.219716476071234,57.219716476071234,0.0,0.0,0.0,2591.378935507395
2026-04-23,2534.4162237683117,2274.352726068033,2862.3179266123275,2534.4162237683117,2534.4162237683117,39.94099330658965,39.94099330658965,39.94099330658965,39.94099330658965,39.94099330658965,39.94099330658965,0.0,0.0,0.0,2574.357217074901
2026-04-24,2534.673228505301,2274.959549287832,2851.316993918549,2534.673228505301,2534.673228505301,21.90394448769126,21.90394448769126,21.90394448769126,21.90394448769126,21.90394448769126,21.90394448769126,0.0,0.0,0.0,2556.577172992992
2026-04-25,2534.9302332422913,2263.6096325491662,2814.8796250513324,2534.9302332422913,2534.9302332422913,3.669158238497805,3.669158238497805,3.669158238497805,3.669158238497805,3.669158238497805,3.669158238497805,0.0,0.0,0.0,2538.599391480789
2026-04-26,2535.187237979278,2247.231964615399,2809.0209682382697,2535.187237979278,2535.187237979278,-14.20220793531282,-14.20220793531282,-14.20220793531282,-14.20220793531282,-14.20220793531282,-14.20220793531282,0.0,0.0,0.0,2520.9850300439653
2026-04-27,2535.444242716268,2216.7751257157306,2767.0971374087417,2535.444242716268,2535.444242716268,-31.1654496287875,-31.1654496287875,-31.1654496287875,-31.1654496287875,-31.1654496287875,-31.1654496287875,0.0,0.0,0.0,2504.2787930874806
2026-04-28,2535.701247453257,2205.555818876305,2757.2449586036855,2535.701247453257,2535.701247453257,-46.70870234188134,-46.70870234188134,-46.70870234188134,-46.70870234188134,-46.70870234188134,-46.70870234188134,0.0,0.0,0.0,2488.992545111376
2026-04-29,2535.9582521902453,2217.7840327607914,2742.8736315462897,2535.9582521902453,2535.9582521902453,-60.368204147132666,-60.368204147132666,-60.368204147132666,-60.368204147132666,-60.368204147132666,-60.368204147132666,0.0,0.0,0.0,2475.590048043113
2026-04-30,2536.2152569272343,2186.0853164566097,2748.676705358337,2536.2152569272343,2536.2152569272343,-71.74198262792409,-71.74198262792409,-71.74198262792409,-71.74198262792409,-71.74198262792409,-71.74198262792409,0.0,0.0,0.0,2464.47327429931
2026-05-01,2536.4722616642234,2204.1861150352333,2753.3758403484426,2536.4722616642234,2536.4722616642234,-80.50156476122764,-80.50156476122764,-80.50156476122764,-80.50156476122764,-80.50156476122764,-80.50156476122764,0.0,0.0,0.0,2455.9706969029958
2026-05-02,2536.7292664012116,2176.0161518590103,2721.4429739662714,2536.7292664012116,2536.7292664012116,-86.40137043054959,-86.40137043054959,-86.40137043054959,-86.40137043054959,-86.40137043054959,-86.40137043054959,0.0,0.0,0.0,2450.327895970662
2026-05-03,2536.9862711382007,2158.6807672259883,2713.365467222344,2536.9862711382007,2536.9862711382007,-89.28552207502523,-89.28552207502523,-89.28552207502523,-89.28552207502523,-89.28552207502523,-89.28552207502523,0.0,0.0,0.0,2447.7007490631754
2026-05-04,2537.2432758751906,2173.3868792162175,2729.960504234532,2537.2432758751906,2537.2432758751906,-89.09188243388127,-89.09188243388127,-89.09188243388127,-89.09188243388127,-89.09188243388127,-89.09188243388127,0.0,0.0,0.0,2448.151393441309
2026-05-05,2537.5002806121774,2164.5459931784185,2723.4939428624225,2537.5002806121774,2537.5002806121774,-85.85321699131836,-85.85321699131836,-85.85321699131836,-85.85321699131836,-85.85321699131836,-85.85321699131836,0.0,0.0,0.0,2451.647063620859
2026-05-06,2537.757285349168,2173.421923042804,2748.7912989564243,2537.757285349168,2537.757285349168,-79.69546501910244,-79.69546501910244,-79.69546501910244,-79.69546501910244,-79.69546501910244,-79.69546501910244,0.0,0.0,0.0,2458.0618203300655
2026-05-07,2538.0142900861547,2176.773916042734,2754.494540476159,2538.0142900861547,2538.0142900861547,-70.8331904134001,-70.8331904134001,-70.8331904134001,-70.8331904134001,-70.8331904134001,-70.8331904134001,0.0,0.0,0.0,2467.1810996727545
2026-05-08,2538.271294823145,2212.191923776764,2759.21298430445,2538.271294823145,2538.271294823145,-59.56236820930697,-59.56236820930697,-59.56236820930697,-59.56236820930697,-59.56236820930697,-59.56236820930697,0.0,0.0,0.0,2478.7089266138382
2026-05-09,2538.528299560134,2224.1453918436937,2755.695030858199,2538.528299560134,2538.528299560134,-46.25074220986952,-46.25074220986952,-46.25074220986952,-46.25074220986952,-46.25074220986952,-46.25074220986952,0.0,0.0,0.0,2492.2775573502645
2026-05-10,2538.785304297122,2218.267343286479,2780.519848200327,2538.785304297122,2538.785304297122,-31.32606120785923,-31.32606120785923,-31.32606120785923,-31.32606120785923,-31.32606120785923,-31.32606120785923,0.0,0.0,0.0,2507.4592430892626
2026-05-11,2539.042309034111,2233.401006928957,2789.857043713052,2539.042309034111,2539.042309034111,-15.262563689377131,-15.262563689377131,-15.262563689377131,-15.262563689377131,-15.262563689377131,-15.262563689377131,0.0,0.0,0.0,2523.779745344734
2026-05-12,2539.2993137711014,2263.1073403257037,2796.3241224365365,2539.2993137711014,2539.2993137711014,1.4338681465674987,1.4338681465674987,1.4338681465674987,1.4338681465674987,1.4338681465674987,1.4338681465674987,0.0,0.0,0.0,2540.733181917669
2026-05-13,2539.556318508088,2301.3335342246487,2848.7755461561305,2539.556318508088,2539.556318508088,18.24142622708142,18.24142622708142,18.24142622708142,18.24142622708142,18.24142622708142,18.24142622708142,0.0,0.0,0.0,2557.7977447351695
2026-05-14,2539.8133232450787,2283.162757454705,2848.876911164412,2539.8133232450787,2539.8133232450787,34.63848351412999,34.63848351412999,34.63848351412999,34.63848351412999,34.63848351412999,34.63848351412999,0.0,0.0,0.0,2574.4518067592085
2026-05-15,2540.0703279820677,2320.96263004944,2855.880731590261,2540.0703279820677,2540.0703279820677,50.11959792753839,50.11959792753839,50.11959792753839,50.11959792753839,50.11959792753839,50.11959792753839,0.0,0.0,0.0,2590.1899259096062
2026-05-16,2540.3273327190554,2321.201704604132,2880.6075631737945,2540.3273327190554,2540.3273327190554,64.21092687033655,64.21092687033655,64.21092687033655,64.21092687033655,64.21092687033655,64.21092687033655,0.0,0.0,0.0,2604.538259589392
2026-05-17,2540.584337456045,2344.9302936633344,2895.5957015077483,2540.584337456045,2540.584337456045,76.48458626356214,76.48458626356214,76.48458626356214,76.48458626356214,76.48458626356214,76.48458626356214,0.0,0.0,0.0,2617.068923719607
2026-05-18,2540.841342193035,2354.947735948877,2910.8118223083916,2540.841342193035,2540.841342193035,86.57152232456386,86.57152232456386,86.57152232456386,86.57152232456386,86.57152232456386,86.57152232456386,0.0,0.0,0.0,2627.412864517599
2026-05-19,2541.0983469300218,2352.455790482593,2920.826435989646,2541.0983469300218,2541.0983469300218,94.17251155427682,94.17251155427682,94.17251155427682,94.17251155427682,94.17251155427682,94.17251155427682,0.0,0.0,0.0,2635.2708584842985
2026-05-20,2541.355351667012,2350.0609621013227,2942.141316164433,2541.355351667012,2541.355351667012,99.06696307033391,99.06696307033391,99.06696307033391,99.06696307033391,99.06696307033391,99.06696307033391,0.0,0.0,0.0,2640.422314737346
2026-05-21,2541.6123564040013,2367.1418277125017,2927.783431997076,2541.6123564040013,2541.6123564040013,101.11926571085827,101.11926571085827,101.11926571085827,101.11926571085827,101.11926571085827,101.11926571085827,0.0,0.0,0.0,2642.7316221148594
2026-05-22,2541.8693611409894,2386.98488029012,2928.6863795131785,2541.8693611409894,2541.8693611409894,100.2824981389459,100.2824981389459,100.2824981389459,100.2824981389459,100.2824981389459,100.2824981389459,0.0,0.0,0.0,2642.1518592799353
2026-05-23,2542.1263658779785,2362.3004970694697,2927.3853275533465,2542.1263658779785,2542.1263658779785,96.5994011840456,96.5994011840456,96.5994011840456,96.5994011840456,96.5994011840456,96.5994011840456,0.0,0.0,0.0,2638.7257670620243
2026-05-24,2542.383370614966,2344.6612692110225,2913.0808460620146,2542.383370614966,2542.383370614966,90.20059539471993,90.20059539471993,90.20059539471993,90.20059539471993,90.20059539471993,90.20059539471993,0.0,0.0,0.0,2632.5839660096863
2026-05-25,2542.6403753519553,2324.6013237679686,2914.567337953748,2542.6403753519553,2542.6403753519553,81.30011070445973,81.30011070445973,81.30011070445973,81.30011070445973,81.30011070445973,81.30011070445973,0.0,0.0,0.0,2623.940486056415
2026-05-26,2542.8973800889457,2347.68664647696,2907.265530418939,2542.8973800889457,2542.8973800889457,70.18837669067622,70.18837669067622,70.18837669067622,70.18837669067622,70.18837669067622,70.18837669067622,0.0,0.0,0.0,2613.085756779622
2026-05-27,2543.1543848259325,2322.178969121665,2862.9974917021154,2543.1543848259325,2543.1543848259325,57.222898672796155,57.222898672796155,57.222898672796155,57.222898672796155,57.222898672796155,57.222898672796155,0.0,0.0,0.0,2600.3772834987285
2026-05-28,2543.4113895629216,2313.382065530545,2882.9225589818325,2543.4113895629216,2543.4113895629216,42.81691454414369,42.81691454414369,42.81691454414369,42.81691454414369,42.81691454414369,42.81691454414369,0.0,0.0,0.0,2586.2283041070655
2026-05-29,2543.668394299912,2295.078976299565,2841.634788675852,2543.668394299912,2543.668394299912,27.42638767485578,27.42638767485578,27.42638767485578,27.42638767485578,27.42638767485578,27.42638767485578,0.0,0.0,0.0,2571.094781974768
2026-05-30,2543.925399036899,2274.9201277283582,2820.5858222386178,2543.925399036899,2543.925399036899,11.535740659326175,11.535740659326175,11.535740659326175,11.535740659326175,11.535740659326175,11.535740659326175,0.0,0.0,0.0,2555.461139696225
2026-05-31,2544.182403773889,2266.127982878229,2817.7192776368456,2544.182403773889,2544.182403773889,-4.357228355337782,-4.357228355337782,-4.357228355337782,-4.357228355337782,-4.357228355337782,-4.357228355337782,0.0,0.0,0.0,2539.825175418551
2026-06-01,2544.4394085108784,2245.369269655705,2822.4381958513754,2544.4394085108784,2544.4394085108784,-19.7567816121402,-19.7567816121402,-19.7567816121402,-19.7567816121402,-19.7567816121402,-19.7567816121402,0.0,0.0,0.0,2524.6826268987384
2026-06-02,2544.696413247866,2236.649362894739,2782.398785078214,2544.696413247866,2544.696413247866,-34.18455562638001,-34.18455562638001,-34.18455562638001,-34.18455562638001,-34.18455562638001,-34.18455562638001,0.0,0.0,0.0,2510.511857621486
2026-06-03,2544.953417984855,2215.7755938434475,2761.0771224251007,2544.953417984855,2544.953417984855,-47.19428395638319,-47.19428395638319,-47.19428395638319,-47.19428395638319,-47.19428395638319,-47.19428395638319,0.0,0.0,0.0,2497.759134028472
2026-06-04,2545.2104227218456,2222.5009520213016,2746.6381673031437,2545.2104227218456,2545.2104227218456,-58.385479351122,-58.385479351122,-58.385479351122,-58.385479351122,-58.385479351122,-58.385479351122,0.0,0.0,0.0,2486.8249433707238
2026-06-05,2545.4674274588324,2202.523715961036,2753.5851284338887,2545.4674274588324,2545.4674274588324,-67.41565894189421,-67.41565894189421,-67.41565894189421,-67.41565894189421,-67.41565894189421,-67.41565894189421,0.0,0.0,0.0,2478.051768516938
2026-06-06,2545.7244321958224,2192.6899340163386,2768.8788608612494,2545.7244321958224,2545.7244321958224,-74.01074191018195,-74.01074191018195,-74.01074191018195,-74.01074191018195,-74.01074191018195,-74.01074191018195,0.0,0.0,0.0,2471.7136902856405
2026-06-07,2545.981436932812,2159.8025462987293,2729.4199121148013,2545.981436932812,2545.981436932812,-77.97330599899068,-77.97330599899068,-77.97330599899068,-77.97330599899068,-77.97330599899068,-77.97330599899068,0.0,0.0,0.0,2468.008130933821
2026-06-08,2546.2384416697996,2185.995058708668,2739.085605350808,2546.2384416697996,2546.2384416697996,-79.1884555842128,-79.1884555842128,-79.1884555842128,-79.1884555842128,-79.1884555842128,-79.1884555842128,0.0,0.0,0.0,2467.0499860855866
2026-06-09,2546.4954464067887,2191.595999239385,2725.843753120316,2546.4954464067887,2546.4954464067887,-77.62712774660085,-77.62712774660085,-77.62712774660085,-77.62712774660085,-77.62712774660085,-77.62712774660085,0.0,0.0,0.0,2468.868318660188
2026-06-10,2546.752451143777,2200.0905577592084,2752.1979292472456,2546.752451143777,2546.752451143777,-73.34674162685705,-73.34674162685705,-73.34674162685705,-73.34674162685705,-73.34674162685705,-73.34674162685705,0.0,0.0,0.0,2473.4057095169196
2026-06-11,2547.009455880766,2175.9228914813207,2767.202704295385,2547.009455880766,2547.009455880766,-66.48917789907557,-66.48917789907557,-66.48917789907557,-66.48917789907557,-66.48917789907557,-66.48917789907557,0.0,0.0,0.0,2480.5202779816905
2026-06-12,2547.2664606177564,2202.926632152674,2785.070227540912,2547.2664606177564,2547.2664606177564,-57.27615697536268,-57.27615697536268,-57.27615697536268,-57.27615697536268,-57.27615697536268,-57.27615697536268,0.0,0.0,0.0,2489.990303642394
2026-06-13,2547.523465354743,2223.1686056633826,2763.3804739504417,2547.523465354743,2547.523465354743,-46.00216406803651,-46.00216406803651,-46.00216406803651,-46.00216406803651,-46.00216406803651,-46.00216406803651,0.0,0.0,0.0,2501.5213012867066
2026-06-14,2547.780470091733,2223.146497147441,2808.483115086466,2547.780470091733,2547.780470091733,-33.025144072765585,-33.025144072765585,-33.025144072765585,-33.025144072765585,-33.025144072765585,-33.025144072765585,0.0,0.0,0.0,2514.7553260189675
2026-06-15,2548.037474828722,2250.61513242143,2818.4153797487593,2548.037474828722,2548.037474828722,-18.755257124600273,-18.755257124600273,-18.755257124600273,-18.755257124600273,-18.755257124600273,-18.755257124600273,0.0,0.0,0.0,2529.282217704122
2026-06-16,2548.2944795657104,2272.911643112286,2799.3525927118235,2548.2944795657104,2548.2944795657104,-3.6420445662320198,-3.6420445662320198,-3.6420445662320198,-3.6420445662320198,-3.6420445662320198,-3.6420445662320198,0.0,0.0,0.0,2544.6524349994784
2026-06-17,2548.5514843026995,2274.7636050527,2832.627854320849,2548.5514843026995,2548.5514843026995,11.839596827046154,11.839596827046154,11.839596827046154,11.839596827046154,11.839596827046154,11.839596827046154,0.0,0.0,0.0,2560.3910811297455
2026-06-18,2548.80848903969,2305.0566175411886,2882.4294217176925,2548.80848903969,2548.80848903969,27.204198642598268,27.204198642598268,27.204198642598268,27.204198642598268,27.204198642598268,27.204198642598268,0.0,0.0,0.0,2576.0126876822883
2026-06-19,2549.0654937766767,2319.562021516233,2884.0825479427585,2549.0654937766767,2549.0654937766767,41.97080635340302,41.97080635340302,41.97080635340302,41.97080635340302,41.97080635340302,41.97080635340302,0.0,0.0,0.0,2591.03630013008
2026-06-20,2549.3224985136667,2333.02234807056,2865.416361335757,2549.3224985136667,2549.3224985136667,55.6779016784841,55.6779016784841,55.6779016784841,55.6779016784841,55.6779016784841,55.6779016784841,0.0,0.0,0.0,2605.0004001921507
2026-06-21,2549.5795032506558,2325.783829075442,2901.9717562634187,2549.5795032506558,2549.5795032506558,67.89770251829616,67.89770251829616,67.89770251829616,67.89770251829616,67.89770251829616,67.89770251829616,0.0,0.0,0.0,2617.477205768952
2026-06-22,2549.836507987644,2349.1877401734464,2895.7148560442793,2549.836507987644,2549.836507987644,78.24940085855104,78.24940085855104,78.24940085855104,78.24940085855104,78.24940085855104,78.24940085855104,0.0,0.0,0.0,2628.085908846195
2026-06-23,2550.093512724633,2340.9749188270266,2902.843191052974,2550.093512724633,2550.093512724633,86.41093211800464,86.41093211800464,86.41093211800464,86.41093211800464,86.41093211800464,86.41093211800464,0.0,0.0,0.0,2636.5044448426374
2026-06-24,2550.3505174616234,2367.390798231107,2900.1194131859243,2550.3505174616234,2550.3505174616234,92.12891489415294,92.12891489415294,92.12891489415294,92.12891489415294,92.12891489415294,92.12891489415294,0.0,0.0,0.0,2642.479432355776
2026-06-25,2550.6075221986102,2379.0237468186388,2912.6182798965287,2550.6075221986102,2550.6075221986102,95.22645654436884,95.22645654436884,95.22645654436884,95.22645654436884,95.22645654436884,95.22645654436884,0.0,0.0,0.0,2645.833978742979
2026-06-26,2550.8645269355993,2381.791783186607,2915.690739530089,2550.8645269355993,2550.8645269355993,95.60858579622109,95.60858579622109,95.60858579622109,95.60858579622109,95.60858579622109,95.60858579622109,0.0,0.0,0.0,2646.4731127318205
2026-06-27,2551.121531672587,2386.189890265273,2919.957294484648,2551.121531672587,2551.121531672587,93.2651466010591,93.2651466010591,93.2651466010591,93.2651466010591,93.2651466010591,93.2651466010591,0.0,0.0,0.0,2644.3866782736463
2026-06-28,2551.378536409576,2375.6624694898037,2916.71983602295,2551.378536409576,2551.378536409576,88.27106549476329,88.27106549476329,88.27106549476329,88.27106549476329,88.27106549476329,88.27106549476329,0.0,0.0,0.0,2639.6496019043393
2026-06-29,2551.6355411465665,2328.421362635213,2893.1064337217485,2551.6355411465665,2551.6355411465665,80.78398543173925,80.78398543173925,80.78398543173925,80.78398543173925,80.78398543173925,80.78398543173925,0.0,0.0,0.0,2632.419526578306
2026-06-30,2551.8925458835533,2326.88225521208,2917.12574354729,2551.8925458835533,2551.8925458835533,71.03933994413607,71.03933994413607,71.03933994413607,71.03933994413607,71.03933994413607,71.03933994413607,0.0,0.0,0.0,2622.9318858276893
2026-07-01,2552.149550620544,2336.6203729818885,2909.8993234177556,2552.149550620544,2552.149550620544,59.34302008714593,59.34302008714593,59.34302008714593,59.34302008714593,59.34302008714593,59.34302008714593,0.0,0.0,0.0,2611.4925707076895
2026-07-02,2552.406555357533,2311.334228495862,2899.7535240553734,2552.406555357533,2552.406555357533,46.06186055751386,46.06186055751386,46.06186055751386,46.06186055751386,46.06186055751386,46.06186055751386,0.0,0.0,0.0,2598.4684159150465
2026-07-03,2552.6635600945206,2289.600925684223,2866.011935064282,2552.6635600945206,2552.6635600945206,31.612238370048075,31.612238370048075,31.612238370048075,31.612238370048075,31.612238370048075,31.612238370048075,0.0,0.0,0.0,2584.2757984645687
2026-07-04,2552.92056483151,2301.4995941482052,2818.0064257332206,2552.92056483151,2552.92056483151,16.447135492366833,16.447135492366833,16.447135492366833,16.447135492366833,16.447135492366833,16.447135492366833,0.0,0.0,0.0,2569.3677003238768
2026-07-05,2553.1775695685,2280.467062150936,2834.468992253273,2553.1775695685,2553.1775695685,1.042064106235712,1.042064106235712,1.042064106235712,1.042064106235712,1.042064106235712,1.042064106235712,0.0,0.0,0.0,2554.2196336747356
2026-07-06,2553.434574305487,2252.8224868559087,2820.319686093138,2553.434574305487,2553.434574305487,-14.119711760422168,-14.119711760422168,-14.119711760422168,-14.119711760422168,-14.119711760422168,-14.119711760422168,0.0,0.0,0.0,2539.314862545065
2026-07-07,2553.6915790424773,2264.130154797926,2809.0001466943345,2553.6915790424773,2553.6915790424773,-28.562202685626982,-28.562202685626982,-28.562202685626982,-28.562202685626982,-28.562202685626982,-28.562202685626982,0.0,0.0,0.0,2525.12937635685
2026-07-08,2553.9485837794664,2237.7941028429473,2814.9351500985053,2553.9485837794664,2553.9485837794664,-41.831504973125035,-41.831504973125035,-41.831504973125035,-41.831504973125035,-41.831504973125035,-41.831504973125035,0.0,0.0,0.0,2512.1170788063414
2026-07-09,2554.2055885164546,2229.1703261388275,2778.9374455346283,2554.2055885164546,2554.2055885164546,-53.509939348475264,-53.509939348475264,-53.509939348475264,-53.509939348475264,-53.509939348475264,-53.509939348475264,0.0,0.0,0.0,2500.6956491679794
2026-07-10,2554.4625932534436,2204.72599406113,2771.403716225162,2554.4625932534436,2554.4625932534436,-63.229080459627596,-63.229080459627596,-63.229080459627596,-63.229080459627596,-63.229080459627596,-63.229080459627596,0.0,0.0,0.0,2491.233512793816
2026-07-11,2554.7195979904336,2199.083121388011,2757.661601506883,2554.7195979904336,2554.7195979904336,-70.68127412712794,-70.68127412712794,-70.68127412712794,-70.68127412712794,-70.68127412712794,-70.68127412712794,0.0,0.0,0.0,2484.038323863306
2026-07-12,2554.9766027274204,2218.835669104952,2739.6888629206965,2554.9766027274204,2554.9766027274204,-75.62928537468652,-75.62928537468652,-75.62928537468652,-75.62928537468652,-75.62928537468652,-75.62928537468652,0.0,0.0,0.0,2479.347317352734
2026-07-13,2555.233607464411,2189.412156422207,2741.8378502561586,2555.233607464411,2555.233607464411,-77.91377733775406,-77.91377733775406,-77.91377733775406,-77.91377733775406,-77.91377733775406,-77.91377733775406,0.0,0.0,0.0,2477.3198301266566
2026-07-14,2555.4906122013977,2200.6755913084894,2754.2850554373913,2555.4906122013977,2555.4906122013977,-77.4583874607525,-77.4583874607525,-77.4583874607525,-77.4583874607525,-77.4583874607525,-77.4583874607525,0.0,0.0,0.0,2478.0322247406452
2026-07-15,2555.747616938388,2229.2850975733004,2761.586575668049,2555.747616938388,2555.747616938388,-74.27224093672467,-74.27224093672467,-74.27224093672467,-74.27224093672467,-74.27224093672467,-74.27224093672467,0.0,0.0,0.0,2481.4753760016633
2026-07-16,2556.004621675377,2204.1776247624134,2790.0754957964964,2556.004621675377,2556.004621675377,-68.44981988785356,-68.44981988785356,-68.44981988785356,-68.44981988785356,-68.44981988785356,-68.44981988785356,0.0,0.0,0.0,2487.5548017875235
2026-07-17,2556.261626412365,2201.252904461121,2768.1759899733456,2556.261626412365,2556.261626412365,-60.168187931775414,-60.168187931775414,-60.168187931775414,-60.168187931775414,-60.168187931775414,-60.168187931775414,0.0,0.0,0.0,2496.0934384805896
2026-07-18,2556.518631149354,2234.943707781968,2798.664940045315,2556.518631149354,2556.518631149354,-49.68165106021013,-49.68165106021013,-49.68165106021013,-49.68165106021013,-49.68165106021013,-49.68165106021013,0.0,0.0,0.0,2506.8369800891437
2026-07-19,2556.7756358863444,2243.117898860665,2798.719286081345,2556.7756358863444,2556.7756358863444,-37.314014690258965,-37.314014690258965,-37.314014690258965,-37.314014690258965,-37.314014690258965,-37.314014690258965,0.0,0.0,0.0,2519.4616211960856
2026-07-20,2557.032640623331,2259.6457241865764,2808.221271630859,2557.032640623331,2557.032640623331,-23.448670922727864,-23.448670922727864,-23.448670922727864,-23.448670922727864,-23.448670922727864,-23.448670922727864,0.0,0.0,0.0,2533.583969700603
2026-07-21,2557.2896453603216,2277.105397484887,2820.4055856597925,2557.2896453603216,2557.2896453603216,-8.516817183741585,-8.516817183741585,-8.516817183741585,-8.516817183741585,-8.516817183741585,-8.516817183741585,0.0,0.0,0.0,2548.77282817658
2026-07-22,2557.5466500973107,2300.7957433617103,2827.8574400262078,2557.5466500973107,2557.5466500973107,7.0158345231763235,7.0158345231763235,7.0158345231763235,7.0158345231763235,7.0158345231763235,7.0158345231763235,0.0,0.0,0.0,2564.562484620487
2026-07-23,2557.8036548342984,2296.920398930474,2861.2583661215895,2557.8036548342984,2557.8036548342984,22.66345135705449,22.66345135705449,22.66345135705449,22.66345135705449,22.66345135705449,22.66345135705449,0.0,0.0,0.0,2580.4671061913527
2026-07-24,2558.0606595712875,2343.127541147419,2860.5819631753675,2558.0606595712875,2558.0606595712875,37.935135145215035,37.935135145215035,37.935135145215035,37.935135145215035,37.935135145215035,37.935135145215035,0.0,0.0,0.0,2595.9957947165026
2026-07-25,2558.317664308277,2328.980713071263,2869.282809313013,2558.317664308277,2558.317664308277,52.3501770290708,52.3501770290708,52.3501770290708,52.3501770290708,52.3501770290708,52.3501770290708,0.0,0.0,0.0,2610.667841337348
2026-07-26,2558.5746690452647,2350.526223882097,2912.414620586554,2558.5746690452647,2558.5746690452647,65.45304132974914,65.45304132974914,65.45304132974914,65.45304132974914,65.45304132974914,65.45304132974914,0.0,0.0,0.0,2624.027710375014
2026-07-27,2558.831673782254,2365.360947345321,2914.773787768736,2558.831673782254,2558.831673782254,76.82761579067878,76.82761579067878,76.82761579067878,76.82761579067878,76.82761579067878,76.82761579067878,0.0,0.0,0.0,2635.6592895729327
2026-07-28,2559.088678519242,2363.4148581013133,2919.7610237929443,2559.088678519242,2559.088678519242,86.11028660599648,86.11028660599648,86.11028660599648,86.11028660599648,86.11028660599648,86.11028660599648,0.0,0.0,0.0,2645.1989651252384
2026-07-29,2559.345683256231,2377.758723223446,2931.509493730616,2559.345683256231,2559.345683256231,93.00143146834101,93.00143146834101,93.00143146834101,93.00143146834101,93.00143146834101,93.00143146834101,0.0,0.0,0.0,2652.347114724572
2026-07-30,2559.6026879932215,2361.8006971045916,2919.3483282465004,2559.6026879932215,2559.6026879932215,97.27497123231274,97.27497123231274,97.27497123231274,97.27497123231274,97.27497123231274,97.27497123231274,0.0,0.0,0.0,2656.8776592255344
2026-07-31,2559.8596927302083,2372.1299236387918,2923.1704695298126,2559.8596927302083,2559.8596927302083,98.78567928278927,98.78567928278927,98.78567928278927,98.78567928278927,98.78567928278927,98.78567928278927,0.0,0.0,0.0,2658.6453720129975
2026-08-01,2560.1166974671983,2373.1504631625335,2915.2991086624675,2560.1166974671983,2560.1166974671983,97.47401556787446,97.47401556787446,97.47401556787446,97.47401556787446,97.47401556787446,97.47401556787446,0.0,0.0,0.0,2657.590713035073
2026-08-02,2560.3737022041873,2384.433897395391,2930.217395106388,2560.3737022041873,2560.3737022041873,93.36832746041249,93.36832746041249,93.36832746041249,93.36832746041249,93.36832746041249,93.36832746041249,0.0,0.0,0.0,2653.7420296645996
2026-08-03,2560.6307069411755,2362.6179965435826,2927.3129630136814,2560.6307069411755,2560.6307069411755,86.58433988016704,86.58433988016704,86.58433988016704,86.58433988016704,86.58433988016704,86.58433988016704,0.0,0.0,0.0,2647.2150468213426
2026-08-04,2560.8877116781646,2335.5999891359966,2917.3618953709583,2560.8877116781646,2560.8877116781646,77.32194001410437,77.32194001410437,77.32194001410437,77.32194001410437,77.32194001410437,77.32194001410437,0.0,0.0,0.0,2638.209651692269
2026-08-05,2561.144716415155,2348.2659840793262,2914.941388434599,2561.144716415155,2561.144716415155,65.85934498943665,65.85934498943665,65.85934498943665,65.85934498943665,65.85934498943665,65.85934498943665,0.0,0.0,0.0,2627.0040614045915
2026-08-06,2561.401721152142,2361.0741202115487,2895.8986443305157,2561.401721152142,2561.401721152142,52.54482146508128,52.54482146508128,52.54482146508128,52.54482146508128,52.54482146508128,52.54482146508128,0.0,0.0,0.0,2613.9465426172233
2026-08-07,2561.658725889132,2319.9862243909033,2881.6832859809847,2561.658725889132,2561.658725889132,37.786201842048364,37.786201842048364,37.786201842048364,37.786201842048364,37.786201842048364,37.786201842048364,0.0,0.0,0.0,2599.44492773118
2026-08-08,2561.915730626121,2315.617530683158,2855.591484648818,2561.915730626121,2561.915730626121,22.038510331285057,22.038510331285057,22.038510331285057,22.038510331285057,22.038510331285057,22.038510331285057,0.0,0.0,0.0,2583.954240957406
2026-08-09,2562.172735363109,2291.307060976322,2846.7342869689046,2562.172735363109,2562.172735363109,5.790071352951358,5.790071352951358,5.790071352951358,5.790071352951358,5.790071352951358,5.790071352951358,0.0,0.0,0.0,2567.96280671606
2026-08-10,2562.429740100098,2276.067048641746,2828.857875804784,2562.429740100098,2562.429740100098,-10.452479171670973,-10.452479171670973,-10.452479171670973,-10.452479171670973,-10.452479171670973,-10.452479171670973,0.0,0.0,0.0,2551.9772609284273
2026-08-11,2562.6867448370886,2240.828264063183,2811.2573160822594,2562.6867448370886,2562.6867448370886,-26.179823628759095,-26.179823628759095,-26.179823628759095,-26.179823628759095,-26.179823628759095,-26.179823628759095,0.0,0.0,0.0,2536.5069212083295
2026-08-12,2562.9437495740754,2251.7236983232406,2788.3279008039513,2562.9437495740754,2562.9437495740754,-40.89575594327701,-40.89575594327701,-40.89575594327701,-40.89575594327701,-40.89575594327701,-40.89575594327701,0.0,0.0,0.0,2522.0479936307984
2026-08-13,2563.2007543110653,2213.090597414449,2792.137761791499,2563.2007543110653,2563.2007543110653,-54.13265336814146,-54.13265336814146,-54.13265336814146,-54.13265336814146,-54.13265336814146,-54.13265336814146,0.0,0.0,0.0,2509.068100942924
2026-08-14,2563.457759048052,2221.0505365169197,2784.835776227527,2563.457759048052,2563.457759048052,-65.466149537721,-65.466149537721,-65.466149537721,-65.466149537721,-65.466149537721,-65.466149537721,0.0,0.0,0.0,2497.9916095103313
2026-08-15,2563.7147637850426,2208.090228836157,2755.3789330274776,2563.7147637850426,2563.7147637850426,-74.52855365330838,-74.52855365330838,-74.52855365330838,-74.52855365330838,-74.52855365330838,-74.52855365330838,0.0,0.0,0.0,2489.1862101317342
2026-08-16,2563.9717685220317,2216.729866407762,2786.915774045295,2563.9717685220317,2563.9717685220317,-81.0205968057985,-81.0205968057985,-81.0205968057985,-81.0205968057985,-81.0205968057985,-81.0205968057985,0.0,0.0,0.0,2482.951171716233
2026-08-17,2564.22877325902,2207.1223025415898,2779.277184463101,2564.22877325902,2564.22877325902,-84.72113551559761,-84.72113551559761,-84.72113551559761,-84.72113551559761,-84.72113551559761,-84.72113551559761,0.0,0.0,0.0,2479.507637743422
2026-08-18,2564.485777996009,2184.5092406686913,2769.123246454815,2564.485777996009,2564.485777996009,-85.49450314602004,-85.49450314602004,-85.49450314602004,-85.49450314602004,-85.49450314602004,-85.49450314602004,0.0,0.0,0.0,2478.9912748499887
2026-08-19,2564.742782732999,2211.0990770111484,2775.487252166648,2564.742782732999,2564.742782732999,-83.29527013901445,-83.29527013901445,-83.29527013901445,-83.29527013901445,-83.29527013901445,-83.29527013901445,0.0,0.0,0.0,2481.4475125939844
2026-08-20,2564.9997874699857,2213.6779645074203,2775.394121626988,2564.9997874699857,2564.9997874699857,-78.17025193978692,-78.17025193978692,-78.17025193978692,-78.17025193978692,-78.17025193978692,-78.17025193978692,0.0,0.0,0.0,2486.829535530199
2026-08-21,2565.256792206976,2213.0175252210943,2757.9945497596227,2565.256792206976,2565.256792206976,-70.257686689248,-70.257686689248,-70.257686689248,-70.257686689248,-70.257686689248,-70.257686689248,0.0,0.0,0.0,2494.999105517728
2026-08-22,2565.513796943965,2221.8412506813206,2784.797100154305,2565.513796943965,2565.513796943965,-59.78359077477658,-59.78359077477658,-59.78359077477658,-59.78359077477658,-59.78359077477658,-59.78359077477658,0.0,0.0,0.0,2505.7302061691885
2026-08-23,2565.770801680952,2237.1128079110576,2804.9076683588105,2565.770801680952,2565.770801680952,-47.05538654545172,-47.05538654545172,-47.05538654545172,-47.05538654545172,-47.05538654545172,-47.05538654545172,0.0,0.0,0.0,2518.7154151355003
2026-08-24,2566.0278064179424,2249.3855466998693,2818.7093503493456,2566.0278064179424,2566.0278064179424,-32.45298030142986,-32.45298030142986,-32.45298030142986,-32.45298030142986,-32.45298030142986,-32.45298030142986,0.0,0.0,0.0,2533.5748261165127
2026-08-25,2566.2848111549315,2289.5590847750086,2827.9287114542167,2566.2848111549315,2566.2848111549315,-16.4175475169604,-16.4175475169604,-16.4175475169604,-16.4175475169604,-16.4175475169604,-16.4175475169604,0.0,0.0,0.0,2549.867263637971
2026-08-26,2566.5418158919197,2282.8562636341835,2839.4789789044817,2566.5418158919197,2566.5418158919197,0.5616462677408403,0.5616462677408403,0.5616462677408403,0.5616462677408403,0.5616462677408403,0.5616462677408403,0.0,0.0,0.0,2567.1034621596605
2026-08-27,2566.7988206289087,2301.573443693253,2856.5769300136203,2566.7988206289087,2566.7988206289087,17.961998548853554,17.961998548853554,17.961998548853554,17.961998548853554,17.961998548853554,17.961998548853554,0.0,0.0,0.0,2584.760819177762
2026-08-28,2567.0558253658987,2319.759453767858,2893.5159285956734,2567.0558253658987,2567.0558253658987,35.24345620998759,35.24345620998759,35.24345620998759,35.24345620998759,35.24345620998759,35.24345620998759,0.0,0.0,0.0,2602.299281575886
2026-08-29,2567.3128301028855,2320.0999559937877,2893.720565031669,2567.3128301028855,2567.3128301028855,51.86505704817138,51.86505704817138,51.86505704817138,51.86505704817138,51.86505704817138,51.86505704817138,0.0,0.0,0.0,2619.177887151057
2026-08-30,2567.569834839876,2368.9496881055616,2890.7052733074556,2567.569834839876,2567.569834839876,67.30162535491078,67.30162535491078,67.30162535491078,67.30162535491078,67.30162535491078,67.30162535491078,0.0,0.0,0.0,2634.871460194787
2026-08-31,2567.8268395768628,2363.5353193955157,2929.4446039213426,2567.8268395768628,2567.8268395768628,81.06011243851495,81.06011243851495,81.06011243851495,81.06011243851495,81.06011243851495,81.06011243851495,0.0,0.0,0.0,2648.8869520153776
2026-09-01,2568.083844313853,2391.738312830597,2927.2374599689933,2568.083844313853,2568.083844313853,92.69508035606549,92.69508035606549,92.69508035606549,92.69508035606549,92.69508035606549,92.69508035606549,0.0,0.0,0.0,2660.7789246699185
2026-09-02,2568.3408490508423,2409.285488333752,2936.5331463080056,2568.3408490508423,2568.3408490508423,101.82284975409509,101.82284975409509,101.82284975409509,101.82284975409509,101.82284975409509,101.82284975409509,0.0,0.0,0.0,2670.163698804937
2026-09-03,2568.59785378783,2378.742350062684,2962.9359291322394,2568.59785378783,2568.59785378783,108.13386998647564,108.13386998647564,108.13386998647564,108.13386998647564,108.13386998647564,108.13386998647564,0.0,0.0,0.0,2676.7317237743055
2026-09-04,2568.854858524819,2407.156191908032,2953.7041679818767,2568.854858524819,2568.854858524819,111.40292055889257,111.40292055889257,111.40292055889257,111.40292055889257,111.40292055889257,111.40292055889257,0.0,0.0,0.0,2680.2577790837117
2026-09-05,2569.1118632618095,2403.3598719801653,2947.810384935517,2569.1118632618095,2569.1118632618095,111.4968159831095,111.4968159831095,111.4968159831095,111.4968159831095,111.4968159831095,111.4968159831095,0.0,0.0,0.0,2680.608679244919
2026-09-06,2569.3688679987963,2402.8844736767082,2942.8837033068335,2569.3688679987963,2569.3688679987963,108.37935948002075,108.37935948002075,108.37935948002075,108.37935948002075,108.37935948002075,108.37935948002075,0.0,0.0,0.0,2677.748227478817
2026-09-07,2569.6258727357867,2379.1707927815364,2921.4917406854165,2569.6258727357867,2569.6258727357867,102.11337251050725,102.11337251050725,102.11337251050725,102.11337251050725,102.11337251050725,102.11337251050725,0.0,0.0,0.0,2671.739245246294
2026-09-08,2569.882877472776,2377.543374628876,2930.7722733134506,2569.882877472776,2569.882877472776,92.85971442439693,92.85971442439693,92.85971442439693,92.85971442439693,92.85971442439693,92.85971442439693,0.0,0.0,0.0,2662.7425918971726
2026-09-09,2570.1398822097635,2378.327428882332,2922.16145204457,2570.1398822097635,2570.1398822097635,80.87329701537398,80.87329701537398,80.87329701537398,80.87329701537398,80.87329701537398,80.87329701537398,0.0,0.0,0.0,2651.0131792251377
2026-09-10,2570.3968869467526,2367.2338878983314,2892.8817065918183,2570.3968869467526,2570.3968869467526,66.4961897503567,66.4961897503567,66.4961897503567,66.4961897503567,66.4961897503567,66.4961897503567,0.0,0.0,0.0,2636.8930766971093
2026-09-11,2570.653891683743,2353.656348892951,2901.715521895035,2570.653891683743,2570.653891683743,50.14800017761007,50.14800017761007,50.14800017761007,50.14800017761007,50.14800017761007,50.14800017761007,0.0,0.0,0.0,2620.801891861353
2026-09-12,2570.91089642073,2337.328044019707,2888.6033834185964,2570.91089642073,2570.91089642073,32.31379782675198,32.31379782675198,32.31379782675198,32.31379782675198,32.31379782675198,32.31379782675198,0.0,0.0,0.0,2603.2246942474817
2026-09-13,2571.1679011577203,2314.607617793761,2851.9895141026614,2571.1679011577203,2571.1679011577203,13.529926251834386,13.529926251834386,13.529926251834386,13.529926251834386,13.529926251834386,13.529926251834386,0.0,0.0,0.0,2584.6978274095545
2026-09-14,2571.4249058947094,2278.571969164346,2839.040365352664,2571.4249058947094,2571.4249058947094,-5.631885599083399,-5.631885599083399,-5.631885599083399,-5.631885599083399,-5.631885599083399,-5.631885599083399,0.0,0.0,0.0,2565.793020295626
2026-09-15,2571.681910631697,2295.938696780173,2821.8813690712605,2571.681910631697,2571.681910631697,-24.581646846265595,-24.581646846265595,-24.581646846265595,-24.581646846265595,-24.581646846265595,-24.581646846265595,0.0,0.0,0.0,2547.1002637854313
2026-09-16,2571.9389153686866,2252.965239465525,2795.5260314677607,2571.9389153686866,2571.9389153686866,-42.72895604900557,-42.72895604900557,-42.72895604900557,-42.72895604900557,-42.72895604900557,-42.72895604900557,0.0,0.0,0.0,2529.209959319681
2026-09-17,2572.1959201056743,2252.0639720307,2787.5761895340725,2572.1959201056743,2572.1959201056743,-59.50104738798192,-59.50104738798192,-59.50104738798192,-59.50104738798192,-59.50104738798192,-59.50104738798192,0.0,0.0,0.0,2512.6948727176923
2026-09-18,2572.4529248426634,2218.5946933592127,2769.7973721517033,2572.4529248426634,2572.4529248426634,-74.36048817165303,-74.36048817165303,-74.36048817165303,-74.36048817165303,-74.36048817165303,-74.36048817165303,0.0,0.0,0.0,2498.0924366710105
2026-09-19,2572.709929579654,2202.262653953492,2772.2702462267216,2572.709929579654,2572.709929579654,-86.82198999966886,-86.82198999966886,-86.82198999966886,-86.82198999966886,-86.82198999966886,-86.82198999966886,0.0,0.0,0.0,2485.887939579985
2026-09-20,2572.9669343166406,2177.783253747197,2763.8829744165287,2572.9669343166406,2572.9669343166406,-96.46781787356407,-96.46781787356407,-96.46781787356407,-96.46781787356407,-96.46781787356407,-96.46781787356407,0.0,0.0,0.0,2476.4991164430767
2026-09-21,2573.2239390536297,2188.6310722670396,2748.308994929604,2573.2239390536297,2573.2239390536297,-102.96131910517711,-102.96131910517711,-102.96131910517711,-102.96131910517711,-102.96131910517711,-102.96131910517711,0.0,0.0,0.0,2470.2626199484525
2026-09-22,2573.48094379062,2187.770841766385,2745.0771686971525,2573.48094379062,2573.48094379062,-106.0581460217203,-106.0581460217203,-106.0581460217203,-106.0581460217203,-106.0581460217203,-106.0581460217203,0.0,0.0,0.0,2467.4227977688997
2026-09-23,2573.737948527607,2175.1628007065688,2730.1145963508284,2573.737948527607,2573.737948527607,-105.61481175184042,-105.61481175184042,-105.61481175184042,-105.61481175184042,-105.61481175184042,-105.61481175184042,0.0,0.0,0.0,2468.1231367757664
2026-09-24,2573.994953264597,2205.5178557775976,2737.315530361081,2573.994953264597,2573.994953264597,-101.59429494754646,-101.59429494754646,-101.59429494754646,-101.59429494754646,-101.59429494754646,-101.59429494754646,0.0,0.0,0.0,2472.4006583170503
2026-09-25,2574.251958001586,2199.01140520225,2757.9658572103494,2574.251958001586,2574.251958001586,-94.06849496013187,-94.06849496013187,-94.06849496013187,-94.06849496013187,-94.06849496013187,-94.06849496013187,0.0,0.0,0.0,2480.183463041454
2026-09-26,2574.508962738574,2210.532932535864,2767.072347091002,2574.508962738574,2574.508962738574,-83.2174312547747,-83.2174312547747,-83.2174312547747,-83.2174312547747,-83.2174312547747,-83.2174312547747,0.0,0.0,0.0,2491.2915314837996
2026-09-27,2574.7659674755632,2233.412818468913,2758.8100599246595,2574.7659674755632,2574.7659674755632,-69.32517703677993,-69.32517703677993,-69.32517703677993,-69.32517703677993,-69.32517703677993,-69.32517703677993,0.0,0.0,0.0,2505.440790438783
2026-09-28,2575.0229722125537,2245.547685947831,2790.912274919818,2575.0229722125537,2575.0229722125537,-52.77261433467006,-52.77261433467006,-52.77261433467006,-52.77261433467006,-52.77261433467006,-52.77261433467006,0.0,0.0,0.0,2522.2503578778837
2026-09-29,2575.2799769495405,2275.2325467398896,2804.870134777389,2575.2799769495405,2575.2799769495405,-34.027193276492326,-34.027193276492326,-34.027193276492326,-34.027193276492326,-34.027193276492326,-34.027193276492326,0.0,0.0,0.0,2541.2527836730483
2026-09-30,2575.5369816865305,2260.625909475387,2822.1764568796534,2575.5369816865305,2575.5369816865305,-13.629969157078174,-13.629969157078174,-13.629969157078174,-13.629969157078174,-13.629969157078174,-13.629969157078174,0.0,0.0,0.0,2561.9070125294525
2026-10-01,2575.7939864235195,2309.168384495281,2847.4490174675852,2575.7939864235195,2575.7939864235195,7.81972559252506,7.81972559252506,7.81972559252506,7.81972559252506,7.81972559252506,7.81972559252506,0.0,0.0,0.0,2583.6137120160447
2026-10-02,2576.0509911605077,2333.1894253718533,2883.9182961667825,2576.0509911605077,2576.0509911605077,29.68154378109811,29.68154378109811,29.68154378109811,29.68154378109811,29.68154378109811,29.68154378109811,0.0,0.0,0.0,2605.732534941606
2026-10-03,2576.3079958974968,2331.6865287737296,2883.7111281077546,2576.3079958974968,2576.3079958974968,51.29282790816789,51.29282790816789,51.29282790816789,51.29282790816789,51.29282790816789,51.29282790816789,0.0,0.0,0.0,2627.6008238056647
2026-10-04,2576.565000634485,2362.16240954408,2922.6281835691952,2576.565000634485,2576.565000634485,71.98821691807879,71.98821691807879,71.98821691807879,71.98821691807879,71.98821691807879,71.98821691807879,0.0,0.0,0.0,2648.5532175525636
2026-10-05,2576.822005371474,2377.3678393452756,2923.2280059452387,2576.822005371474,2576.822005371474,91.11958352103753,91.11958352103753,91.11958352103753,91.11958352103753,91.11958352103753,91.11958352103753,0.0,0.0,0.0,2667.9415888925114
2026-10-06,2577.079010108464,2412.1048715411607,2946.48802430556,2577.079010108464,2577.079010108464,108.07571495658631,108.07571495658631,108.07571495658631,108.07571495658631,108.07571495658631,108.07571495658631,0.0,0.0,0.0,2685.15472506505
2026-10-07,2577.336014845451,2421.080823655041,2985.0858915043045,2577.336014845451,2577.336014845451,122.30115184539024,122.30115184539024,122.30115184539024,122.30115184539024,122.30115184539024,122.30115184539024,0.0,0.0,0.0,2699.6371666908412
2026-10-08,2577.5930195824412,2445.1521962392626,2983.909299667776,2577.5930195824412,2577.5930195824412,133.31361878166695,133.31361878166695,133.31361878166695,133.31361878166695,133.31361878166695,133.31361878166695,0.0,0.0,0.0,2710.9066383641084
2026-10-09,2577.8500243194303,2438.5970097162403,2969.145045707022,2577.8500243194303,2577.8500243194303,140.71951611817656,140.71951611817656,140.71951611817656,140.71951611817656,140.71951611817656,140.71951611817656,0.0,0.0,0.0,2718.569540437607
2026-10-10,2578.1070290564185,2427.064002390705,3001.559825620057,2578.1070290564185,2578.1070290564185,144.22699407343381,144.22699407343381,144.22699407343381,144.22699407343381,144.22699407343381,144.22699407343381,0.0,0.0,0.0,2722.334023129852
2026-10-11,2578.3640337934075,2440.1007966939274,2996.9111889534493,2578.3640337934075,2578.3640337934075,143.65619643782267,143.65619643782267,143.65619643782267,143.65619643782267,143.65619643782267,143.65619643782267,0.0,0.0,0.0,2722.02023023123
2026-10-12,2578.621038530398,2450.460277327879,2998.4560051186177,2578.621038530398,2578.621038530398,138.94633994745593,138.94633994745593,138.94633994745593,138.94633994745593,138.94633994745593,138.94633994745593,0.0,0.0,0.0,2717.5673784778537
2026-10-13,2578.878043267385,2442.6301233938225,2987.8723440866893,2578.878043267385,2578.878043267385,130.15938461654488,130.15938461654488,130.15938461654488,130.15938461654488,130.15938461654488,130.15938461654488,0.0,0.0,0.0,2709.0374278839295
2026-10-14,2579.1350480043748,2421.198363897544,2974.073785158314,2579.1350480043748,2579.1350480043748,117.48014743540746,117.48014743540746,117.48014743540746,117.48014743540746,117.48014743540746,117.48014743540746,0.0,0.0,0.0,2696.6151954397824
2026-10-15,2579.392052741364,2393.4352537004897,2937.0178512695297,2579.392052741364,2579.392052741364,101.21281408461762,101.21281408461762,101.21281408461762,101.21281408461762,101.21281408461762,101.21281408461762,0.0,0.0,0.0,2680.6048668259814
2026-10-16,2579.649057478352,2379.224680489818,2924.450401028724,2579.649057478352,2579.649057478352,81.77390772853632,81.77390772853632,81.77390772853632,81.77390772853632,81.77390772853632,81.77390772853632,0.0,0.0,0.0,2661.4229652068884
2026-10-17,2579.906062215341,2352.1970862782123,2916.3065776260883,2579.906062215341,2579.906062215341,59.6818775219686,59.6818775219686,59.6818775219686,59.6818775219686,59.6818775219686,59.6818775219686,0.0,0.0,0.0,2639.5879397373096
2026-10-18,2580.163066952329,2345.333797812062,2886.521595974615,2580.163066952329,2580.163066952329,35.54356916037437,35.54356916037437,35.54356916037437,35.54356916037437,35.54356916037437,35.54356916037437,0.0,0.0,0.0,2615.706636112703
2026-10-19,2580.4200716893183,2307.5859422406274,2857.5177313805593,2580.4200716893183,2580.4200716893183,10.037932716375563,10.037932716375563,10.037932716375563,10.037932716375563,10.037932716375563,10.037932716375563,0.0,0.0,0.0,2590.458004405694
2026-10-20,2580.6770764263074,2269.18302099007,2840.0319237636963,2580.6770764263074,2580.6770764263074,-16.10259362584217,-16.10259362584217,-16.10259362584217,-16.10259362584217,-16.10259362584217,-16.10259362584217,0.0,0.0,0.0,2564.5744828004654
2026-10-21,2580.934081163295,2241.3985702932273,2798.93138755265,2580.934081163295,2580.934081163295,-42.11251396692593,-42.11251396692593,-42.11251396692593,-42.11251396692593,-42.11251396692593,-42.11251396692593,0.0,0.0,0.0,2538.821567196369
2026-10-22,2581.191085900284,2237.588900679775,2775.617303940737,2581.191085900284,2581.191085900284,-67.21495205817064,-67.21495205817064,-67.21495205817064,-67.21495205817064,-67.21495205817064,-67.21495205817064,0.0,0.0,0.0,2513.9761338421135
2026-10-23,2581.4480906372746,2209.4087345637204,2786.329637574866,2581.4480906372746,2581.4480906372746,-90.64396719875843,-90.64396719875843,-90.64396719875843,-90.64396719875843,-90.64396719875843,-90.64396719875843,0.0,0.0,0.0,2490.8041234385164
2026-10-24,2581.7050953742614,2194.3390690824695,2764.2259235183956,2581.7050953742614,2581.7050953742614,-111.66687615701758,-111.66687615701758,-111.66687615701758,-111.66687615701758,-111.66687615701758,-111.66687615701758,0.0,0.0,0.0,2470.0382192172437
2026-10-25,2581.962100111252,2165.269678176762,2737.0962094891247,2581.962100111252,2581.962100111252,-129.60594255813058,-129.60594255813058,-129.60594255813058,-129.60594255813058,-129.60594255813058,-129.60594255813058,0.0,0.0,0.0,2452.356157553121
2026-10-26,2582.219104848241,2161.653774737442,2726.5467046056124,2582.219104848241,2582.219104848241,-143.85880743256354,-143.85880743256354,-143.85880743256354,-143.85880743256354,-143.85880743256354,-143.85880743256354,0.0,0.0,0.0,2438.3602974156775
2026-10-27,2582.4761095852286,2159.3075000971157,2711.2814148718267,2582.4761095852286,2582.4761095852286,-153.91706493841474,-153.91706493841474,-153.91706493841474,-153.91706493841474,-153.91706493841474,-153.91706493841474,0.0,0.0,0.0,2428.559044646814
2026-10-28,2582.7331143222177,2142.2482635522297,2697.766868233837,2582.7331143222177,2582.7331143222177,-159.38243489122706,-159.38243489122706,-159.38243489122706,-159.38243489122706,-159.38243489122706,-159.38243489122706,0.0,0.0,0.0,2423.3506794309906
2026-10-29,2582.990119059208,2138.6876068591732,2712.9065025444306,2582.990119059208,2582.990119059208,-159.98004739023744,-159.98004739023744,-159.98004739023744,-159.98004739023744,-159.98004739023744,-159.98004739023744,0.0,0.0,0.0,2423.010071668971
2026-10-30,2583.247123796195,2131.265112016633,2684.4195993547987,2583.247123796195,2583.247123796195,-155.56843279063844,-155.56843279063844,-155.56843279063844,-155.56843279063844,-155.56843279063844,-155.56843279063844,0.0,0.0,0.0,2427.6786910055566
2026-10-31,2583.5041285331854,2138.007186967292,2717.4797578231955,2583.5041285331854,2583.5041285331854,-146.14590037358155,-146.14590037358155,-146.14590037358155,-146.14590037358155,-146.14590037358155,-146.14590037358155,0.0,0.0,0.0,2437.3582281596036
2026-11-01,2583.7611332701745,2177.6609712945638,2728.5948129292983,2583.7611332701745,2583.7611332701745,-131.85308880093956,-131.85308880093956,-131.85308880093956,-131.85308880093956,-131.85308880093956,-131.85308880093956,0.0,0.0,0.0,2451.908044469235
2026-11-02,2584.018138007162,2166.584710101376,2750.0128020455036,2584.018138007162,2584.018138007162,-112.97157799998217,-112.97157799998217,-112.97157799998217,-112.97157799998217,-112.97157799998217,-112.97157799998217,0.0,0.0,0.0,2471.0465600071802
2026-11-03,2584.2751427441517,2223.144568078032,2785.113655849593,2584.2751427441517,2584.2751427441517,-89.91856249557858,-89.91856249557858,-89.91856249557858,-89.91856249557858,-89.91856249557858,-89.91856249557858,0.0,0.0,0.0,2494.356580248573
2026-11-04,2584.5321474811394,2224.9187457253406,2801.187137395114,2584.5321474811394,2584.5321474811394,-63.237697252194074,-63.237697252194074,-63.237697252194074,-63.237697252194074,-63.237697252194074,-63.237697252194074,0.0,0.0,0.0,2521.294450228945
2026-11-05,2584.7891522181285,2295.598733274082,2820.3335115529735,2584.7891522181285,2584.7891522181285,-33.586335641630164,-33.586335641630164,-33.586335641630164,-33.586335641630164,-33.586335641630164,-33.586335641630164,0.0,0.0,0.0,2551.202816576498
2026-11-06,2585.046156955119,2302.3573190057014,2865.559585730779,2585.046156955119,2585.046156955119,-1.719482100680827,-1.719482100680827,-1.719482100680827,-1.719482100680827,-1.719482100680827,-1.719482100680827,0.0,0.0,0.0,2583.326674854438
2026-11-07,2585.3031616921057,2346.8071955201826,2900.1995640218715,2585.3031616921057,2585.3031616921057,31.529123577519364,31.529123577519364,31.529123577519364,31.529123577519364,31.529123577519364,31.529123577519364,0.0,0.0,0.0,2616.832285269625
2026-11-08,2585.560166429096,2355.3410258318727,2921.1170295183438,2585.560166429096,2585.560166429096,65.26829028349185,65.26829028349185,65.26829028349185,65.26829028349185,65.26829028349185,65.26829028349185,0.0,0.0,0.0,2650.828456712588
2026-11-09,2585.8171711660852,2422.4867676029094,2953.6974887915994,2585.8171711660852,2585.8171711660852,98.57245855281809,98.57245855281809,98.57245855281809,98.57245855281809,98.57245855281809,98.57245855281809,0.0,0.0,0.0,2684.3896297189035
2026-11-10,2586.074175903073,2419.1185915595743,3001.280013939347,2586.074175903073,2586.074175903073,130.50595939603218,130.50595939603218,130.50595939603218,130.50595939603218,130.50595939603218,130.50595939603218,0.0,0.0,0.0,2716.580135299105
2026-11-11,2586.331180640062,2461.4152776742444,3043.3083598178832,2586.331180640062,2586.331180640062,160.14778963132363,160.14778963132363,160.14778963132363,160.14778963132363,160.14778963132363,160.14778963132363,0.0,0.0,0.0,2746.4789702713856
2026-11-12,2586.5881853770525,2516.2542173849406,3058.10547705051,2586.5881853770525,2586.5881853770525,186.6162264595784,186.6162264595784,186.6162264595784,186.6162264595784,186.6162264595784,186.6162264595784,0.0,0.0,0.0,2773.2044118366307
2026-11-13,2586.8451901140393,2531.5778617007286,3078.775708565736,2586.8451901140393,2586.8451901140393,209.09260512414775,209.09260512414775,209.09260512414775,209.09260512414775,209.09260512414775,209.09260512414775,0.0,0.0,0.0,2795.937795238187
2026-11-14,2587.1021948510297,2546.9665361126217,3094.0095835690227,2587.1021948510297,2587.1021948510297,226.84360362169375,226.84360362169375,226.84360362169375,226.84360362169375,226.84360362169375,226.84360362169375,0.0,0.0,0.0,2813.9457984727233
2026-11-15,2587.359199588019,2538.749728232929,3100.984532256688,2587.359199588019,2587.359199588019,239.24141707316582,239.24141707316582,239.24141707316582,239.24141707316582,239.24141707316582,239.24141707316582,0.0,0.0,0.0,2826.6006166611846
2026-11-16,2587.6162043250065,2555.6606832901152,3113.577522205115,2587.6162043250065,2587.6162043250065,245.78126047399246,245.78126047399246,245.78126047399246,245.78126047399246,245.78126047399246,245.78126047399246,0.0,0.0,0.0,2833.397464798999
2026-11-17,2587.8732090619956,2551.8317330153727,3114.744779306576,2587.8732090619956,2587.8732090619956,246.0957105810252,246.0957105810252,246.0957105810252,246.0957105810252,246.0957105810252,246.0957105810252,0.0,0.0,0.0,2833.968919643021
2026-11-18,2588.1302137989846,2552.2461432369837,3097.068060050441,2588.1302137989846,2588.1302137989846,239.96548366044334,239.96548366044334,239.96548366044334,239.96548366044334,239.96548366044334,239.96548366044334,0.0,0.0,0.0,2828.095697459428
2026-11-19,2588.387218535973,2527.3670131873596,3077.437273984307,2588.387218535973,2588.387218535973,227.3263433073173,227.3263433073173,227.3263433073173,227.3263433073173,227.3263433073173,227.3263433073173,0.0,0.0,0.0,2815.7135618432903
2026-11-20,2588.644223272962,2512.5317944076633,3071.1130517315983,2588.644223272962,2588.644223272962,208.27193882215792,208.27193882215792,208.27193882215792,208.27193882215792,208.27193882215792,208.27193882215792,0.0,0.0,0.0,2796.91616209512
2026-11-21,2588.90122800995,2478.0299667537597,3036.659184659989,2588.90122800995,2588.90122800995,183.05248669599098,183.05248669599098,183.05248669599098,183.05248669599098,183.05248669599098,183.05248669599098,0.0,0.0,0.0,2771.953714705941
2026-11-22,2589.158232746939,2460.843310905427,3002.4464678529457,2589.158232746939,2589.158232746939,152.06932245598054,152.06932245598054,152.06932245598054,152.06932245598054,152.06932245598054,152.06932245598054,0.0,0.0,0.0,2741.2275552029196
2026-11-23,2589.415237483929,2406.5827666984082,2969.1682646661598,2589.415237483929,2589.415237483929,115.86546420928168,115.86546420928168,115.86546420928168,115.86546420928168,115.86546420928168,115.86546420928168,0.0,0.0,0.0,2705.2807016932106
2026-11-24,2589.672242220916,2373.7065641303498,2941.057364227702,2589.672242220916,2589.672242220916,75.11243947279479,75.11243947279479,75.11243947279479,75.11243947279479,75.11243947279479,75.11243947279479,0.0,0.0,0.0,2664.784681693711
2026-11-25,2589.9292469579063,2338.760027910364,2924.8955354172263,2589.9292469579063,2589.9292469579063,30.5937301630811,30.5937301630811,30.5937301630811,30.5937301630811,30.5937301630811,30.5937301630811,0.0,0.0,0.0,2620.5229771209874
2026-11-26,2590.1862516948954,2287.563615459314,2871.8803019338584,2590.1862516948954,2590.1862516948954,-16.81471598500877,-16.81471598500877,-16.81471598500877,-16.81471598500877,-16.81471598500877,-16.81471598500877,0.0,0.0,0.0,2573.3715357098868
2026-11-27,2590.4432564318836,2251.782763430772,2803.906795579042,2590.4432564318836,2590.4432564318836,-66.16637844385306,-66.16637844385306,-66.16637844385306,-66.16637844385306,-66.16637844385306,-66.16637844385306,0.0,0.0,0.0,2524.2768779880307
2026-11-28,2590.7002611688727,2217.0443990653107,2750.070010633466,2590.7002611688727,2590.7002611688727,-116.46786620598056,-116.46786620598056,-116.46786620598056,-116.46786620598056,-116.46786620598056,-116.46786620598056,0.0,0.0,0.0,2474.232394962892
2026-11-29,2590.957265905863,2156.236866928457,2704.683986031854,2590.957265905863,2590.957265905863,-166.70378490199735,-166.70378490199735,-166.70378490199735,-166.70378490199735,-166.70378490199735,-166.70378490199735,0.0,0.0,0.0,2424.2534810038655
2026-11-30,2591.21427064285,2109.0487384159874,2661.5053140336972,2591.21427064285,2591.21427064285,-215.8620930097063,-215.8620930097063,-215.8620930097063,-215.8620930097063,-215.8620930097063,-215.8620930097063,0.0,0.0,0.0,2375.3521776331436
2026-12-01,2591.47127537984,2063.0207420268875,2596.9760813733524,2591.47127537984,2591.47127537984,-262.9592591832244,-262.9592591832244,-262.9592591832244,-262.9592591832244,-262.9592591832244,-262.9592591832244,0.0,0.0,0.0,2328.5120161966156
2026-12-02,2591.728280116829,2011.9159452281617,2567.385284225867,2591.728280116829,2591.728280116829,-307.06453978322634,-307.06453978322634,-307.06453978322634,-307.06453978322634,-307.06453978322634,-307.06453978322634,0.0,0.0,0.0,2284.6637403336026
2026-12-03,2591.985284853817,1939.9346661942711,2508.6805692464645,2591.985284853817,2591.985284853817,-347.3227218507836,-347.3227218507836,-347.3227218507836,-347.3227218507836,-347.3227218507836,-347.3227218507836,0.0,0.0,0.0,2244.6625630030335
2026-12-04,2592.242289590806,1934.1446272564622,2480.326988245864,2592.242289590806,2592.242289590806,-382.97472125829535,-382.97472125829535,-382.97472125829535,-382.97472125829535,-382.97472125829535,-382.97472125829535,0.0,0.0,0.0,2209.267568332511
2026-12-05,2592.4992943277966,1891.5651973445397,2456.2744798424583,2592.4992943277966,2592.4992943277966,-413.375487327335,-413.375487327335,-413.375487327335,-413.375487327335,-413.375487327335,-413.375487327335,0.0,0.0,0.0,2179.1238070004615
2026-12-06,2592.7562990647834,1860.295622463193,2430.003240177843,2592.7562990647834,2592.7562990647834,-438.0087420556454,-438.0087420556454,-438.0087420556454,-438.0087420556454,-438.0087420556454,-438.0087420556454,0.0,0.0,0.0,2154.747557009138
2026-12-07,2593.0133038017734,1866.6277373630348,2412.362780069992,2593.0133038017734,2593.0133038017734,-456.49817202676314,-456.49817202676314,-456.49817202676314,-456.49817202676314,-456.49817202676314,-456.49817202676314,0.0,0.0,0.0,2136.51513177501
2026-12-08,2593.27030853876,1805.0601552130202,2397.5542180556317,2593.27030853876,2593.27030853876,-468.6147915314668,-468.6147915314668,-468.6147915314668,-468.6147915314668,-468.6147915314668,-468.6147915314668,0.0,0.0,0.0,2124.6555170072934
2026-12-09,2593.5273132757507,1860.077209918289,2414.932674892392,2593.5273125446633,2593.5273132757507,-474.28030351561995,-474.28030351561995,-474.28030351561995,-474.28030351561995,-474.28030351561995,-474.28030351561995,0.0,0.0,0.0,2119.247009760131
2026-12-10,2593.7843180127397,1842.1306366965923,2403.177176785417,2593.7843158194773,2593.7843180127397,-473.56639761365915,-473.56639761365915,-473.56639761365915,-473.56639761365915,-473.56639761365915,-473.56639761365915,0.0,0.0,0.0,2120.2179203990804
2026-12-11,2594.041322749728,1843.3647623095908,2415.4413030703595,2594.041319094291,2594.041322749728,-466.69003850035307,-466.69003850035307,-466.69003850035307,-466.69003850035307,-466.69003850035307,-466.69003850035307,0.0,0.0,0.0,2127.3512842493747
2026-12-12,2594.298327486717,1862.0681432578942,2414.5377906293265,2594.298322369105,2594.298327486717,-454.00490985675003,-454.00490985675003,-454.00490985675003,-454.00490985675003,-454.00490985675003,-454.00490985675003,0.0,0.0,0.0,2140.293417629967
2026-12-13,2594.555332223707,1878.5484889675263,2426.70168592825,2594.55532564392,2594.555332223707,-435.98928620346226,-435.98928620346226,-435.98928620346226,-435.98928620346226,-435.98928620346226,-435.98928620346226,0.0,0.0,0.0,2158.566046020245
2026-12-14,2594.8123369606938,1901.0142120804642,2458.3022730270905,2594.812328918732,2594.8123369606938,-413.2307036709814,-413.2307036709814,-413.2307036709814,-413.2307036709814,-413.2307036709814,-413.2307036709814,0.0,0.0,0.0,2181.5816332897125
2026-12-15,2595.069341697684,1927.1812240175984,2484.5050214892585,2595.0693321935473,2595.069341697684,-386.4078886476909,-386.4078886476909,-386.4078886476909,-386.4078886476909,-386.4078886476909,-386.4078886476909,0.0,0.0,0.0,2208.6614530499933
2026-12-16,2595.3263464346733,1961.267616595735,2518.0574251282605,2595.326335468362,2595.3263464346733,-356.2704776932678,-356.2704776932678,-356.2704776932678,-356.2704776932678,-356.2704776932678,-356.2704776932678,0.0,0.0,0.0,2239.0558687414054
2026-12-17,2595.58335117166,1995.5463149667955,2544.289944207001,2595.5833387431735,2595.58335117166,-323.6171210377654,-323.6171210377654,-323.6171210377654,-323.6171210377654,-323.6171210377654,-323.6171210377654,0.0,0.0,0.0,2271.966230133895
2026-12-18,2595.8403559086505,2024.203619736184,2622.766293979728,2595.839749868373,2595.8403559086505,-289.27260375931183,-289.27260375931183,-289.27260375931183,-289.27260375931183,-289.27260375931183,-289.27260375931183,0.0,0.0,0.0,2306.5677521493385
2026-12-19,2596.0973606456396,2066.4552105912267,2628.1148483939855,2596.09314053706,2596.0973606456396,-254.064642200741,-254.064642200741,-254.064642200741,-254.064642200741,-254.064642200741,-254.064642200741,0.0,0.0,0.0,2342.032718444899
2026-12-20,2596.3543653826273,2097.424175479574,2652.9703144382847,2596.347647488615,2596.3543653826273,-218.8010177341018,-218.8010177341018,-218.8010177341018,-218.8010177341018,-218.8010177341018,-218.8010177341018,0.0,0.0,0.0,2377.5533476485257
2026-12-21,2596.611370119617,2137.069625124757,2722.0803706731635,2596.6054194964577,2596.611370119617,-184.24769553980323,-184.24769553980323,-184.24769553980323,-184.24769553980323,-184.24769553980323,-184.24769553980323,0.0,0.0,0.0,2412.3636745798135
2026-12-22,2596.868374856607,2174.6570666197354,2734.6989596952476,2596.863683059766,2596.868374856607,-151.10854310547657,-151.10854310547657,-151.10854310547657,-151.10854310547657,-151.10854310547657,-151.10854310547657,0.0,0.0,0.0,2445.75983175113
2026-12-23,2597.1253795935936,2205.6463127919683,2761.0290821267904,2597.12194662307,2597.1253795935936,-120.00721268294554,-120.00721268294554,-120.00721268294554,-120.00721268294554,-120.00721268294554,-120.00721268294554,0.0,0.0,0.0,2477.118166910648
2026-12-24,2597.382384330584,2210.2455507002683,2768.380777490103,2597.379778118638,2597.382384330584,-91.47168547998162,-91.47168547998162,-91.47168547998162,-91.47168547998162,-91.47168547998162,-91.47168547998162,0.0,0.0,0.0,2505.9106988506023
2026-12-25,2597.639389067571,2258.461433306872,2812.614814417296,2597.6349066738694,2597.639389067571,-65.9218948719758,-65.9218948719758,-65.9218948719758,-65.9218948719758,-65.9218948719758,-65.9218948719758,0.0,0.0,0.0,2531.717494195595
2026-12-26,2597.8963938045613,2282.706240406369,2825.432345998678,2597.8900352291034,2597.8963938045613,-43.66075377289833,-43.66075377289833,-43.66075377289833,-43.66075377289833,-43.66075377289833,-43.66075377289833,0.0,0.0,0.0,2554.235640031663
2026-12-27,2598.1533985415504,2314.5897904854105,2852.2528233495814,2598.1451637843375,2598.1533985415504,-24.868810199305997,-24.868810199305997,-24.868810199305997,-24.868810199305997,-24.868810199305997,-24.868810199305997,0.0,0.0,0.0,2573.284588342244
2026-12-28,2598.410403278538,2305.9677018208713,2864.13685253318,2598.4002923395697,2598.410403278538,-9.602647956637325,-9.602647956637325,-9.602647956637325,-9.602647956637325,-9.602647956637325,-9.602647956637325,0.0,0.0,0.0,2588.807755321901
2026-12-29,2598.667408015527,2326.504778818807,2876.622300065252,2598.6504800718076,2598.667408015527,2.2029606124370376,2.2029606124370376,2.2029606124370376,2.2029606124370376,2.2029606124370376,2.2029606124370376,0.0,0.0,0.0,2600.870368627964
2026-12-30,2598.9244127525176,2335.9537924731003,2889.010595152201,2598.9045846794697,2598.9244127525176,10.729252555550474,10.729252555550474,10.729252555550474,10.729252555550474,10.729252555550474,10.729252555550474,0.0,0.0,0.0,2609.653665308068
2026-12-31,2599.1814174895044,2339.6355022262856,2909.0808973828634,2599.161494279462,2599.1814174895044,16.264231832145665,16.264231832145665,16.264231832145665,16.264231832145665,16.264231832145665,16.264231832145665,0.0,0.0,0.0,2615.44564932165
2027-01-01,2599.438422226495,2351.2634135910107,2900.006080291167,2599.418023292473,2599.438422226495,19.190294968227935,19.190294968227935,19.190294968227935,19.190294968227935,19.190294968227935,19.190294968227935,0.0,0.0,0.0,2618.628717194723
2027-01-02,2599.695426963484,2341.0884439659185,2916.4523941993334,2599.6671189670365,2599.695426963484,19.969123565868657,19.969123565868657,19.969123565868657,19.969123565868657,19.969123565868657,19.969123565868657,0.0,0.0,0.0,2619.6645505293527
2027-01-03,2599.9524317004716,2341.4095618926995,2894.668321262552,2599.9082440596426,2599.9524317004716,19.1243205446781,19.1243205446781,19.1243205446781,19.1243205446781,19.1243205446781,19.1243205446781,0.0,0.0,0.0,2619.0767522451497
2027-01-04,2600.2094364374607,2336.211830516318,2901.427978093212,2600.1617289411533,2600.2094364374607,17.222330876856557,17.222330876856557,17.222330876856557,17.222330876856557,17.222330876856557,17.222330876856557,0.0,0.0,0.0,2617.4317673143173
